INFO 2025-10-30 16:05:24,194 autoreload 31844 28952 Watching for file changes with StatReloader
INFO 2025-10-30 16:07:30,681 autoreload 12560 19112 Watching for file changes with StatReloader
INFO 2025-10-30 16:07:54,504 autoreload 31844 28952 C:\Users\Administrator\Desktop\GroupHub\backend\backend\settings.py changed, reloading.
INFO 2025-10-30 16:07:54,927 autoreload 12560 19112 C:\Users\Administrator\Desktop\GroupHub\backend\backend\settings.py changed, reloading.
INFO 2025-10-30 16:07:55,286 autoreload 19848 24404 Watching for file changes with StatReloader
INFO 2025-10-30 16:07:55,287 autoreload 32208 27924 Watching for file changes with StatReloader
INFO 2025-10-30 16:07:55,545 autoreload 15104 28056 Watching for file changes with StatReloader
INFO 2025-10-30 16:09:06,466 autoreload 22120 31152 Watching for file changes with StatReloader
INFO 2025-10-30 16:09:17,084 autoreload 19848 24404 C:\Users\Administrator\Desktop\GroupHub\backend\backend\settings.py changed, reloading.
INFO 2025-10-30 16:09:17,048 autoreload 22120 31152 C:\Users\Administrator\Desktop\GroupHub\backend\backend\settings.py changed, reloading.
INFO 2025-10-30 16:09:17,123 autoreload 15104 28056 C:\Users\Administrator\Desktop\GroupHub\backend\backend\settings.py changed, reloading.
INFO 2025-10-30 16:09:17,199 autoreload 32208 27924 C:\Users\Administrator\Desktop\GroupHub\backend\backend\settings.py changed, reloading.
INFO 2025-10-30 16:09:17,926 autoreload 30640 5112 Watching for file changes with StatReloader
INFO 2025-10-30 16:09:17,939 autoreload 32020 33936 Watching for file changes with StatReloader
INFO 2025-10-30 16:09:17,955 autoreload 10896 27372 Watching for file changes with StatReloader
INFO 2025-10-30 16:09:17,985 autoreload 15352 21952 Watching for file changes with StatReloader
INFO 2025-10-30 16:09:27,155 autoreload 16296 33728 Watching for file changes with StatReloader
INFO 2025-10-30 16:09:50,622 autoreload 9800 4868 Watching for file changes with StatReloader
INFO 2025-10-30 16:10:58,015 autoreload 34196 27316 Watching for file changes with StatReloader
INFO 2025-10-30 16:16:29,779 autoreload 10896 27372 C:\Users\Administrator\Desktop\GroupHub\backend\backend\settings.py changed, reloading.
INFO 2025-10-30 16:16:29,783 autoreload 30640 5112 C:\Users\Administrator\Desktop\GroupHub\backend\backend\settings.py changed, reloading.
INFO 2025-10-30 16:16:29,794 autoreload 15352 21952 C:\Users\Administrator\Desktop\GroupHub\backend\backend\settings.py changed, reloading.
INFO 2025-10-30 16:16:29,822 autoreload 32020 33936 C:\Users\Administrator\Desktop\GroupHub\backend\backend\settings.py changed, reloading.
INFO 2025-10-30 16:16:29,844 autoreload 9800 4868 C:\Users\Administrator\Desktop\GroupHub\backend\backend\settings.py changed, reloading.
INFO 2025-10-30 16:16:29,833 autoreload 16296 33728 C:\Users\Administrator\Desktop\GroupHub\backend\backend\settings.py changed, reloading.
INFO 2025-10-30 16:16:29,853 autoreload 34196 27316 C:\Users\Administrator\Desktop\GroupHub\backend\backend\settings.py changed, reloading.
INFO 2025-10-30 16:16:31,029 autoreload 11688 23656 Watching for file changes with StatReloader
INFO 2025-10-30 16:16:31,036 autoreload 23544 24508 Watching for file changes with StatReloader
INFO 2025-10-30 16:16:31,056 autoreload 14796 32624 Watching for file changes with StatReloader
INFO 2025-10-30 16:16:31,059 autoreload 5788 6632 Watching for file changes with StatReloader
INFO 2025-10-30 16:16:31,077 autoreload 23928 13092 Watching for file changes with StatReloader
INFO 2025-10-30 16:16:31,095 autoreload 28256 29092 Watching for file changes with StatReloader
INFO 2025-10-30 16:17:07,992 autoreload 27252 26844 Watching for file changes with StatReloader
INFO 2025-10-30 16:17:59,422 autoreload 14796 32624 C:\Users\Administrator\Desktop\GroupHub\backend\backend\settings.py changed, reloading.
INFO 2025-10-30 16:17:59,424 autoreload 23544 24508 C:\Users\Administrator\Desktop\GroupHub\backend\backend\settings.py changed, reloading.
INFO 2025-10-30 16:17:59,440 autoreload 5788 6632 C:\Users\Administrator\Desktop\GroupHub\backend\backend\settings.py changed, reloading.
INFO 2025-10-30 16:17:59,589 autoreload 11688 23656 C:\Users\Administrator\Desktop\GroupHub\backend\backend\settings.py changed, reloading.
INFO 2025-10-30 16:17:59,630 autoreload 28256 29092 C:\Users\Administrator\Desktop\GroupHub\backend\backend\settings.py changed, reloading.
INFO 2025-10-30 16:17:59,644 autoreload 23928 13092 C:\Users\Administrator\Desktop\GroupHub\backend\backend\settings.py changed, reloading.
INFO 2025-10-30 16:17:59,681 autoreload 27252 26844 C:\Users\Administrator\Desktop\GroupHub\backend\backend\settings.py changed, reloading.
INFO 2025-10-30 16:17:59,686 autoreload 22044 23104 C:\Users\Administrator\Desktop\GroupHub\backend\backend\settings.py changed, reloading.
INFO 2025-10-30 16:18:01,778 autoreload 2280 9616 Watching for file changes with StatReloader
INFO 2025-10-30 16:18:01,806 autoreload 27444 19484 Watching for file changes with StatReloader
INFO 2025-10-30 16:18:01,807 autoreload 25424 2476 Watching for file changes with StatReloader
INFO 2025-10-30 16:18:01,820 autoreload 19812 4016 Watching for file changes with StatReloader
INFO 2025-10-30 16:18:01,829 autoreload 31192 23528 Watching for file changes with StatReloader
INFO 2025-10-30 16:18:01,992 autoreload 3940 32144 Watching for file changes with StatReloader
INFO 2025-10-30 16:18:02,327 autoreload 21952 22940 Watching for file changes with StatReloader
INFO 2025-10-30 16:18:02,339 autoreload 5460 17928 Watching for file changes with StatReloader
INFO 2025-10-30 16:18:10,092 autoreload 35556 23000 Watching for file changes with StatReloader
INFO 2025-10-30 16:18:16,385 autoreload 5460 17928 C:\Users\Administrator\Desktop\GroupHub\backend\backend\settings.py changed, reloading.
INFO 2025-10-30 16:18:16,615 autoreload 35556 23000 C:\Users\Administrator\Desktop\GroupHub\backend\backend\settings.py changed, reloading.
INFO 2025-10-30 16:18:16,976 autoreload 2280 9616 C:\Users\Administrator\Desktop\GroupHub\backend\backend\settings.py changed, reloading.
INFO 2025-10-30 16:18:17,033 autoreload 27444 19484 C:\Users\Administrator\Desktop\GroupHub\backend\backend\settings.py changed, reloading.
INFO 2025-10-30 16:18:17,042 autoreload 19812 4016 C:\Users\Administrator\Desktop\GroupHub\backend\backend\settings.py changed, reloading.
INFO 2025-10-30 16:18:17,377 autoreload 31192 23528 C:\Users\Administrator\Desktop\GroupHub\backend\backend\settings.py changed, reloading.
INFO 2025-10-30 16:18:17,402 autoreload 3940 32144 C:\Users\Administrator\Desktop\GroupHub\backend\backend\settings.py changed, reloading.
INFO 2025-10-30 16:18:17,441 autoreload 25424 2476 C:\Users\Administrator\Desktop\GroupHub\backend\backend\settings.py changed, reloading.
INFO 2025-10-30 16:18:17,470 autoreload 21952 22940 C:\Users\Administrator\Desktop\GroupHub\backend\backend\settings.py changed, reloading.
INFO 2025-10-30 16:18:18,118 autoreload 18712 9608 Watching for file changes with StatReloader
INFO 2025-10-30 16:18:18,282 autoreload 9892 23812 Watching for file changes with StatReloader
INFO 2025-10-30 16:18:18,626 autoreload 27644 17036 Watching for file changes with StatReloader
INFO 2025-10-30 16:18:18,732 autoreload 16524 22756 Watching for file changes with StatReloader
INFO 2025-10-30 16:18:18,743 autoreload 18628 33288 Watching for file changes with StatReloader
INFO 2025-10-30 16:18:19,064 autoreload 19820 23356 Watching for file changes with StatReloader
INFO 2025-10-30 16:18:19,065 autoreload 19004 16856 Watching for file changes with StatReloader
INFO 2025-10-30 16:18:19,114 autoreload 8212 8252 Watching for file changes with StatReloader
INFO 2025-10-30 16:18:19,119 autoreload 17420 13860 Watching for file changes with StatReloader
INFO 2025-10-30 16:18:27,573 autoreload 19496 6740 Watching for file changes with StatReloader
INFO 2025-10-30 16:18:40,460 autoreload 18628 33288 C:\Users\Administrator\Desktop\GroupHub\backend\backend\settings.py changed, reloading.
INFO 2025-10-30 16:18:40,495 autoreload 27644 17036 C:\Users\Administrator\Desktop\GroupHub\backend\backend\settings.py changed, reloading.
INFO 2025-10-30 16:18:40,513 autoreload 17420 13860 C:\Users\Administrator\Desktop\GroupHub\backend\backend\settings.py changed, reloading.
INFO 2025-10-30 16:18:40,529 autoreload 16524 22756 C:\Users\Administrator\Desktop\GroupHub\backend\backend\settings.py changed, reloading.
INFO 2025-10-30 16:18:40,555 autoreload 8212 8252 C:\Users\Administrator\Desktop\GroupHub\backend\backend\settings.py changed, reloading.
INFO 2025-10-30 16:18:40,565 autoreload 19820 23356 C:\Users\Administrator\Desktop\GroupHub\backend\backend\settings.py changed, reloading.
INFO 2025-10-30 16:18:40,607 autoreload 19004 16856 C:\Users\Administrator\Desktop\GroupHub\backend\backend\settings.py changed, reloading.
INFO 2025-10-30 16:18:40,669 autoreload 18712 9608 C:\Users\Administrator\Desktop\GroupHub\backend\backend\settings.py changed, reloading.
INFO 2025-10-30 16:18:40,720 autoreload 19496 6740 C:\Users\Administrator\Desktop\GroupHub\backend\backend\settings.py changed, reloading.
INFO 2025-10-30 16:18:40,770 autoreload 9892 23812 C:\Users\Administrator\Desktop\GroupHub\backend\backend\settings.py changed, reloading.
INFO 2025-10-30 16:18:42,379 autoreload 21520 30400 Watching for file changes with StatReloader
INFO 2025-10-30 16:18:42,396 autoreload 13460 31200 Watching for file changes with StatReloader
INFO 2025-10-30 16:18:42,415 autoreload 10048 32368 Watching for file changes with StatReloader
INFO 2025-10-30 16:18:42,472 autoreload 8184 30804 Watching for file changes with StatReloader
INFO 2025-10-30 16:18:42,554 autoreload 26764 6124 Watching for file changes with StatReloader
INFO 2025-10-30 16:18:42,584 autoreload 21452 25688 Watching for file changes with StatReloader
INFO 2025-10-30 16:18:42,588 autoreload 12128 5992 Watching for file changes with StatReloader
INFO 2025-10-30 16:18:42,768 autoreload 31268 23320 Watching for file changes with StatReloader
INFO 2025-10-30 16:18:42,769 autoreload 31304 24584 Watching for file changes with StatReloader
INFO 2025-10-30 16:18:43,055 autoreload 32756 5632 Watching for file changes with StatReloader
INFO 2025-10-30 16:19:15,487 autoreload 14108 12812 Watching for file changes with StatReloader
INFO 2025-10-30 16:22:35,648 autoreload 12316 21524 Watching for file changes with StatReloader
INFO 2025-10-30 16:23:15,774 autoreload 22940 31976 Watching for file changes with StatReloader
WARNING 2025-10-30 16:23:45,657 log 12316 19424 Not Found: /
WARNING 2025-10-30 16:23:45,658 basehttp 12316 19424 "GET / HTTP/1.1" 404 2314
WARNING 2025-10-30 16:23:45,722 log 12316 19424 Not Found: /favicon.ico
WARNING 2025-10-30 16:23:45,723 basehttp 12316 19424 "GET /favicon.ico HTTP/1.1" 404 2365
INFO 2025-10-30 16:25:17,107 basehttp 12316 7568 "OPTIONS /api/accounts/login/ HTTP/1.1" 200 0
INFO 2025-10-30 16:25:20,519 autoreload 26764 6124 C:\Users\Administrator\Desktop\GroupHub\backend\backend\settings.py changed, reloading.
INFO 2025-10-30 16:25:20,561 autoreload 8184 30804 C:\Users\Administrator\Desktop\GroupHub\backend\backend\settings.py changed, reloading.
INFO 2025-10-30 16:25:20,562 autoreload 32756 5632 C:\Users\Administrator\Desktop\GroupHub\backend\backend\settings.py changed, reloading.
INFO 2025-10-30 16:25:20,579 autoreload 31268 23320 C:\Users\Administrator\Desktop\GroupHub\backend\backend\settings.py changed, reloading.
INFO 2025-10-30 16:25:20,580 autoreload 31304 24584 C:\Users\Administrator\Desktop\GroupHub\backend\backend\settings.py changed, reloading.
INFO 2025-10-30 16:25:20,619 autoreload 21520 30400 C:\Users\Administrator\Desktop\GroupHub\backend\backend\settings.py changed, reloading.
INFO 2025-10-30 16:25:20,622 autoreload 12316 21524 C:\Users\Administrator\Desktop\GroupHub\backend\backend\settings.py changed, reloading.
INFO 2025-10-30 16:25:20,588 autoreload 12128 5992 C:\Users\Administrator\Desktop\GroupHub\backend\backend\settings.py changed, reloading.
INFO 2025-10-30 16:25:20,590 autoreload 10048 32368 C:\Users\Administrator\Desktop\GroupHub\backend\backend\settings.py changed, reloading.
INFO 2025-10-30 16:25:20,636 autoreload 22940 31976 C:\Users\Administrator\Desktop\GroupHub\backend\backend\settings.py changed, reloading.
INFO 2025-10-30 16:25:20,753 autoreload 21452 25688 C:\Users\Administrator\Desktop\GroupHub\backend\backend\settings.py changed, reloading.
INFO 2025-10-30 16:25:22,674 autoreload 28264 26852 Watching for file changes with StatReloader
INFO 2025-10-30 16:25:22,678 autoreload 24880 31720 Watching for file changes with StatReloader
INFO 2025-10-30 16:25:22,693 autoreload 30552 23712 Watching for file changes with StatReloader
INFO 2025-10-30 16:25:22,701 autoreload 34372 25024 Watching for file changes with StatReloader
INFO 2025-10-30 16:25:22,818 autoreload 35520 22560 Watching for file changes with StatReloader
INFO 2025-10-30 16:25:22,819 autoreload 23272 1596 Watching for file changes with StatReloader
INFO 2025-10-30 16:25:22,822 autoreload 34080 21264 Watching for file changes with StatReloader
INFO 2025-10-30 16:25:23,025 autoreload 9380 35516 Watching for file changes with StatReloader
INFO 2025-10-30 16:25:23,026 autoreload 24644 21864 Watching for file changes with StatReloader
INFO 2025-10-30 16:25:23,039 autoreload 12400 3040 Watching for file changes with StatReloader
INFO 2025-10-30 16:49:24,184 autoreload 34080 21264 C:\Users\Administrator\Desktop\GroupHub\backend\backend\settings.py changed, reloading.
INFO 2025-10-30 16:49:24,204 autoreload 9380 35516 C:\Users\Administrator\Desktop\GroupHub\backend\backend\settings.py changed, reloading.
INFO 2025-10-30 16:49:24,272 autoreload 35520 22560 C:\Users\Administrator\Desktop\GroupHub\backend\backend\settings.py changed, reloading.
INFO 2025-10-30 16:49:24,285 autoreload 23272 1596 C:\Users\Administrator\Desktop\GroupHub\backend\backend\settings.py changed, reloading.
INFO 2025-10-30 16:49:24,447 autoreload 12400 3040 C:\Users\Administrator\Desktop\GroupHub\backend\backend\settings.py changed, reloading.
INFO 2025-10-30 16:49:24,452 autoreload 24644 21864 C:\Users\Administrator\Desktop\GroupHub\backend\backend\settings.py changed, reloading.
INFO 2025-10-30 16:49:24,508 autoreload 30552 23712 C:\Users\Administrator\Desktop\GroupHub\backend\backend\settings.py changed, reloading.
INFO 2025-10-30 16:49:24,518 autoreload 32584 33064 C:\Users\Administrator\Desktop\GroupHub\backend\backend\settings.py changed, reloading.
INFO 2025-10-30 16:49:24,637 autoreload 28264 26852 C:\Users\Administrator\Desktop\GroupHub\backend\backend\settings.py changed, reloading.
INFO 2025-10-30 16:49:24,611 autoreload 34372 25024 C:\Users\Administrator\Desktop\GroupHub\backend\backend\settings.py changed, reloading.
INFO 2025-10-30 16:49:24,690 autoreload 24880 31720 C:\Users\Administrator\Desktop\GroupHub\backend\backend\settings.py changed, reloading.
INFO 2025-10-30 16:49:28,543 autoreload 19092 34652 Watching for file changes with StatReloader
INFO 2025-10-30 16:49:28,768 autoreload 30684 33724 Watching for file changes with StatReloader
INFO 2025-10-30 16:49:29,318 autoreload 29232 23348 Watching for file changes with StatReloader
INFO 2025-10-30 16:49:29,344 autoreload 23816 11784 Watching for file changes with StatReloader
INFO 2025-10-30 16:49:29,513 autoreload 8608 27936 Watching for file changes with StatReloader
INFO 2025-10-30 16:49:29,526 autoreload 27420 27924 Watching for file changes with StatReloader
INFO 2025-10-30 16:49:29,555 autoreload 9616 1732 Watching for file changes with StatReloader
INFO 2025-10-30 16:49:29,731 autoreload 22324 35152 Watching for file changes with StatReloader
INFO 2025-10-30 16:49:29,941 autoreload 13224 15116 Watching for file changes with StatReloader
INFO 2025-10-30 16:49:29,951 autoreload 2408 23928 Watching for file changes with StatReloader
INFO 2025-10-30 16:49:30,223 autoreload 24756 3876 Watching for file changes with StatReloader
INFO 2025-10-30 16:49:33,648 autoreload 27420 27924 C:\Users\Administrator\Desktop\GroupHub\backend\backend\settings.py changed, reloading.
INFO 2025-10-30 16:49:33,797 autoreload 30684 33724 C:\Users\Administrator\Desktop\GroupHub\backend\backend\settings.py changed, reloading.
INFO 2025-10-30 16:49:33,853 autoreload 19092 34652 C:\Users\Administrator\Desktop\GroupHub\backend\backend\settings.py changed, reloading.
INFO 2025-10-30 16:49:33,865 autoreload 22324 35152 C:\Users\Administrator\Desktop\GroupHub\backend\backend\settings.py changed, reloading.
INFO 2025-10-30 16:49:33,887 autoreload 2408 23928 C:\Users\Administrator\Desktop\GroupHub\backend\backend\settings.py changed, reloading.
INFO 2025-10-30 16:49:33,931 autoreload 13224 15116 C:\Users\Administrator\Desktop\GroupHub\backend\backend\settings.py changed, reloading.
INFO 2025-10-30 16:49:33,986 autoreload 24756 3876 C:\Users\Administrator\Desktop\GroupHub\backend\backend\settings.py changed, reloading.
INFO 2025-10-30 16:49:34,046 autoreload 9616 1732 C:\Users\Administrator\Desktop\GroupHub\backend\backend\settings.py changed, reloading.
INFO 2025-10-30 16:49:34,053 autoreload 29232 23348 C:\Users\Administrator\Desktop\GroupHub\backend\backend\settings.py changed, reloading.
INFO 2025-10-30 16:49:34,173 autoreload 8608 27936 C:\Users\Administrator\Desktop\GroupHub\backend\backend\settings.py changed, reloading.
INFO 2025-10-30 16:49:34,215 autoreload 23816 11784 C:\Users\Administrator\Desktop\GroupHub\backend\backend\settings.py changed, reloading.
INFO 2025-10-30 16:49:36,552 autoreload 30792 23336 Watching for file changes with StatReloader
INFO 2025-10-30 16:49:36,578 autoreload 30788 29272 Watching for file changes with StatReloader
INFO 2025-10-30 16:49:36,633 autoreload 30324 21792 Watching for file changes with StatReloader
INFO 2025-10-30 16:49:36,687 autoreload 33072 5580 Watching for file changes with StatReloader
INFO 2025-10-30 16:49:36,745 autoreload 27008 15280 Watching for file changes with StatReloader
INFO 2025-10-30 16:49:36,760 autoreload 22912 8212 Watching for file changes with StatReloader
INFO 2025-10-30 16:49:36,828 autoreload 30368 28364 Watching for file changes with StatReloader
INFO 2025-10-30 16:49:36,861 autoreload 18712 5836 Watching for file changes with StatReloader
INFO 2025-10-30 16:49:37,043 autoreload 23084 9728 Watching for file changes with StatReloader
INFO 2025-10-30 16:49:37,062 autoreload 26512 32272 Watching for file changes with StatReloader
INFO 2025-10-30 16:49:37,172 autoreload 12388 23728 Watching for file changes with StatReloader
INFO 2025-10-30 16:56:53,780 autoreload 8064 28384 Watching for file changes with StatReloader
INFO 2025-10-30 16:59:01,746 autoreload 27008 15280 C:\Users\Administrator\Desktop\GroupHub\backend\backend\settings.py changed, reloading.
INFO 2025-10-30 16:59:02,320 autoreload 26512 32272 C:\Users\Administrator\Desktop\GroupHub\backend\backend\settings.py changed, reloading.
INFO 2025-10-30 16:59:02,325 autoreload 23084 9728 C:\Users\Administrator\Desktop\GroupHub\backend\backend\settings.py changed, reloading.
INFO 2025-10-30 16:59:02,328 autoreload 33072 5580 C:\Users\Administrator\Desktop\GroupHub\backend\backend\settings.py changed, reloading.
INFO 2025-10-30 16:59:02,365 autoreload 30792 23336 C:\Users\Administrator\Desktop\GroupHub\backend\backend\settings.py changed, reloading.
INFO 2025-10-30 16:59:02,367 autoreload 30368 28364 C:\Users\Administrator\Desktop\GroupHub\backend\backend\settings.py changed, reloading.
INFO 2025-10-30 16:59:02,818 autoreload 30324 21792 C:\Users\Administrator\Desktop\GroupHub\backend\backend\settings.py changed, reloading.
INFO 2025-10-30 16:59:02,826 autoreload 18712 5836 C:\Users\Administrator\Desktop\GroupHub\backend\backend\settings.py changed, reloading.
INFO 2025-10-30 16:59:02,849 autoreload 30788 29272 C:\Users\Administrator\Desktop\GroupHub\backend\backend\settings.py changed, reloading.
INFO 2025-10-30 16:59:02,860 autoreload 12388 23728 C:\Users\Administrator\Desktop\GroupHub\backend\backend\settings.py changed, reloading.
INFO 2025-10-30 16:59:03,733 autoreload 6740 19132 Watching for file changes with StatReloader
INFO 2025-10-30 16:59:04,213 autoreload 34820 12044 Watching for file changes with StatReloader
INFO 2025-10-30 16:59:04,263 autoreload 4384 25064 Watching for file changes with StatReloader
INFO 2025-10-30 16:59:04,272 autoreload 29380 10724 Watching for file changes with StatReloader
INFO 2025-10-30 16:59:04,274 autoreload 30684 26744 Watching for file changes with StatReloader
INFO 2025-10-30 16:59:04,600 autoreload 32256 12724 Watching for file changes with StatReloader
INFO 2025-10-30 16:59:04,765 autoreload 33232 11896 Watching for file changes with StatReloader
INFO 2025-10-30 16:59:04,878 autoreload 4624 16756 Watching for file changes with StatReloader
INFO 2025-10-30 16:59:04,909 autoreload 676 26044 Watching for file changes with StatReloader
INFO 2025-10-30 16:59:04,995 autoreload 24832 18328 Watching for file changes with StatReloader
INFO 2025-10-30 16:59:39,559 autoreload 10016 4312 Watching for file changes with StatReloader
INFO 2025-10-30 17:00:35,489 basehttp 10016 27756 "OPTIONS /api/accounts/jwt/login/ HTTP/1.1" 200 0
INFO 2025-10-30 17:02:19,004 autoreload 29380 10724 C:\Users\Administrator\Desktop\GroupHub\backend\backend\settings.py changed, reloading.
INFO 2025-10-30 17:02:19,041 autoreload 32256 12724 C:\Users\Administrator\Desktop\GroupHub\backend\backend\settings.py changed, reloading.
INFO 2025-10-30 17:02:19,047 autoreload 6740 19132 C:\Users\Administrator\Desktop\GroupHub\backend\backend\settings.py changed, reloading.
INFO 2025-10-30 17:02:19,058 autoreload 30684 26744 C:\Users\Administrator\Desktop\GroupHub\backend\backend\settings.py changed, reloading.
INFO 2025-10-30 17:02:19,062 autoreload 33232 11896 C:\Users\Administrator\Desktop\GroupHub\backend\backend\settings.py changed, reloading.
INFO 2025-10-30 17:02:19,322 autoreload 4624 16756 C:\Users\Administrator\Desktop\GroupHub\backend\backend\settings.py changed, reloading.
INFO 2025-10-30 17:02:19,330 autoreload 4384 25064 C:\Users\Administrator\Desktop\GroupHub\backend\backend\settings.py changed, reloading.
INFO 2025-10-30 17:02:19,355 autoreload 24832 18328 C:\Users\Administrator\Desktop\GroupHub\backend\backend\settings.py changed, reloading.
INFO 2025-10-30 17:02:19,387 autoreload 676 26044 C:\Users\Administrator\Desktop\GroupHub\backend\backend\settings.py changed, reloading.
INFO 2025-10-30 17:02:19,396 autoreload 34820 12044 C:\Users\Administrator\Desktop\GroupHub\backend\backend\settings.py changed, reloading.
INFO 2025-10-30 17:02:20,914 autoreload 10172 24188 Watching for file changes with StatReloader
INFO 2025-10-30 17:02:20,976 autoreload 23132 19848 Watching for file changes with StatReloader
INFO 2025-10-30 17:02:20,980 autoreload 33636 30848 Watching for file changes with StatReloader
INFO 2025-10-30 17:02:21,106 autoreload 9912 9580 Watching for file changes with StatReloader
INFO 2025-10-30 17:02:21,129 autoreload 34752 28420 Watching for file changes with StatReloader
INFO 2025-10-30 17:02:21,143 autoreload 30920 30200 Watching for file changes with StatReloader
INFO 2025-10-30 17:02:21,334 autoreload 10968 9900 Watching for file changes with StatReloader
INFO 2025-10-30 17:02:21,342 autoreload 22028 17548 Watching for file changes with StatReloader
INFO 2025-10-30 17:02:21,346 autoreload 21320 25476 Watching for file changes with StatReloader
INFO 2025-10-30 17:02:21,563 autoreload 35316 16056 Watching for file changes with StatReloader
INFO 2025-10-30 17:02:37,417 autoreload 33064 28936 Watching for file changes with StatReloader
INFO 2025-10-30 17:02:47,415 autoreload 30920 30200 C:\Users\Administrator\Desktop\GroupHub\backend\backend\settings.py changed, reloading.
INFO 2025-10-30 17:02:47,442 autoreload 35316 16056 C:\Users\Administrator\Desktop\GroupHub\backend\backend\settings.py changed, reloading.
INFO 2025-10-30 17:02:47,442 autoreload 10968 9900 C:\Users\Administrator\Desktop\GroupHub\backend\backend\settings.py changed, reloading.
INFO 2025-10-30 17:02:47,443 autoreload 34752 28420 C:\Users\Administrator\Desktop\GroupHub\backend\backend\settings.py changed, reloading.
INFO 2025-10-30 17:02:47,462 autoreload 22028 17548 C:\Users\Administrator\Desktop\GroupHub\backend\backend\settings.py changed, reloading.
INFO 2025-10-30 17:02:47,646 autoreload 10172 24188 C:\Users\Administrator\Desktop\GroupHub\backend\backend\settings.py changed, reloading.
INFO 2025-10-30 17:02:47,675 autoreload 33064 28936 C:\Users\Administrator\Desktop\GroupHub\backend\backend\settings.py changed, reloading.
INFO 2025-10-30 17:02:48,291 autoreload 23132 19848 C:\Users\Administrator\Desktop\GroupHub\backend\backend\settings.py changed, reloading.
INFO 2025-10-30 17:02:48,352 autoreload 21320 25476 C:\Users\Administrator\Desktop\GroupHub\backend\backend\settings.py changed, reloading.
INFO 2025-10-30 17:02:48,357 autoreload 33636 30848 C:\Users\Administrator\Desktop\GroupHub\backend\backend\settings.py changed, reloading.
INFO 2025-10-30 17:02:48,650 autoreload 9912 9580 C:\Users\Administrator\Desktop\GroupHub\backend\backend\settings.py changed, reloading.
INFO 2025-10-30 17:02:50,111 autoreload 18324 3184 Watching for file changes with StatReloader
INFO 2025-10-30 17:02:50,163 autoreload 30056 30188 Watching for file changes with StatReloader
INFO 2025-10-30 17:02:50,279 autoreload 3220 15208 Watching for file changes with StatReloader
INFO 2025-10-30 17:02:50,286 autoreload 5836 30324 Watching for file changes with StatReloader
INFO 2025-10-30 17:02:50,297 autoreload 304 21792 Watching for file changes with StatReloader
INFO 2025-10-30 17:02:50,478 autoreload 23316 35064 Watching for file changes with StatReloader
INFO 2025-10-30 17:02:50,671 autoreload 30436 4300 Watching for file changes with StatReloader
INFO 2025-10-30 17:02:50,882 autoreload 30860 24852 Watching for file changes with StatReloader
INFO 2025-10-30 17:02:50,957 autoreload 9964 24032 Watching for file changes with StatReloader
INFO 2025-10-30 17:02:51,148 autoreload 28236 29188 Watching for file changes with StatReloader
INFO 2025-10-30 17:02:51,191 autoreload 31056 31620 Watching for file changes with StatReloader
INFO 2025-10-30 17:04:06,359 autoreload 304 21792 C:\Users\Administrator\Desktop\GroupHub\backend\backend\settings.py changed, reloading.
INFO 2025-10-30 17:04:06,598 autoreload 30436 4300 C:\Users\Administrator\Desktop\GroupHub\backend\backend\settings.py changed, reloading.
INFO 2025-10-30 17:04:06,789 autoreload 30056 30188 C:\Users\Administrator\Desktop\GroupHub\backend\backend\settings.py changed, reloading.
INFO 2025-10-30 17:04:06,832 autoreload 5836 30324 C:\Users\Administrator\Desktop\GroupHub\backend\backend\settings.py changed, reloading.
INFO 2025-10-30 17:04:06,998 autoreload 23316 35064 C:\Users\Administrator\Desktop\GroupHub\backend\backend\settings.py changed, reloading.
INFO 2025-10-30 17:04:07,117 autoreload 3220 15208 C:\Users\Administrator\Desktop\GroupHub\backend\backend\settings.py changed, reloading.
INFO 2025-10-30 17:04:07,271 autoreload 18324 3184 C:\Users\Administrator\Desktop\GroupHub\backend\backend\settings.py changed, reloading.
INFO 2025-10-30 17:04:07,605 autoreload 9964 24032 C:\Users\Administrator\Desktop\GroupHub\backend\backend\settings.py changed, reloading.
INFO 2025-10-30 17:04:07,908 autoreload 30860 24852 C:\Users\Administrator\Desktop\GroupHub\backend\backend\settings.py changed, reloading.
INFO 2025-10-30 17:04:07,949 autoreload 31056 31620 C:\Users\Administrator\Desktop\GroupHub\backend\backend\settings.py changed, reloading.
INFO 2025-10-30 17:04:20,668 autoreload 10688 29828 Watching for file changes with StatReloader
INFO 2025-10-30 17:04:22,811 autoreload 4648 34068 Watching for file changes with StatReloader
INFO 2025-10-30 17:04:23,335 autoreload 7396 23752 Watching for file changes with StatReloader
INFO 2025-10-30 17:04:23,519 autoreload 7352 9660 Watching for file changes with StatReloader
INFO 2025-10-30 19:02:44,801 autoreload 30228 1124 Watching for file changes with StatReloader
INFO 2025-10-30 19:02:45,426 autoreload 26000 6052 Watching for file changes with StatReloader
INFO 2025-10-30 19:02:46,015 autoreload 26220 32544 Watching for file changes with StatReloader
INFO 2025-10-30 19:02:47,032 autoreload 25116 23720 Watching for file changes with StatReloader
INFO 2025-10-30 19:02:48,096 autoreload 4312 21864 Watching for file changes with StatReloader
INFO 2025-10-30 19:02:50,160 autoreload 31548 24804 Watching for file changes with StatReloader
INFO 2025-10-30 19:02:52,506 autoreload 26004 27756 Watching for file changes with StatReloader
INFO 2025-10-31 08:17:37,088 basehttp 10688 17428 "OPTIONS /api/accounts/jwt/login/ HTTP/1.1" 200 0
WARNING 2025-10-31 08:17:37,194 log 10688 17428 Not Found: /api/accounts/jwt/login/
WARNING 2025-10-31 08:17:37,197 basehttp 10688 17428 "POST /api/accounts/jwt/login/ HTTP/1.1" 404 3318
INFO 2025-10-31 08:19:53,581 autoreload 7396 23752 C:\Users\Administrator\Desktop\GroupHub\backend\backend\settings.py changed, reloading.
INFO 2025-10-31 08:19:53,622 autoreload 26000 6052 C:\Users\Administrator\Desktop\GroupHub\backend\backend\settings.py changed, reloading.
INFO 2025-10-31 08:19:53,686 autoreload 26220 32544 C:\Users\Administrator\Desktop\GroupHub\backend\backend\settings.py changed, reloading.
INFO 2025-10-31 08:19:53,693 autoreload 4648 34068 C:\Users\Administrator\Desktop\GroupHub\backend\backend\settings.py changed, reloading.
INFO 2025-10-31 08:19:53,709 autoreload 7352 9660 C:\Users\Administrator\Desktop\GroupHub\backend\backend\settings.py changed, reloading.
INFO 2025-10-31 08:19:53,737 autoreload 10688 29828 C:\Users\Administrator\Desktop\GroupHub\backend\backend\settings.py changed, reloading.
INFO 2025-10-31 08:19:53,696 autoreload 4312 21864 C:\Users\Administrator\Desktop\GroupHub\backend\backend\settings.py changed, reloading.
INFO 2025-10-31 08:19:53,739 autoreload 30228 1124 C:\Users\Administrator\Desktop\GroupHub\backend\backend\settings.py changed, reloading.
INFO 2025-10-31 08:19:53,757 autoreload 31548 24804 C:\Users\Administrator\Desktop\GroupHub\backend\backend\settings.py changed, reloading.
INFO 2025-10-31 08:19:53,800 autoreload 25116 23720 C:\Users\Administrator\Desktop\GroupHub\backend\backend\settings.py changed, reloading.
INFO 2025-10-31 08:19:53,852 autoreload 26004 27756 C:\Users\Administrator\Desktop\GroupHub\backend\backend\settings.py changed, reloading.
INFO 2025-10-31 08:19:56,846 autoreload 7248 26744 Watching for file changes with StatReloader
INFO 2025-10-31 08:19:57,328 autoreload 14108 29496 Watching for file changes with StatReloader
INFO 2025-10-31 08:19:57,325 autoreload 15280 22204 Watching for file changes with StatReloader
INFO 2025-10-31 08:19:57,348 autoreload 35948 28864 Watching for file changes with StatReloader
INFO 2025-10-31 08:19:57,456 autoreload 676 22296 Watching for file changes with StatReloader
INFO 2025-10-31 08:19:57,491 autoreload 29516 7700 Watching for file changes with StatReloader
INFO 2025-10-31 08:19:57,759 autoreload 23536 3220 Watching for file changes with StatReloader
INFO 2025-10-31 08:19:57,801 autoreload 36812 7768 Watching for file changes with StatReloader
INFO 2025-10-31 08:19:57,994 autoreload 35780 3760 Watching for file changes with StatReloader
INFO 2025-10-31 08:19:57,998 autoreload 25240 35064 Watching for file changes with StatReloader
INFO 2025-10-31 08:19:58,157 autoreload 37224 37032 Watching for file changes with StatReloader
INFO 2025-10-31 08:20:19,136 autoreload 33788 29548 Watching for file changes with StatReloader
WARNING 2025-10-31 08:21:32,919 log 7248 6900 Not Found: /api/accounts/jwt/login/
WARNING 2025-10-31 08:21:32,922 basehttp 7248 6900 "POST /api/accounts/jwt/login/ HTTP/1.1" 404 3318
WARNING 2025-10-31 08:23:25,919 log 7248 11896 Not Found: /api/accounts/jwt/login/
WARNING 2025-10-31 08:23:25,920 basehttp 7248 11896 "POST /api/accounts/jwt/login/ HTTP/1.1" 404 3318
INFO 2025-10-31 08:23:46,517 autoreload 37224 37032 C:\Users\Administrator\Desktop\GroupHub\backend\accounts\urls.py changed, reloading.
INFO 2025-10-31 08:23:46,571 autoreload 15280 22204 C:\Users\Administrator\Desktop\GroupHub\backend\accounts\urls.py changed, reloading.
INFO 2025-10-31 08:23:46,584 autoreload 14108 29496 C:\Users\Administrator\Desktop\GroupHub\backend\accounts\urls.py changed, reloading.
INFO 2025-10-31 08:23:46,684 autoreload 7248 26744 C:\Users\Administrator\Desktop\GroupHub\backend\accounts\urls.py changed, reloading.
INFO 2025-10-31 08:23:46,796 autoreload 676 22296 C:\Users\Administrator\Desktop\GroupHub\backend\accounts\urls.py changed, reloading.
INFO 2025-10-31 08:23:46,890 autoreload 35948 28864 C:\Users\Administrator\Desktop\GroupHub\backend\accounts\urls.py changed, reloading.
INFO 2025-10-31 08:23:47,054 autoreload 23536 3220 C:\Users\Administrator\Desktop\GroupHub\backend\accounts\urls.py changed, reloading.
INFO 2025-10-31 08:23:47,076 autoreload 25240 35064 C:\Users\Administrator\Desktop\GroupHub\backend\accounts\urls.py changed, reloading.
INFO 2025-10-31 08:23:47,191 autoreload 33788 29548 C:\Users\Administrator\Desktop\GroupHub\backend\accounts\urls.py changed, reloading.
INFO 2025-10-31 08:23:47,248 autoreload 29516 7700 C:\Users\Administrator\Desktop\GroupHub\backend\accounts\urls.py changed, reloading.
INFO 2025-10-31 08:23:47,303 autoreload 36812 7768 C:\Users\Administrator\Desktop\GroupHub\backend\accounts\urls.py changed, reloading.
INFO 2025-10-31 08:23:47,560 autoreload 35780 3760 C:\Users\Administrator\Desktop\GroupHub\backend\accounts\urls.py changed, reloading.
INFO 2025-10-31 08:23:49,135 autoreload 29564 32204 Watching for file changes with StatReloader
INFO 2025-10-31 08:23:49,151 autoreload 36628 36624 Watching for file changes with StatReloader
INFO 2025-10-31 08:23:49,494 autoreload 35892 36640 Watching for file changes with StatReloader
INFO 2025-10-31 08:23:49,556 autoreload 29828 2276 Watching for file changes with StatReloader
INFO 2025-10-31 08:23:49,576 autoreload 10596 33596 Watching for file changes with StatReloader
INFO 2025-10-31 08:23:49,712 autoreload 10648 34376 Watching for file changes with StatReloader
INFO 2025-10-31 08:23:49,751 autoreload 31336 34516 Watching for file changes with StatReloader
INFO 2025-10-31 08:23:49,848 autoreload 27668 14880 Watching for file changes with StatReloader
INFO 2025-10-31 08:23:49,926 autoreload 36684 9656 Watching for file changes with StatReloader
INFO 2025-10-31 08:23:49,948 autoreload 36672 23816 Watching for file changes with StatReloader
INFO 2025-10-31 08:23:50,095 autoreload 10688 9232 Watching for file changes with StatReloader
INFO 2025-10-31 08:23:50,134 autoreload 23276 10016 Watching for file changes with StatReloader
INFO 2025-10-31 08:24:11,480 autoreload 22564 25916 Watching for file changes with StatReloader
INFO 2025-10-31 08:24:54,806 autoreload 14264 37068 Watching for file changes with StatReloader
INFO 2025-10-31 08:28:46,221 autoreload 35816 12616 Watching for file changes with StatReloader
INFO 2025-10-31 08:30:54,584 autoreload 24804 36568 Watching for file changes with StatReloader
INFO 2025-10-31 08:32:07,475 autoreload 27668 14880 C:\Users\Administrator\Desktop\GroupHub\backend\accounts\urls.py changed, reloading.
INFO 2025-10-31 08:32:07,610 autoreload 35892 36640 C:\Users\Administrator\Desktop\GroupHub\backend\accounts\urls.py changed, reloading.
INFO 2025-10-31 08:32:07,611 autoreload 36628 36624 C:\Users\Administrator\Desktop\GroupHub\backend\accounts\urls.py changed, reloading.
INFO 2025-10-31 08:32:07,619 autoreload 29828 2276 C:\Users\Administrator\Desktop\GroupHub\backend\accounts\urls.py changed, reloading.
INFO 2025-10-31 08:32:07,622 autoreload 35816 12616 C:\Users\Administrator\Desktop\GroupHub\backend\accounts\urls.py changed, reloading.
INFO 2025-10-31 08:32:07,669 autoreload 14264 37068 C:\Users\Administrator\Desktop\GroupHub\backend\accounts\urls.py changed, reloading.
INFO 2025-10-31 08:32:07,723 autoreload 10596 33596 C:\Users\Administrator\Desktop\GroupHub\backend\accounts\urls.py changed, reloading.
INFO 2025-10-31 08:32:07,706 autoreload 31336 34516 C:\Users\Administrator\Desktop\GroupHub\backend\accounts\urls.py changed, reloading.
INFO 2025-10-31 08:32:07,721 autoreload 29564 32204 C:\Users\Administrator\Desktop\GroupHub\backend\accounts\urls.py changed, reloading.
INFO 2025-10-31 08:32:07,774 autoreload 22564 25916 C:\Users\Administrator\Desktop\GroupHub\backend\accounts\urls.py changed, reloading.
INFO 2025-10-31 08:32:07,768 autoreload 10688 9232 C:\Users\Administrator\Desktop\GroupHub\backend\accounts\urls.py changed, reloading.
INFO 2025-10-31 08:32:07,791 autoreload 36672 23816 C:\Users\Administrator\Desktop\GroupHub\backend\accounts\urls.py changed, reloading.
INFO 2025-10-31 08:32:07,869 autoreload 24804 36568 C:\Users\Administrator\Desktop\GroupHub\backend\accounts\urls.py changed, reloading.
INFO 2025-10-31 08:32:07,922 autoreload 23276 10016 C:\Users\Administrator\Desktop\GroupHub\backend\accounts\urls.py changed, reloading.
INFO 2025-10-31 08:32:10,497 autoreload 24352 19836 Watching for file changes with StatReloader
INFO 2025-10-31 08:32:10,501 autoreload 25416 31460 Watching for file changes with StatReloader
INFO 2025-10-31 08:32:10,524 autoreload 34652 19684 Watching for file changes with StatReloader
INFO 2025-10-31 08:32:10,576 autoreload 27884 30452 Watching for file changes with StatReloader
INFO 2025-10-31 08:32:10,579 autoreload 10832 9536 Watching for file changes with StatReloader
INFO 2025-10-31 08:32:10,610 autoreload 7020 27800 Watching for file changes with StatReloader
INFO 2025-10-31 08:32:10,924 autoreload 15216 26164 Watching for file changes with StatReloader
INFO 2025-10-31 08:32:10,958 autoreload 20948 21776 Watching for file changes with StatReloader
INFO 2025-10-31 08:32:10,967 autoreload 34592 4196 Watching for file changes with StatReloader
INFO 2025-10-31 08:32:10,970 autoreload 31024 31528 Watching for file changes with StatReloader
INFO 2025-10-31 08:32:11,003 autoreload 34332 27212 Watching for file changes with StatReloader
INFO 2025-10-31 08:32:11,032 autoreload 18092 30364 Watching for file changes with StatReloader
INFO 2025-10-31 08:32:11,204 autoreload 26196 17968 Watching for file changes with StatReloader
INFO 2025-10-31 08:32:11,213 autoreload 25308 3648 Watching for file changes with StatReloader
INFO 2025-10-31 08:32:11,286 autoreload 7380 4908 Watching for file changes with StatReloader
INFO 2025-10-31 08:32:11,316 autoreload 2052 10572 Watching for file changes with StatReloader
INFO 2025-10-31 08:32:22,963 autoreload 27884 30452 C:\Users\Administrator\Desktop\GroupHub\backend\accounts\urls.py changed, reloading.
INFO 2025-10-31 08:32:22,965 autoreload 24352 19836 C:\Users\Administrator\Desktop\GroupHub\backend\accounts\urls.py changed, reloading.
INFO 2025-10-31 08:32:22,973 autoreload 34652 19684 C:\Users\Administrator\Desktop\GroupHub\backend\accounts\urls.py changed, reloading.
INFO 2025-10-31 08:32:22,973 autoreload 25416 31460 C:\Users\Administrator\Desktop\GroupHub\backend\accounts\urls.py changed, reloading.
INFO 2025-10-31 08:32:22,978 autoreload 10832 9536 C:\Users\Administrator\Desktop\GroupHub\backend\accounts\urls.py changed, reloading.
INFO 2025-10-31 08:32:23,494 autoreload 20948 21776 C:\Users\Administrator\Desktop\GroupHub\backend\accounts\urls.py changed, reloading.
INFO 2025-10-31 08:32:23,551 autoreload 15216 26164 C:\Users\Administrator\Desktop\GroupHub\backend\accounts\urls.py changed, reloading.
INFO 2025-10-31 08:32:23,562 autoreload 7380 4908 C:\Users\Administrator\Desktop\GroupHub\backend\accounts\urls.py changed, reloading.
INFO 2025-10-31 08:32:23,621 autoreload 18092 30364 C:\Users\Administrator\Desktop\GroupHub\backend\accounts\urls.py changed, reloading.
INFO 2025-10-31 08:32:23,719 autoreload 25308 3648 C:\Users\Administrator\Desktop\GroupHub\backend\accounts\urls.py changed, reloading.
INFO 2025-10-31 08:32:23,776 autoreload 34592 4196 C:\Users\Administrator\Desktop\GroupHub\backend\accounts\urls.py changed, reloading.
INFO 2025-10-31 08:32:23,812 autoreload 34332 27212 C:\Users\Administrator\Desktop\GroupHub\backend\accounts\urls.py changed, reloading.
INFO 2025-10-31 08:32:23,843 autoreload 26196 17968 C:\Users\Administrator\Desktop\GroupHub\backend\accounts\urls.py changed, reloading.
INFO 2025-10-31 08:32:23,835 autoreload 7020 27800 C:\Users\Administrator\Desktop\GroupHub\backend\accounts\urls.py changed, reloading.
INFO 2025-10-31 08:32:23,848 autoreload 2052 10572 C:\Users\Administrator\Desktop\GroupHub\backend\accounts\urls.py changed, reloading.
INFO 2025-10-31 08:32:23,856 autoreload 31024 31528 C:\Users\Administrator\Desktop\GroupHub\backend\accounts\urls.py changed, reloading.
INFO 2025-10-31 08:32:25,339 autoreload 30152 26436 Watching for file changes with StatReloader
INFO 2025-10-31 08:32:25,522 autoreload 3324 19404 Watching for file changes with StatReloader
INFO 2025-10-31 08:32:25,740 autoreload 10796 10396 Watching for file changes with StatReloader
INFO 2025-10-31 08:32:26,046 autoreload 3480 9056 Watching for file changes with StatReloader
INFO 2025-10-31 08:32:26,079 autoreload 18252 33980 Watching for file changes with StatReloader
INFO 2025-10-31 08:32:26,527 autoreload 12696 24548 Watching for file changes with StatReloader
INFO 2025-10-31 08:32:26,648 autoreload 34028 7852 Watching for file changes with StatReloader
INFO 2025-10-31 08:32:26,655 autoreload 36216 24600 Watching for file changes with StatReloader
INFO 2025-10-31 08:32:26,655 autoreload 17568 29360 Watching for file changes with StatReloader
INFO 2025-10-31 08:32:26,686 autoreload 36368 12436 Watching for file changes with StatReloader
INFO 2025-10-31 08:32:26,694 autoreload 18744 29324 Watching for file changes with StatReloader
INFO 2025-10-31 08:32:26,841 autoreload 3608 3284 Watching for file changes with StatReloader
INFO 2025-10-31 08:32:26,978 autoreload 2228 24472 Watching for file changes with StatReloader
INFO 2025-10-31 08:32:27,042 autoreload 12392 9732 Watching for file changes with StatReloader
INFO 2025-10-31 08:32:27,040 autoreload 15708 35592 Watching for file changes with StatReloader
INFO 2025-10-31 08:32:27,103 autoreload 11156 1992 Watching for file changes with StatReloader
INFO 2025-10-31 08:37:35,407 basehttp 30152 26740 "OPTIONS /api/accounts/jwt/login/ HTTP/1.1" 200 0
INFO 2025-10-31 08:38:28,742 autoreload 36368 12436 C:\Users\Administrator\Desktop\GroupHub\backend\backend\settings.py changed, reloading.
INFO 2025-10-31 08:38:28,775 autoreload 18744 29324 C:\Users\Administrator\Desktop\GroupHub\backend\backend\settings.py changed, reloading.
INFO 2025-10-31 08:38:28,779 autoreload 10796 10396 C:\Users\Administrator\Desktop\GroupHub\backend\backend\settings.py changed, reloading.
INFO 2025-10-31 08:38:28,774 autoreload 3324 19404 C:\Users\Administrator\Desktop\GroupHub\backend\backend\settings.py changed, reloading.
INFO 2025-10-31 08:38:28,786 autoreload 3608 3284 C:\Users\Administrator\Desktop\GroupHub\backend\backend\settings.py changed, reloading.
INFO 2025-10-31 08:38:28,817 autoreload 15708 35592 C:\Users\Administrator\Desktop\GroupHub\backend\backend\settings.py changed, reloading.
INFO 2025-10-31 08:38:28,805 autoreload 2228 24472 C:\Users\Administrator\Desktop\GroupHub\backend\backend\settings.py changed, reloading.
INFO 2025-10-31 08:38:28,817 autoreload 30152 26436 C:\Users\Administrator\Desktop\GroupHub\backend\backend\settings.py changed, reloading.
INFO 2025-10-31 08:38:29,239 autoreload 11156 1992 C:\Users\Administrator\Desktop\GroupHub\backend\backend\settings.py changed, reloading.
INFO 2025-10-31 08:38:29,256 autoreload 12392 9732 C:\Users\Administrator\Desktop\GroupHub\backend\backend\settings.py changed, reloading.
INFO 2025-10-31 08:38:29,265 autoreload 17568 29360 C:\Users\Administrator\Desktop\GroupHub\backend\backend\settings.py changed, reloading.
INFO 2025-10-31 08:38:29,423 autoreload 12696 24548 C:\Users\Administrator\Desktop\GroupHub\backend\backend\settings.py changed, reloading.
INFO 2025-10-31 08:38:29,423 autoreload 3480 9056 C:\Users\Administrator\Desktop\GroupHub\backend\backend\settings.py changed, reloading.
INFO 2025-10-31 08:38:29,427 autoreload 18252 33980 C:\Users\Administrator\Desktop\GroupHub\backend\backend\settings.py changed, reloading.
INFO 2025-10-31 08:38:29,466 autoreload 36216 24600 C:\Users\Administrator\Desktop\GroupHub\backend\backend\settings.py changed, reloading.
INFO 2025-10-31 08:38:29,490 autoreload 34028 7852 C:\Users\Administrator\Desktop\GroupHub\backend\backend\settings.py changed, reloading.
INFO 2025-10-31 08:38:31,505 autoreload 31992 3952 Watching for file changes with StatReloader
INFO 2025-10-31 08:38:31,915 autoreload 1824 24972 Watching for file changes with StatReloader
INFO 2025-10-31 08:38:31,996 autoreload 11016 22976 Watching for file changes with StatReloader
INFO 2025-10-31 08:38:32,038 autoreload 30892 30644 Watching for file changes with StatReloader
INFO 2025-10-31 08:38:32,124 autoreload 28244 33524 Watching for file changes with StatReloader
INFO 2025-10-31 08:38:32,230 autoreload 4112 27788 Watching for file changes with StatReloader
INFO 2025-10-31 08:38:32,297 autoreload 26532 18960 Watching for file changes with StatReloader
INFO 2025-10-31 08:38:32,309 autoreload 2368 16816 Watching for file changes with StatReloader
INFO 2025-10-31 08:38:32,366 autoreload 34000 27600 Watching for file changes with StatReloader
INFO 2025-10-31 08:38:32,384 autoreload 36408 9808 Watching for file changes with StatReloader
INFO 2025-10-31 08:38:32,424 autoreload 35368 23104 Watching for file changes with StatReloader
INFO 2025-10-31 08:38:32,424 autoreload 21928 18200 Watching for file changes with StatReloader
INFO 2025-10-31 08:38:32,557 autoreload 26096 23112 Watching for file changes with StatReloader
INFO 2025-10-31 08:38:32,950 autoreload 26192 37468 Watching for file changes with StatReloader
INFO 2025-10-31 08:38:33,653 autoreload 3612 1252 Watching for file changes with StatReloader
INFO 2025-10-31 08:38:33,710 autoreload 26156 27064 Watching for file changes with StatReloader
INFO 2025-10-31 08:41:25,136 basehttp 31992 23836 "OPTIONS /api/accounts/jwt/login/ HTTP/1.1" 200 0
WARNING 2025-10-31 08:41:25,162 log 31992 23836 Not Found: /api/accounts/jwt/login/
WARNING 2025-10-31 08:41:25,163 basehttp 31992 23836 "POST /api/accounts/jwt/login/ HTTP/1.1" 404 3598
INFO 2025-10-31 08:46:20,710 autoreload 33900 26892 Watching for file changes with StatReloader
WARNING 2025-10-31 08:47:15,798 log 31992 35396 Not Found: /api/accounts/jwt/login/
WARNING 2025-10-31 08:47:15,800 basehttp 31992 35396 "POST /api/accounts/jwt/login/ HTTP/1.1" 404 3598
WARNING 2025-10-31 08:48:07,220 log 31992 29028 Not Found: /api/accounts/jwt/login/
WARNING 2025-10-31 08:48:07,220 basehttp 31992 29028 "POST /api/accounts/jwt/login/ HTTP/1.1" 404 3598
WARNING 2025-10-31 08:48:20,585 log 31992 29028 Not Found: /api/accounts/jwt/login/
WARNING 2025-10-31 08:48:20,586 basehttp 31992 29028 "POST /api/accounts/jwt/login/ HTTP/1.1" 404 3598
INFO 2025-10-31 08:48:40,089 autoreload 28244 33524 C:\Users\Administrator\Desktop\GroupHub\backend\accounts\urls.py changed, reloading.
INFO 2025-10-31 08:48:40,118 autoreload 35368 23104 C:\Users\Administrator\Desktop\GroupHub\backend\accounts\urls.py changed, reloading.
INFO 2025-10-31 08:48:40,303 autoreload 36408 9808 C:\Users\Administrator\Desktop\GroupHub\backend\accounts\urls.py changed, reloading.
INFO 2025-10-31 08:48:40,309 autoreload 31992 3952 C:\Users\Administrator\Desktop\GroupHub\backend\accounts\urls.py changed, reloading.
INFO 2025-10-31 08:48:40,305 autoreload 11016 22976 C:\Users\Administrator\Desktop\GroupHub\backend\accounts\urls.py changed, reloading.
INFO 2025-10-31 08:48:40,333 autoreload 34000 27600 C:\Users\Administrator\Desktop\GroupHub\backend\accounts\urls.py changed, reloading.
INFO 2025-10-31 08:48:40,367 autoreload 21928 18200 C:\Users\Administrator\Desktop\GroupHub\backend\accounts\urls.py changed, reloading.
INFO 2025-10-31 08:48:40,367 autoreload 30892 30644 C:\Users\Administrator\Desktop\GroupHub\backend\accounts\urls.py changed, reloading.
INFO 2025-10-31 08:48:40,393 autoreload 4112 27788 C:\Users\Administrator\Desktop\GroupHub\backend\accounts\urls.py changed, reloading.
INFO 2025-10-31 08:48:40,423 autoreload 2368 16816 C:\Users\Administrator\Desktop\GroupHub\backend\accounts\urls.py changed, reloading.
INFO 2025-10-31 08:48:40,498 autoreload 26532 18960 C:\Users\Administrator\Desktop\GroupHub\backend\accounts\urls.py changed, reloading.
INFO 2025-10-31 08:48:40,724 autoreload 26156 27064 C:\Users\Administrator\Desktop\GroupHub\backend\accounts\urls.py changed, reloading.
INFO 2025-10-31 08:48:40,922 autoreload 33900 26892 C:\Users\Administrator\Desktop\GroupHub\backend\accounts\urls.py changed, reloading.
INFO 2025-10-31 08:48:40,985 autoreload 1824 24972 C:\Users\Administrator\Desktop\GroupHub\backend\accounts\urls.py changed, reloading.
INFO 2025-10-31 08:48:41,009 autoreload 3612 1252 C:\Users\Administrator\Desktop\GroupHub\backend\accounts\urls.py changed, reloading.
INFO 2025-10-31 08:48:41,309 autoreload 26192 37468 C:\Users\Administrator\Desktop\GroupHub\backend\accounts\urls.py changed, reloading.
INFO 2025-10-31 08:48:41,496 autoreload 26096 23112 C:\Users\Administrator\Desktop\GroupHub\backend\accounts\urls.py changed, reloading.
INFO 2025-10-31 08:48:43,615 autoreload 29972 31532 Watching for file changes with StatReloader
INFO 2025-10-31 08:48:43,734 autoreload 34884 35988 Watching for file changes with StatReloader
INFO 2025-10-31 08:48:43,842 autoreload 23948 9936 Watching for file changes with StatReloader
INFO 2025-10-31 08:48:43,996 autoreload 34644 33372 Watching for file changes with StatReloader
INFO 2025-10-31 08:48:44,065 autoreload 13472 15708 Watching for file changes with StatReloader
INFO 2025-10-31 08:48:44,068 autoreload 2944 28056 Watching for file changes with StatReloader
INFO 2025-10-31 08:48:44,351 autoreload 31056 35528 Watching for file changes with StatReloader
INFO 2025-10-31 08:48:44,380 autoreload 25656 36764 Watching for file changes with StatReloader
INFO 2025-10-31 08:48:44,383 autoreload 21820 23808 Watching for file changes with StatReloader
INFO 2025-10-31 08:48:44,386 autoreload 27612 33360 Watching for file changes with StatReloader
INFO 2025-10-31 08:48:44,523 autoreload 22912 36916 Watching for file changes with StatReloader
INFO 2025-10-31 08:48:44,590 autoreload 37512 31724 Watching for file changes with StatReloader
INFO 2025-10-31 08:48:44,614 autoreload 33532 36304 Watching for file changes with StatReloader
INFO 2025-10-31 08:48:44,645 autoreload 22652 4212 Watching for file changes with StatReloader
INFO 2025-10-31 08:48:44,692 autoreload 26076 9648 Watching for file changes with StatReloader
INFO 2025-10-31 08:48:44,922 autoreload 4520 31208 Watching for file changes with StatReloader
INFO 2025-10-31 08:48:45,143 autoreload 36372 26980 Watching for file changes with StatReloader
INFO 2025-10-31 08:49:09,632 autoreload 27612 33360 C:\Users\Administrator\Desktop\GroupHub\backend\accounts\views.py changed, reloading.
INFO 2025-10-31 08:49:09,821 autoreload 25656 36764 C:\Users\Administrator\Desktop\GroupHub\backend\accounts\views.py changed, reloading.
INFO 2025-10-31 08:49:09,861 autoreload 13472 15708 C:\Users\Administrator\Desktop\GroupHub\backend\accounts\views.py changed, reloading.
INFO 2025-10-31 08:49:09,876 autoreload 2944 28056 C:\Users\Administrator\Desktop\GroupHub\backend\accounts\views.py changed, reloading.
INFO 2025-10-31 08:49:09,905 autoreload 22912 36916 C:\Users\Administrator\Desktop\GroupHub\backend\accounts\views.py changed, reloading.
INFO 2025-10-31 08:49:09,936 autoreload 29972 31532 C:\Users\Administrator\Desktop\GroupHub\backend\accounts\views.py changed, reloading.
INFO 2025-10-31 08:49:09,944 autoreload 4520 31208 C:\Users\Administrator\Desktop\GroupHub\backend\accounts\views.py changed, reloading.
INFO 2025-10-31 08:49:10,007 autoreload 34884 35988 C:\Users\Administrator\Desktop\GroupHub\backend\accounts\views.py changed, reloading.
INFO 2025-10-31 08:49:10,036 autoreload 34644 33372 C:\Users\Administrator\Desktop\GroupHub\backend\accounts\views.py changed, reloading.
INFO 2025-10-31 08:49:10,055 autoreload 31056 35528 C:\Users\Administrator\Desktop\GroupHub\backend\accounts\views.py changed, reloading.
INFO 2025-10-31 08:49:10,055 autoreload 22652 4212 C:\Users\Administrator\Desktop\GroupHub\backend\accounts\views.py changed, reloading.
INFO 2025-10-31 08:49:10,058 autoreload 37512 31724 C:\Users\Administrator\Desktop\GroupHub\backend\accounts\views.py changed, reloading.
INFO 2025-10-31 08:49:10,254 autoreload 33532 36304 C:\Users\Administrator\Desktop\GroupHub\backend\accounts\views.py changed, reloading.
INFO 2025-10-31 08:49:10,259 autoreload 26076 9648 C:\Users\Administrator\Desktop\GroupHub\backend\accounts\views.py changed, reloading.
INFO 2025-10-31 08:49:10,277 autoreload 36372 26980 C:\Users\Administrator\Desktop\GroupHub\backend\accounts\views.py changed, reloading.
INFO 2025-10-31 08:49:10,316 autoreload 21820 23808 C:\Users\Administrator\Desktop\GroupHub\backend\accounts\views.py changed, reloading.
INFO 2025-10-31 08:49:10,641 autoreload 23948 9936 C:\Users\Administrator\Desktop\GroupHub\backend\accounts\views.py changed, reloading.
INFO 2025-10-31 08:49:13,059 autoreload 19684 1044 Watching for file changes with StatReloader
INFO 2025-10-31 08:49:13,174 autoreload 29044 35760 Watching for file changes with StatReloader
INFO 2025-10-31 08:49:13,209 autoreload 32324 1304 Watching for file changes with StatReloader
INFO 2025-10-31 08:49:13,251 autoreload 304 18356 Watching for file changes with StatReloader
INFO 2025-10-31 08:49:13,421 autoreload 4316 8372 Watching for file changes with StatReloader
INFO 2025-10-31 08:49:13,463 autoreload 21616 36256 Watching for file changes with StatReloader
INFO 2025-10-31 08:49:13,560 autoreload 37180 33044 Watching for file changes with StatReloader
INFO 2025-10-31 08:49:13,642 autoreload 30612 21592 Watching for file changes with StatReloader
INFO 2025-10-31 08:49:13,643 autoreload 19900 27212 Watching for file changes with StatReloader
INFO 2025-10-31 08:49:13,654 autoreload 37392 16936 Watching for file changes with StatReloader
INFO 2025-10-31 08:49:13,669 autoreload 11124 19984 Watching for file changes with StatReloader
INFO 2025-10-31 08:49:13,697 autoreload 25428 22604 Watching for file changes with StatReloader
INFO 2025-10-31 08:49:13,705 autoreload 5460 36624 Watching for file changes with StatReloader
INFO 2025-10-31 08:49:13,772 autoreload 9680 18264 Watching for file changes with StatReloader
INFO 2025-10-31 08:49:13,770 autoreload 33224 21720 Watching for file changes with StatReloader
INFO 2025-10-31 08:49:14,069 autoreload 22236 36208 Watching for file changes with StatReloader
INFO 2025-10-31 08:49:14,125 autoreload 34388 37116 Watching for file changes with StatReloader
INFO 2025-10-31 08:49:20,965 autoreload 11124 19984 C:\Users\Administrator\Desktop\GroupHub\backend\accounts\views.py changed, reloading.
INFO 2025-10-31 08:49:21,032 autoreload 30612 21592 C:\Users\Administrator\Desktop\GroupHub\backend\accounts\views.py changed, reloading.
INFO 2025-10-31 08:49:21,086 autoreload 32324 1304 C:\Users\Administrator\Desktop\GroupHub\backend\accounts\views.py changed, reloading.
INFO 2025-10-31 08:49:21,152 autoreload 19684 1044 C:\Users\Administrator\Desktop\GroupHub\backend\accounts\views.py changed, reloading.
INFO 2025-10-31 08:49:21,169 autoreload 25428 22604 C:\Users\Administrator\Desktop\GroupHub\backend\accounts\views.py changed, reloading.
INFO 2025-10-31 08:49:21,292 autoreload 304 18356 C:\Users\Administrator\Desktop\GroupHub\backend\accounts\views.py changed, reloading.
INFO 2025-10-31 08:49:21,480 autoreload 4316 8372 C:\Users\Administrator\Desktop\GroupHub\backend\accounts\views.py changed, reloading.
INFO 2025-10-31 08:49:21,522 autoreload 37180 33044 C:\Users\Administrator\Desktop\GroupHub\backend\accounts\views.py changed, reloading.
INFO 2025-10-31 08:49:21,605 autoreload 29044 35760 C:\Users\Administrator\Desktop\GroupHub\backend\accounts\views.py changed, reloading.
INFO 2025-10-31 08:49:21,596 autoreload 21616 36256 C:\Users\Administrator\Desktop\GroupHub\backend\accounts\views.py changed, reloading.
INFO 2025-10-31 08:49:21,835 autoreload 19900 27212 C:\Users\Administrator\Desktop\GroupHub\backend\accounts\views.py changed, reloading.
INFO 2025-10-31 08:49:22,150 autoreload 37392 16936 C:\Users\Administrator\Desktop\GroupHub\backend\accounts\views.py changed, reloading.
INFO 2025-10-31 08:49:22,164 autoreload 5460 36624 C:\Users\Administrator\Desktop\GroupHub\backend\accounts\views.py changed, reloading.
INFO 2025-10-31 08:49:22,186 autoreload 33224 21720 C:\Users\Administrator\Desktop\GroupHub\backend\accounts\views.py changed, reloading.
INFO 2025-10-31 08:49:22,306 autoreload 9680 18264 C:\Users\Administrator\Desktop\GroupHub\backend\accounts\views.py changed, reloading.
INFO 2025-10-31 08:49:22,362 autoreload 22236 36208 C:\Users\Administrator\Desktop\GroupHub\backend\accounts\views.py changed, reloading.
INFO 2025-10-31 08:49:22,479 autoreload 34388 37116 C:\Users\Administrator\Desktop\GroupHub\backend\accounts\views.py changed, reloading.
INFO 2025-10-31 08:49:24,572 autoreload 14028 27540 Watching for file changes with StatReloader
INFO 2025-10-31 08:49:24,738 autoreload 37552 13092 Watching for file changes with StatReloader
INFO 2025-10-31 08:49:24,744 autoreload 33356 19792 Watching for file changes with StatReloader
INFO 2025-10-31 08:49:24,926 autoreload 1856 25700 Watching for file changes with StatReloader
INFO 2025-10-31 08:49:25,144 autoreload 28420 26348 Watching for file changes with StatReloader
INFO 2025-10-31 08:49:25,155 autoreload 15308 27292 Watching for file changes with StatReloader
INFO 2025-10-31 08:49:25,163 autoreload 34064 34636 Watching for file changes with StatReloader
INFO 2025-10-31 08:49:25,205 autoreload 6344 35956 Watching for file changes with StatReloader
INFO 2025-10-31 08:49:25,281 autoreload 21972 14784 Watching for file changes with StatReloader
INFO 2025-10-31 08:49:25,288 autoreload 5912 29920 Watching for file changes with StatReloader
INFO 2025-10-31 08:49:25,292 autoreload 23996 13236 Watching for file changes with StatReloader
INFO 2025-10-31 08:49:25,293 autoreload 37172 37288 Watching for file changes with StatReloader
INFO 2025-10-31 08:49:25,315 autoreload 1460 29020 Watching for file changes with StatReloader
INFO 2025-10-31 08:49:25,384 autoreload 6632 25572 Watching for file changes with StatReloader
INFO 2025-10-31 08:49:25,621 autoreload 9604 12832 Watching for file changes with StatReloader
INFO 2025-10-31 08:49:25,622 autoreload 26396 17944 Watching for file changes with StatReloader
INFO 2025-10-31 08:49:26,037 autoreload 32616 26320 Watching for file changes with StatReloader
WARNING 2025-10-31 08:49:27,925 log 14028 5048 Unauthorized: /api/accounts/jwt/login/
WARNING 2025-10-31 08:49:27,928 basehttp 14028 5048 "POST /api/accounts/jwt/login/ HTTP/1.1" 401 58
WARNING 2025-10-31 08:49:34,158 log 14028 5048 Unauthorized: /api/accounts/jwt/login/
WARNING 2025-10-31 08:49:34,159 basehttp 14028 5048 "POST /api/accounts/jwt/login/ HTTP/1.1" 401 58
INFO 2025-10-31 08:49:53,159 autoreload 34064 34636 C:\Users\Administrator\Desktop\GroupHub\backend\accounts\views.py changed, reloading.
INFO 2025-10-31 08:49:53,422 autoreload 5912 29920 C:\Users\Administrator\Desktop\GroupHub\backend\accounts\views.py changed, reloading.
INFO 2025-10-31 08:49:53,498 autoreload 9604 12832 C:\Users\Administrator\Desktop\GroupHub\backend\accounts\views.py changed, reloading.
INFO 2025-10-31 08:49:53,912 autoreload 15308 27292 C:\Users\Administrator\Desktop\GroupHub\backend\accounts\views.py changed, reloading.
INFO 2025-10-31 08:49:54,000 autoreload 23996 13236 C:\Users\Administrator\Desktop\GroupHub\backend\accounts\views.py changed, reloading.
INFO 2025-10-31 08:49:54,057 autoreload 28420 26348 C:\Users\Administrator\Desktop\GroupHub\backend\accounts\views.py changed, reloading.
INFO 2025-10-31 08:49:54,088 autoreload 1460 29020 C:\Users\Administrator\Desktop\GroupHub\backend\accounts\views.py changed, reloading.
INFO 2025-10-31 08:49:54,060 autoreload 37172 37288 C:\Users\Administrator\Desktop\GroupHub\backend\accounts\views.py changed, reloading.
INFO 2025-10-31 08:49:54,028 autoreload 6344 35956 C:\Users\Administrator\Desktop\GroupHub\backend\accounts\views.py changed, reloading.

INFO 2025-10-31 08:49:54,073 autoreload 14028 27540 C:\Users\Administrator\Desktop\GroupHub\backend\accounts\views.py changed, reloading.
INFO 2025-10-31 08:49:54,127 autoreload 1856 25700 C:\Users\Administrator\Desktop\GroupHub\backend\accounts\views.py changed, reloading.
INFO 2025-10-31 08:49:54,131 autoreload 32616 26320 C:\Users\Administrator\Desktop\GroupHub\backend\accounts\views.py changed, reloading.
INFO 2025-10-31 08:49:54,346 autoreload 21972 14784 C:\Users\Administrator\Desktop\GroupHub\backend\accounts\views.py changed, reloading.
INFO 2025-10-31 08:49:56,532 autoreload 12048 22760 Watching for file changes with StatReloader
INFO 2025-10-31 08:49:56,841 autoreload 14892 30896 Watching for file changes with StatReloader
INFO 2025-10-31 08:49:56,903 autoreload 34520 18376 Watching for file changes with StatReloader
INFO 2025-10-31 08:49:56,975 autoreload 34492 14156 Watching for file changes with StatReloader
INFO 2025-10-31 08:49:56,995 autoreload 34528 37528 Watching for file changes with StatReloader
INFO 2025-10-31 08:49:57,146 autoreload 23764 3772 Watching for file changes with StatReloader
INFO 2025-10-31 08:49:57,153 autoreload 34544 20912 Watching for file changes with StatReloader
INFO 2025-10-31 08:49:57,260 autoreload 28744 23716 Watching for file changes with StatReloader
INFO 2025-10-31 08:49:57,325 autoreload 22304 12884 Watching for file changes with StatReloader
INFO 2025-10-31 08:49:57,330 autoreload 19060 8780 Watching for file changes with StatReloader
INFO 2025-10-31 08:49:57,394 autoreload 29936 27148 Watching for file changes with StatReloader
INFO 2025-10-31 08:49:57,512 autoreload 3448 35032 Watching for file changes with StatReloader
INFO 2025-10-31 08:49:57,820 autoreload 5916 1600 Watching for file changes with StatReloader
INFO 2025-10-31 08:49:57,846 autoreload 36084 10912 Watching for file changes with StatReloader
INFO 2025-10-31 08:49:57,912 autoreload 26668 36148 Watching for file changes with StatReloader
INFO 2025-10-31 08:49:57,922 autoreload 23144 36248 Watching for file changes with StatReloader
INFO 2025-10-31 08:49:58,108 autoreload 37100 25464 Watching for file changes with StatReloader
WARNING 2025-10-31 08:50:04,369 log 12048 34292 Unauthorized: /api/accounts/jwt/login/
WARNING 2025-10-31 08:50:04,370 basehttp 12048 34292 "POST /api/accounts/jwt/login/ HTTP/1.1" 401 31
WARNING 2025-10-31 08:51:21,196 log 12048 31968 Unauthorized: /api/accounts/jwt/login/
WARNING 2025-10-31 08:51:21,197 basehttp 12048 31968 "POST /api/accounts/jwt/login/ HTTP/1.1" 401 31
INFO 2025-10-31 08:51:54,660 basehttp 12048 31968 "POST /api/accounts/jwt/login/ HTTP/1.1" 200 603
INFO 2025-10-31 08:53:05,674 basehttp 12048 31968 "POST /api/accounts/jwt/login/ HTTP/1.1" 200 603
WARNING 2025-10-31 08:57:02,614 log 12048 37384 Unauthorized: /api/accounts/jwt/login/
WARNING 2025-10-31 08:57:02,615 basehttp 12048 37384 "POST /api/accounts/jwt/login/ HTTP/1.1" 401 31
INFO 2025-10-31 09:13:26,710 views 12048 23808 User 2 created successfully. Verification email sent to teststudent@zetech.ac.ke
INFO 2025-10-31 09:13:26,713 basehttp 12048 23808 "POST /api/accounts/signup/ HTTP/1.1" 201 97
WARNING 2025-10-31 09:13:39,618 log 12048 23808 Unauthorized: /api/accounts/jwt/login/
WARNING 2025-10-31 09:13:39,620 basehttp 12048 23808 "POST /api/accounts/jwt/login/ HTTP/1.1" 401 31
WARNING 2025-10-31 09:14:34,873 log 12048 23808 Unauthorized: /api/accounts/jwt/login/
WARNING 2025-10-31 09:14:34,873 basehttp 12048 23808 "POST /api/accounts/jwt/login/ HTTP/1.1" 401 31
WARNING 2025-10-31 09:15:14,151 log 12048 23808 Unauthorized: /api/accounts/jwt/login/
WARNING 2025-10-31 09:15:14,152 basehttp 12048 23808 "POST /api/accounts/jwt/login/ HTTP/1.1" 401 31
INFO 2025-10-31 09:17:01,569 basehttp 12048 22244 "POST /api/accounts/jwt/login/ HTTP/1.1" 200 626
WARNING 2025-10-31 09:17:06,050 log 12048 20028 Unauthorized: /api/accounts/jwt/login/
WARNING 2025-10-31 09:17:06,051 basehttp 12048 20028 "POST /api/accounts/jwt/login/ HTTP/1.1" 401 31
INFO 2025-10-31 09:17:07,230 basehttp 12048 22244 "POST /api/accounts/jwt/login/ HTTP/1.1" 200 626
INFO 2025-10-31 09:21:12,891 basehttp 12048 980 "OPTIONS /api/accounts/signup/ HTTP/1.1" 200 0
WARNING 2025-10-31 09:21:12,897 views 12048 980 Signup attempt with invalid email: ivymaina976@gmail.com from 127.0.0.1
WARNING 2025-10-31 09:21:12,898 log 12048 980 Bad Request: /api/accounts/signup/
WARNING 2025-10-31 09:21:12,900 basehttp 12048 980 "POST /api/accounts/signup/ HTTP/1.1" 400 83
WARNING 2025-10-31 09:21:44,142 views 12048 980 Validation error in signup: {'staff_id': ['Staff ID must be in format XX1234.']} from 127.0.0.1
WARNING 2025-10-31 09:21:44,143 log 12048 980 Bad Request: /api/accounts/signup/
WARNING 2025-10-31 09:21:44,144 basehttp 12048 980 "POST /api/accounts/signup/ HTTP/1.1" 400 65
WARNING 2025-10-31 09:22:12,673 views 12048 980 Signup attempt with existing email: test@zetech.ac.ke from 127.0.0.1
WARNING 2025-10-31 09:22:12,673 log 12048 980 Bad Request: /api/accounts/signup/
WARNING 2025-10-31 09:22:12,674 basehttp 12048 980 "POST /api/accounts/signup/ HTTP/1.1" 400 48
WARNING 2025-10-31 09:22:38,941 views 12048 980 Validation error in signup: {'staff_id': ['Staff ID must be in format XX1234.']} from 127.0.0.1
WARNING 2025-10-31 09:22:38,942 log 12048 980 Bad Request: /api/accounts/signup/
WARNING 2025-10-31 09:22:38,943 basehttp 12048 980 "POST /api/accounts/signup/ HTTP/1.1" 400 65
WARNING 2025-10-31 09:23:28,808 views 12048 980 Signup attempt with existing email: example@zetech.ac.ke from 127.0.0.1
WARNING 2025-10-31 09:23:28,808 log 12048 980 Bad Request: /api/accounts/signup/
WARNING 2025-10-31 09:23:28,809 basehttp 12048 980 "POST /api/accounts/signup/ HTTP/1.1" 400 48
WARNING 2025-10-31 09:24:58,556 views 12048 980 Validation error in signup: {'staff_id': ['Staff ID must be in format XX1234.']} from 127.0.0.1
WARNING 2025-10-31 09:24:58,557 log 12048 980 Bad Request: /api/accounts/signup/
WARNING 2025-10-31 09:24:58,557 basehttp 12048 980 "POST /api/accounts/signup/ HTTP/1.1" 400 65
WARNING 2025-10-31 09:25:41,580 views 12048 980 Signup attempt with existing email: ivymaina@zetech.ac.ke from 127.0.0.1
WARNING 2025-10-31 09:25:41,580 log 12048 980 Bad Request: /api/accounts/signup/
WARNING 2025-10-31 09:25:41,581 basehttp 12048 980 "POST /api/accounts/signup/ HTTP/1.1" 400 48
WARNING 2025-10-31 09:25:51,297 views 12048 980 Signup attempt with existing email: ivymaina@zetech.ac.ke from 127.0.0.1
WARNING 2025-10-31 09:25:51,297 log 12048 980 Bad Request: /api/accounts/signup/
WARNING 2025-10-31 09:25:51,297 basehttp 12048 980 "POST /api/accounts/signup/ HTTP/1.1" 400 48
INFO 2025-10-31 09:29:33,190 autoreload 31772 35452 Watching for file changes with StatReloader
WARNING 2025-10-31 09:29:38,208 views 12048 980 Signup attempt with existing email: ivymaina@zetech.ac.ke from 127.0.0.1
WARNING 2025-10-31 09:29:38,209 log 12048 980 Bad Request: /api/accounts/signup/
WARNING 2025-10-31 09:29:38,209 basehttp 12048 980 "POST /api/accounts/signup/ HTTP/1.1" 400 48
WARNING 2025-10-31 09:32:59,689 views 12048 980 Validation error in signup: {'staff_id': ['Staff ID must be in format XX1234.']} from 127.0.0.1
WARNING 2025-10-31 09:32:59,690 log 12048 980 Bad Request: /api/accounts/signup/
WARNING 2025-10-31 09:32:59,691 basehttp 12048 980 "POST /api/accounts/signup/ HTTP/1.1" 400 65
WARNING 2025-10-31 09:34:37,732 views 12048 980 Signup attempt with existing email: ivymaina@zetech.ac.ke from 127.0.0.1
WARNING 2025-10-31 09:34:37,732 log 12048 980 Bad Request: /api/accounts/signup/
WARNING 2025-10-31 09:34:37,733 basehttp 12048 980 "POST /api/accounts/signup/ HTTP/1.1" 400 48
INFO 2025-10-31 09:38:21,074 autoreload 35356 36720 Watching for file changes with StatReloader
WARNING 2025-10-31 09:39:41,401 views 12048 37436 Signup attempt with weak password from 127.0.0.1
WARNING 2025-10-31 09:39:41,402 log 12048 37436 Bad Request: /api/accounts/signup/
WARNING 2025-10-31 09:39:41,404 basehttp 12048 37436 "POST /api/accounts/signup/ HTTP/1.1" 400 94
INFO 2025-10-31 09:40:07,506 views 12048 37436 User 7 created successfully. Verification email sent to ivymaina@zetech.ac.ke
INFO 2025-10-31 09:40:07,507 basehttp 12048 37436 "POST /api/accounts/signup/ HTTP/1.1" 201 97
WARNING 2025-10-31 09:45:44,993 views 12048 37744 Signup attempt with existing email: teststudent@zetech.ac.ke from 127.0.0.1
WARNING 2025-10-31 09:45:44,994 log 12048 37744 Bad Request: /api/accounts/signup/
WARNING 2025-10-31 09:45:44,994 basehttp 12048 37744 "POST /api/accounts/signup/ HTTP/1.1" 400 48
INFO 2025-10-31 09:45:50,967 views 12048 37744 User 8 created successfully. Verification email sent to newteststudent@zetech.ac.ke
INFO 2025-10-31 09:45:50,968 basehttp 12048 37744 "POST /api/accounts/signup/ HTTP/1.1" 201 97
WARNING 2025-10-31 09:49:55,433 views 12048 25372 Signup attempt with existing email: ivymaina@zetech.ac.ke from 127.0.0.1
WARNING 2025-10-31 09:49:55,434 log 12048 25372 Bad Request: /api/accounts/signup/
WARNING 2025-10-31 09:49:55,434 basehttp 12048 25372 "POST /api/accounts/signup/ HTTP/1.1" 400 48
WARNING 2025-10-31 09:51:14,558 log 12048 25372 Unauthorized: /api/accounts/jwt/login/
WARNING 2025-10-31 09:51:14,558 basehttp 12048 25372 "POST /api/accounts/jwt/login/ HTTP/1.1" 401 31
INFO 2025-10-31 09:58:22,912 autoreload 33832 35780 Watching for file changes with StatReloader
INFO 2025-10-31 09:58:42,026 autoreload 33832 35780 C:\Users\Administrator\Desktop\GroupHub\backend\accounts\migrations\0001_initial.py changed, reloading.
INFO 2025-10-31 09:58:43,219 autoreload 21456 37248 Watching for file changes with StatReloader
WARNING 2025-10-31 10:01:34,318 log 32036 24992 Method Not Allowed (GET): /api/accounts/signup/
WARNING 2025-10-31 10:01:34,320 basehttp 32036 24992 "GET /api/accounts/signup/ HTTP/1.1" 405 0
INFO 2025-10-31 10:02:40,961 autoreload 29724 34072 Watching for file changes with StatReloader
WARNING 2025-10-31 10:04:46,059 log 32036 23268 Unauthorized: /api/accounts/jwt/login/
WARNING 2025-10-31 10:04:46,060 basehttp 32036 23268 "POST /api/accounts/jwt/login/ HTTP/1.1" 401 31
WARNING 2025-10-31 10:06:19,562 views 32036 6836 Signup attempt with weak password from 127.0.0.1
WARNING 2025-10-31 10:06:19,562 log 32036 6836 Bad Request: /api/accounts/signup/
WARNING 2025-10-31 10:06:19,563 basehttp 32036 6836 "POST /api/accounts/signup/ HTTP/1.1" 400 94
INFO 2025-10-31 10:06:54,405 views 32036 6836 User 1 created successfully. Verification email sent to ivymaina@zetech.ac.ke
INFO 2025-10-31 10:06:54,406 basehttp 32036 6836 "POST /api/accounts/signup/ HTTP/1.1" 201 97
WARNING 2025-10-31 10:09:12,098 log 32036 24608 Unauthorized: /api/accounts/jwt/login/
WARNING 2025-10-31 10:09:12,098 basehttp 32036 24608 "POST /api/accounts/jwt/login/ HTTP/1.1" 401 31
WARNING 2025-10-31 10:11:09,618 views 32036 36672 Validation error in signup: {'year_of_study': ['Year of study must be between 1 and 4.']} from 127.0.0.1
WARNING 2025-10-31 10:11:09,619 log 32036 36672 Bad Request: /api/accounts/signup/
WARNING 2025-10-31 10:11:09,619 basehttp 32036 36672 "POST /api/accounts/signup/ HTTP/1.1" 400 74
WARNING 2025-10-31 10:11:16,791 views 32036 36032 Signup attempt with existing email: kennedy@zetech.ac.ke from 127.0.0.1
WARNING 2025-10-31 10:11:16,791 log 32036 36032 Bad Request: /api/accounts/signup/
WARNING 2025-10-31 10:11:16,792 basehttp 32036 36032 "POST /api/accounts/signup/ HTTP/1.1" 400 48
INFO 2025-10-31 10:11:32,798 views 32036 30088 User 3 created successfully. Verification email sent to me@zetech.ac.ke
INFO 2025-10-31 10:11:32,799 basehttp 32036 30088 "POST /api/accounts/signup/ HTTP/1.1" 201 97
WARNING 2025-10-31 10:38:57,720 log 32036 23132 Unauthorized: /api/accounts/jwt/login/
WARNING 2025-10-31 10:38:57,721 basehttp 32036 23132 "POST /api/accounts/jwt/login/ HTTP/1.1" 401 31
INFO 2025-12-18 10:27:16,456 autoreload 30744 42380 Watching for file changes with StatReloader
INFO 2025-12-18 10:27:35,204 autoreload 32988 37920 Watching for file changes with StatReloader
WARNING 2025-12-18 10:28:20,720 views 32988 36408 Signup attempt with invalid email: gathuastephen70@gmail.com from 127.0.0.1
WARNING 2025-12-18 10:28:20,722 log 32988 36408 Bad Request: /api/accounts/signup/
WARNING 2025-12-18 10:28:20,722 basehttp 32988 36408 "POST /api/accounts/signup/ HTTP/1.1" 400 83
WARNING 2025-12-18 10:28:37,318 views 32988 17704 Validation error in signup: {'staff_id': ['Staff ID must be in format XX1234.']} from 127.0.0.1
WARNING 2025-12-18 10:28:37,319 log 32988 17704 Bad Request: /api/accounts/signup/
WARNING 2025-12-18 10:28:37,319 basehttp 32988 17704 "POST /api/accounts/signup/ HTTP/1.1" 400 65
WARNING 2025-12-18 10:31:05,675 views 32988 25564 Signup attempt with existing email: gathuastephen70@zetech.ac.ke from 127.0.0.1
WARNING 2025-12-18 10:31:05,675 log 32988 25564 Bad Request: /api/accounts/signup/
WARNING 2025-12-18 10:31:05,676 basehttp 32988 25564 "POST /api/accounts/signup/ HTTP/1.1" 400 48
WARNING 2025-12-18 10:33:36,812 views 32988 19212 Signup attempt with existing email: gathuastephen70@zetech.ac.ke from 127.0.0.1
WARNING 2025-12-18 10:33:36,813 log 32988 19212 Bad Request: /api/accounts/signup/
WARNING 2025-12-18 10:33:36,813 basehttp 32988 19212 "POST /api/accounts/signup/ HTTP/1.1" 400 48
WARNING 2025-12-18 10:34:52,671 views 32988 23196 Signup attempt with weak password from 127.0.0.1
WARNING 2025-12-18 10:34:52,672 log 32988 23196 Bad Request: /api/accounts/signup/
WARNING 2025-12-18 10:34:52,672 basehttp 32988 23196 "POST /api/accounts/signup/ HTTP/1.1" 400 94
WARNING 2025-12-18 10:35:11,336 views 32988 27904 Validation error in signup: {'staff_id': ['Staff ID must be in format XX1234.']} from 127.0.0.1
WARNING 2025-12-18 10:35:11,336 log 32988 27904 Bad Request: /api/accounts/signup/
WARNING 2025-12-18 10:35:11,336 basehttp 32988 27904 "POST /api/accounts/signup/ HTTP/1.1" 400 65
WARNING 2025-12-18 10:39:22,634 views 32988 25136 Signup attempt with existing email: stephenmaina@zetech.ac.ke from 127.0.0.1
WARNING 2025-12-18 10:39:22,635 log 32988 25136 Bad Request: /api/accounts/signup/
WARNING 2025-12-18 10:39:22,635 basehttp 32988 25136 "POST /api/accounts/signup/ HTTP/1.1" 400 48
INFO 2025-12-18 10:41:11,000 autoreload 38968 42632 Watching for file changes with StatReloader
WARNING 2025-12-18 10:43:41,744 views 32988 35272 Signup attempt with existing email: stephenmaina@zetech.ac.ke from 127.0.0.1
WARNING 2025-12-18 10:43:41,746 log 32988 35272 Bad Request: /api/accounts/signup/
WARNING 2025-12-18 10:43:41,747 basehttp 32988 35272 "POST /api/accounts/signup/ HTTP/1.1" 400 48
WARNING 2025-12-18 10:45:25,016 views 32988 15604 Validation error in signup: {'staff_id': ['Staff ID must be in format XX1234.']} from 127.0.0.1
WARNING 2025-12-18 10:45:25,016 log 32988 15604 Bad Request: /api/accounts/signup/
WARNING 2025-12-18 10:45:25,017 basehttp 32988 15604 "POST /api/accounts/signup/ HTTP/1.1" 400 65
INFO 2025-12-18 10:46:43,289 autoreload 38968 42632 C:\Users\Administrator\Desktop\GroupHub\backend\accounts\models.py changed, reloading.
INFO 2025-12-18 10:46:43,337 autoreload 32988 37920 C:\Users\Administrator\Desktop\GroupHub\backend\accounts\models.py changed, reloading.
INFO 2025-12-18 10:46:44,096 autoreload 36220 38748 Watching for file changes with StatReloader
INFO 2025-12-18 10:46:44,276 autoreload 2892 3256 Watching for file changes with StatReloader
WARNING 2025-12-18 11:13:02,437 views 36220 31508 Validation error in signup: {'staff_id': ['Staff ID must be in format XX1234.']} from 127.0.0.1
WARNING 2025-12-18 11:13:02,439 log 36220 31508 Bad Request: /api/accounts/signup/
WARNING 2025-12-18 11:13:02,439 basehttp 36220 31508 "POST /api/accounts/signup/ HTTP/1.1" 400 65
INFO 2025-12-18 11:13:49,371 autoreload 42780 35708 Watching for file changes with StatReloader
WARNING 2025-12-18 11:14:06,298 views 36220 40568 Signup attempt with existing email: njoro@zetech.ac.ke from 127.0.0.1
WARNING 2025-12-18 11:14:06,298 log 36220 40568 Bad Request: /api/accounts/signup/
WARNING 2025-12-18 11:14:06,299 basehttp 36220 40568 "POST /api/accounts/signup/ HTTP/1.1" 400 48
WARNING 2025-12-18 11:22:13,008 views 36220 42532 Signup attempt with existing email: njoro@zetech.ac.ke from 127.0.0.1
WARNING 2025-12-18 11:22:13,009 log 36220 42532 Bad Request: /api/accounts/signup/
WARNING 2025-12-18 11:22:13,010 basehttp 36220 42532 "POST /api/accounts/signup/ HTTP/1.1" 400 48
INFO 2025-12-18 11:24:19,385 autoreload 37040 26276 Watching for file changes with StatReloader
WARNING 2025-12-18 11:25:58,487 views 36220 27904 Signup attempt with existing email: njoro@zetech.ac.ke from 127.0.0.1
WARNING 2025-12-18 11:25:58,488 log 36220 27904 Bad Request: /api/accounts/signup/
WARNING 2025-12-18 11:25:58,488 basehttp 36220 27904 "POST /api/accounts/signup/ HTTP/1.1" 400 48
INFO 2025-12-18 11:41:15,360 views 36220 34608 User 8 created successfully. Verification email sent to peter@zetech.ac.ke
INFO 2025-12-18 11:41:15,360 basehttp 36220 34608 "POST /api/accounts/signup/ HTTP/1.1" 201 97
WARNING 2025-12-18 11:41:56,253 log 36220 26416 Unauthorized: /api/accounts/jwt/login/
WARNING 2025-12-18 11:41:56,253 basehttp 36220 26416 "POST /api/accounts/jwt/login/ HTTP/1.1" 401 31
INFO 2025-12-18 11:46:45,249 views 36220 38968 User 9 created successfully. Verification email sent to edwin@zetech.ac.ke
INFO 2025-12-18 11:46:45,249 basehttp 36220 38968 "POST /api/accounts/signup/ HTTP/1.1" 201 97
WARNING 2025-12-18 11:47:16,516 log 36220 24028 Unauthorized: /api/accounts/jwt/login/
WARNING 2025-12-18 11:47:16,516 basehttp 36220 24028 "POST /api/accounts/jwt/login/ HTTP/1.1" 401 31
WARNING 2025-12-18 11:51:55,999 log 36220 30724 Unauthorized: /api/accounts/jwt/login/
WARNING 2025-12-18 11:51:56,000 basehttp 36220 30724 "POST /api/accounts/jwt/login/ HTTP/1.1" 401 31
WARNING 2025-12-18 11:52:47,968 log 36220 37920 Unauthorized: /api/accounts/jwt/login/
WARNING 2025-12-18 11:52:47,968 basehttp 36220 37920 "POST /api/accounts/jwt/login/ HTTP/1.1" 401 31
INFO 2025-12-18 11:55:25,193 autoreload 28896 35268 Watching for file changes with StatReloader
WARNING 2025-12-18 11:56:30,914 log 36220 42988 Unauthorized: /api/accounts/jwt/login/
WARNING 2025-12-18 11:56:30,915 basehttp 36220 42988 "POST /api/accounts/jwt/login/ HTTP/1.1" 401 31
INFO 2025-12-18 11:58:48,327 autoreload 37040 26276 C:\Users\Administrator\Desktop\GroupHub\backend\backend\settings.py changed, reloading.
INFO 2025-12-18 11:58:48,327 autoreload 28896 35268 C:\Users\Administrator\Desktop\GroupHub\backend\backend\settings.py changed, reloading.
INFO 2025-12-18 11:58:48,349 autoreload 42780 35708 C:\Users\Administrator\Desktop\GroupHub\backend\backend\settings.py changed, reloading.
INFO 2025-12-18 11:58:49,256 autoreload 30724 40872 Watching for file changes with StatReloader
INFO 2025-12-18 11:58:49,257 autoreload 37680 38240 Watching for file changes with StatReloader
INFO 2025-12-18 11:58:49,408 autoreload 36220 38748 C:\Users\Administrator\Desktop\GroupHub\backend\backend\settings.py changed, reloading.
INFO 2025-12-18 11:58:49,457 autoreload 33684 41028 Watching for file changes with StatReloader
INFO 2025-12-18 11:58:50,100 autoreload 19504 39004 Watching for file changes with StatReloader
WARNING 2025-12-18 12:17:09,454 log 30724 28984 Unauthorized: /api/accounts/jwt/login/
WARNING 2025-12-18 12:17:09,455 basehttp 30724 28984 "POST /api/accounts/jwt/login/ HTTP/1.1" 401 31
WARNING 2025-12-18 12:17:30,091 log 30724 32204 Unauthorized: /api/accounts/jwt/login/
WARNING 2025-12-18 12:17:30,091 basehttp 30724 32204 "POST /api/accounts/jwt/login/ HTTP/1.1" 401 31
INFO 2025-12-18 12:21:26,807 autoreload 19504 39004 C:\Users\Administrator\Desktop\GroupHub\backend\accounts\views.py changed, reloading.
INFO 2025-12-18 12:21:26,814 autoreload 37680 38240 C:\Users\Administrator\Desktop\GroupHub\backend\accounts\views.py changed, reloading.
INFO 2025-12-18 12:21:26,828 autoreload 33684 41028 C:\Users\Administrator\Desktop\GroupHub\backend\accounts\views.py changed, reloading.
INFO 2025-12-18 12:21:27,306 autoreload 30724 40872 C:\Users\Administrator\Desktop\GroupHub\backend\accounts\views.py changed, reloading.
INFO 2025-12-18 12:21:27,822 autoreload 10456 3936 Watching for file changes with StatReloader
INFO 2025-12-18 12:21:27,824 autoreload 35644 27852 Watching for file changes with StatReloader
INFO 2025-12-18 12:21:28,007 autoreload 20148 40228 Watching for file changes with StatReloader
INFO 2025-12-18 12:21:28,186 autoreload 23624 13936 Watching for file changes with StatReloader
INFO 2025-12-18 12:25:23,268 basehttp 35644 24372 "POST /api/accounts/jwt/login/ HTTP/1.1" 200 627
WARNING 2025-12-18 12:25:23,384 log 35644 20988 Not Found: /api/accounts/dashboard/lecturer/
WARNING 2025-12-18 12:25:23,384 basehttp 35644 20988 "GET /api/accounts/dashboard/lecturer/ HTTP/1.1" 404 3898
WARNING 2025-12-18 12:25:23,392 log 35644 35692 Not Found: /api/accounts/dashboard/lecturer/
WARNING 2025-12-18 12:25:23,392 basehttp 35644 35692 "GET /api/accounts/dashboard/lecturer/ HTTP/1.1" 404 3898
INFO 2025-12-18 12:28:11,083 autoreload 41300 27064 Watching for file changes with StatReloader
INFO 2025-12-18 12:29:34,200 basehttp 35644 41736 "POST /api/accounts/jwt/login/ HTTP/1.1" 200 627
INFO 2025-12-18 12:29:43,741 basehttp 35644 41736 "POST /api/accounts/jwt/login/ HTTP/1.1" 200 627
WARNING 2025-12-18 12:29:43,825 log 35644 41736 Not Found: /api/accounts/dashboard/lecturer/
WARNING 2025-12-18 12:29:43,826 basehttp 35644 41736 "GET /api/accounts/dashboard/lecturer/ HTTP/1.1" 404 3898
INFO 2025-12-18 12:30:01,540 basehttp 35644 41736 "POST /api/accounts/jwt/login/ HTTP/1.1" 200 627
WARNING 2025-12-18 12:30:01,559 log 35644 41736 Not Found: /api/accounts/dashboard/lecturer/
WARNING 2025-12-18 12:30:01,559 basehttp 35644 41736 "GET /api/accounts/dashboard/lecturer/ HTTP/1.1" 404 3898
INFO 2025-12-18 12:30:50,771 autoreload 21068 40216 Watching for file changes with StatReloader
INFO 2025-12-18 12:31:29,931 basehttp 35644 38524 "POST /api/accounts/jwt/login/ HTTP/1.1" 200 627
WARNING 2025-12-18 12:31:30,041 log 35644 38524 Not Found: /api/accounts/dashboard/lecturer/
WARNING 2025-12-18 12:31:30,042 basehttp 35644 38524 "GET /api/accounts/dashboard/lecturer/ HTTP/1.1" 404 3898
INFO 2025-12-18 12:33:41,341 autoreload 21068 40216 C:\Users\Administrator\Desktop\GroupHub\backend\accounts\urls.py changed, reloading.
INFO 2025-12-18 12:33:41,413 autoreload 10456 3936 C:\Users\Administrator\Desktop\GroupHub\backend\accounts\urls.py changed, reloading.
INFO 2025-12-18 12:33:41,808 autoreload 41300 27064 C:\Users\Administrator\Desktop\GroupHub\backend\accounts\urls.py changed, reloading.
INFO 2025-12-18 12:33:41,820 autoreload 35644 27852 C:\Users\Administrator\Desktop\GroupHub\backend\accounts\urls.py changed, reloading.
INFO 2025-12-18 12:33:41,826 autoreload 23624 13936 C:\Users\Administrator\Desktop\GroupHub\backend\accounts\urls.py changed, reloading.
INFO 2025-12-18 12:33:41,831 autoreload 20148 40228 C:\Users\Administrator\Desktop\GroupHub\backend\accounts\urls.py changed, reloading.
INFO 2025-12-18 12:33:42,334 autoreload 40708 41616 Watching for file changes with StatReloader
INFO 2025-12-18 12:33:42,380 autoreload 19592 34272 Watching for file changes with StatReloader
INFO 2025-12-18 12:33:42,947 autoreload 26996 21552 Watching for file changes with StatReloader
INFO 2025-12-18 12:33:42,950 autoreload 37492 41848 Watching for file changes with StatReloader
INFO 2025-12-18 12:33:42,961 autoreload 30964 40520 Watching for file changes with StatReloader
INFO 2025-12-18 12:33:43,175 autoreload 23308 37552 Watching for file changes with StatReloader
INFO 2025-12-18 12:41:47,221 autoreload 40708 41616 C:\Users\Administrator\Desktop\GroupHub\backend\backend\settings.py changed, reloading.
INFO 2025-12-18 12:41:47,221 autoreload 19592 34272 C:\Users\Administrator\Desktop\GroupHub\backend\backend\settings.py changed, reloading.
INFO 2025-12-18 12:41:47,285 autoreload 23308 37552 C:\Users\Administrator\Desktop\GroupHub\backend\backend\settings.py changed, reloading.
INFO 2025-12-18 12:41:47,584 autoreload 26996 21552 C:\Users\Administrator\Desktop\GroupHub\backend\backend\settings.py changed, reloading.
INFO 2025-12-18 12:41:47,587 autoreload 30964 40520 C:\Users\Administrator\Desktop\GroupHub\backend\backend\settings.py changed, reloading.
INFO 2025-12-18 12:41:47,606 autoreload 37492 41848 C:\Users\Administrator\Desktop\GroupHub\backend\backend\settings.py changed, reloading.
INFO 2025-12-18 12:41:48,352 autoreload 41720 15680 Watching for file changes with StatReloader
INFO 2025-12-18 12:41:48,357 autoreload 34348 39548 Watching for file changes with StatReloader
INFO 2025-12-18 12:41:48,599 autoreload 26916 8564 Watching for file changes with StatReloader
INFO 2025-12-18 12:41:48,685 autoreload 20072 29016 Watching for file changes with StatReloader
INFO 2025-12-18 12:41:48,691 autoreload 42216 35752 Watching for file changes with StatReloader
INFO 2025-12-18 12:41:48,713 autoreload 21300 23952 Watching for file changes with StatReloader
INFO 2025-12-18 12:42:01,194 autoreload 20072 29016 C:\Users\Administrator\Desktop\GroupHub\backend\accounts\urls.py changed, reloading.
INFO 2025-12-18 12:42:01,209 autoreload 26916 8564 C:\Users\Administrator\Desktop\GroupHub\backend\accounts\urls.py changed, reloading.
INFO 2025-12-18 12:42:01,227 autoreload 42216 35752 C:\Users\Administrator\Desktop\GroupHub\backend\accounts\urls.py changed, reloading.
INFO 2025-12-18 12:42:01,224 autoreload 21300 23952 C:\Users\Administrator\Desktop\GroupHub\backend\accounts\urls.py changed, reloading.
INFO 2025-12-18 12:42:01,900 autoreload 41720 15680 C:\Users\Administrator\Desktop\GroupHub\backend\accounts\urls.py changed, reloading.
INFO 2025-12-18 12:42:01,928 autoreload 34348 39548 C:\Users\Administrator\Desktop\GroupHub\backend\accounts\urls.py changed, reloading.
INFO 2025-12-18 12:42:02,192 autoreload 28264 34164 Watching for file changes with StatReloader
INFO 2025-12-18 12:42:02,201 autoreload 23976 38700 Watching for file changes with StatReloader
INFO 2025-12-18 12:42:02,210 autoreload 39500 42180 Watching for file changes with StatReloader
INFO 2025-12-18 12:42:02,439 autoreload 20028 25056 Watching for file changes with StatReloader
INFO 2025-12-18 12:42:02,983 autoreload 42748 40360 Watching for file changes with StatReloader
INFO 2025-12-18 12:42:03,016 autoreload 36140 33776 Watching for file changes with StatReloader
INFO 2025-12-18 14:11:07,258 autoreload 38628 27160 Watching for file changes with StatReloader
INFO 2025-12-18 14:11:56,121 autoreload 38628 27160 C:\Users\Administrator\Desktop\GroupHub\backend\accounts\views.py changed, reloading.
INFO 2025-12-18 14:11:56,832 autoreload 17844 32892 Watching for file changes with StatReloader
WARNING 2025-12-18 14:12:24,682 log 17844 39548 Not Found: /api/accounts/jwt/login/
WARNING 2025-12-18 14:12:24,682 basehttp 17844 39548 "POST /api/accounts/jwt/login/ HTTP/1.1" 404 3884
INFO 2025-12-18 14:13:06,191 autoreload 17844 32892 C:\Users\Administrator\Desktop\GroupHub\backend\accounts\urls.py changed, reloading.
INFO 2025-12-18 14:13:06,844 autoreload 26124 12676 Watching for file changes with StatReloader
INFO 2025-12-18 14:14:22,659 basehttp 26124 22000 "POST /api/accounts/jwt/login/ HTTP/1.1" 200 639
INFO 2025-12-18 14:14:25,771 views 26124 27504 Dashboard request for user 13: lecturer@zetech.ac.ke, type: lecturer
INFO 2025-12-18 14:14:25,777 views 26124 27504 Dashboard data returned for user 13
INFO 2025-12-18 14:14:25,778 basehttp 26124 27504 "GET /api/accounts/dashboard/lecturer/ HTTP/1.1" 200 222
INFO 2025-12-18 14:14:26,373 views 26124 29268 Dashboard request for user 13: lecturer@zetech.ac.ke, type: lecturer
INFO 2025-12-18 14:14:26,383 views 26124 29268 Dashboard data returned for user 13
INFO 2025-12-18 14:14:26,384 basehttp 26124 29268 "GET /api/accounts/dashboard/lecturer/ HTTP/1.1" 200 222
INFO 2025-12-18 14:16:01,287 basehttp 26124 37864 "POST /api/accounts/jwt/login/ HTTP/1.1" 200 639
INFO 2025-12-18 14:16:04,333 views 26124 32052 Dashboard request for user 13: lecturer@zetech.ac.ke, type: lecturer
INFO 2025-12-18 14:16:04,340 views 26124 32052 Dashboard data returned for user 13
INFO 2025-12-18 14:16:04,341 basehttp 26124 32052 "GET /api/accounts/dashboard/lecturer/ HTTP/1.1" 200 222
INFO 2025-12-18 14:16:04,914 views 26124 27744 Dashboard request for user 13: lecturer@zetech.ac.ke, type: lecturer
INFO 2025-12-18 14:16:04,920 views 26124 27744 Dashboard data returned for user 13
INFO 2025-12-18 14:16:04,921 basehttp 26124 27744 "GET /api/accounts/dashboard/lecturer/ HTTP/1.1" 200 222
INFO 2025-12-18 14:17:05,666 views 26124 7460 Dashboard request for user 13: lecturer@zetech.ac.ke, type: lecturer
INFO 2025-12-18 14:17:05,672 views 26124 7460 Dashboard data returned for user 13
INFO 2025-12-18 14:17:05,672 basehttp 26124 7460 "GET /api/accounts/dashboard/lecturer/ HTTP/1.1" 200 222
INFO 2025-12-18 14:17:06,272 views 26124 32116 Dashboard request for user 13: lecturer@zetech.ac.ke, type: lecturer
INFO 2025-12-18 14:17:06,290 views 26124 32116 Dashboard data returned for user 13
INFO 2025-12-18 14:17:06,292 basehttp 26124 32116 "GET /api/accounts/dashboard/lecturer/ HTTP/1.1" 200 222
INFO 2025-12-18 14:20:40,341 views 26124 20824 Dashboard request for user 13: lecturer@zetech.ac.ke, type: lecturer
INFO 2025-12-18 14:20:40,347 views 26124 20824 Dashboard data returned for user 13
INFO 2025-12-18 14:20:40,348 basehttp 26124 20824 "GET /api/accounts/dashboard/lecturer/ HTTP/1.1" 200 222
INFO 2025-12-18 14:20:40,940 views 26124 13076 Dashboard request for user 13: lecturer@zetech.ac.ke, type: lecturer
INFO 2025-12-18 14:20:40,950 views 26124 13076 Dashboard data returned for user 13
INFO 2025-12-18 14:20:40,951 basehttp 26124 13076 "GET /api/accounts/dashboard/lecturer/ HTTP/1.1" 200 222
INFO 2025-12-18 14:20:50,062 views 26124 2972 Dashboard request for user 13: lecturer@zetech.ac.ke, type: lecturer
INFO 2025-12-18 14:20:50,065 views 26124 2972 Dashboard data returned for user 13
INFO 2025-12-18 14:20:50,066 basehttp 26124 2972 "GET /api/accounts/dashboard/lecturer/ HTTP/1.1" 200 222
INFO 2025-12-18 14:20:50,657 views 26124 42928 Dashboard request for user 13: lecturer@zetech.ac.ke, type: lecturer
INFO 2025-12-18 14:20:50,663 views 26124 42928 Dashboard data returned for user 13
INFO 2025-12-18 14:20:50,664 basehttp 26124 42928 "GET /api/accounts/dashboard/lecturer/ HTTP/1.1" 200 222
WARNING 2025-12-18 14:23:04,805 log 26124 32052 Unauthorized: /api/accounts/dashboard/lecturer/
WARNING 2025-12-18 14:23:04,805 basehttp 26124 32052 "GET /api/accounts/dashboard/lecturer/ HTTP/1.1" 401 172
WARNING 2025-12-18 14:23:05,393 log 26124 40444 Unauthorized: /api/accounts/dashboard/lecturer/
WARNING 2025-12-18 14:23:05,394 basehttp 26124 40444 "GET /api/accounts/dashboard/lecturer/ HTTP/1.1" 401 172
INFO 2025-12-18 14:24:13,106 basehttp 26124 32960 "POST /api/accounts/jwt/login/ HTTP/1.1" 200 639
INFO 2025-12-18 14:24:16,249 views 26124 42696 Dashboard request for user 13: lecturer@zetech.ac.ke, type: lecturer
INFO 2025-12-18 14:24:16,257 views 26124 42696 Dashboard data returned for user 13
INFO 2025-12-18 14:24:16,258 basehttp 26124 42696 "GET /api/accounts/dashboard/lecturer/ HTTP/1.1" 200 222
INFO 2025-12-18 14:24:16,842 views 26124 42748 Dashboard request for user 13: lecturer@zetech.ac.ke, type: lecturer
INFO 2025-12-18 14:24:16,850 views 26124 42748 Dashboard data returned for user 13
INFO 2025-12-18 14:24:16,851 basehttp 26124 42748 "GET /api/accounts/dashboard/lecturer/ HTTP/1.1" 200 222
INFO 2025-12-18 14:24:30,220 views 26124 32204 Dashboard request for user 13: lecturer@zetech.ac.ke, type: lecturer
INFO 2025-12-18 14:24:30,227 views 26124 32204 Dashboard data returned for user 13
INFO 2025-12-18 14:24:30,228 basehttp 26124 32204 "GET /api/accounts/dashboard/lecturer/ HTTP/1.1" 200 222
INFO 2025-12-18 14:24:30,238 views 26124 27804 Dashboard request for user 13: lecturer@zetech.ac.ke, type: lecturer
INFO 2025-12-18 14:24:30,249 views 26124 27804 Dashboard data returned for user 13
INFO 2025-12-18 14:24:30,250 basehttp 26124 27804 "GET /api/accounts/dashboard/lecturer/ HTTP/1.1" 200 222
INFO 2025-12-18 14:26:08,872 basehttp 26124 36724 "POST /api/accounts/jwt/login/ HTTP/1.1" 200 639
INFO 2025-12-18 14:26:08,967 views 26124 22980 Dashboard request for user 13: lecturer@zetech.ac.ke, type: lecturer
INFO 2025-12-18 14:26:08,972 views 26124 22980 Dashboard data returned for user 13
INFO 2025-12-18 14:26:08,973 basehttp 26124 22980 "GET /api/accounts/dashboard/lecturer/ HTTP/1.1" 200 222
INFO 2025-12-18 14:26:08,980 views 26124 39716 Dashboard request for user 13: lecturer@zetech.ac.ke, type: lecturer
INFO 2025-12-18 14:26:08,988 views 26124 39716 Dashboard data returned for user 13
INFO 2025-12-18 14:26:08,989 basehttp 26124 39716 "GET /api/accounts/dashboard/lecturer/ HTTP/1.1" 200 222
INFO 2025-12-18 14:44:09,847 autoreload 35352 21484 Watching for file changes with StatReloader
WARNING 2025-12-18 14:48:00,014 log 35352 38540 Unauthorized: /api/accounts/dashboard/lecturer/
WARNING 2025-12-18 14:48:00,015 basehttp 35352 38540 "GET /api/accounts/dashboard/lecturer/ HTTP/1.1" 401 172
WARNING 2025-12-18 14:48:00,030 log 35352 3516 Unauthorized: /api/accounts/dashboard/lecturer/
WARNING 2025-12-18 14:48:00,030 basehttp 35352 3516 "GET /api/accounts/dashboard/lecturer/ HTTP/1.1" 401 172
WARNING 2025-12-18 14:48:49,879 log 35352 35528 Unauthorized: /api/accounts/jwt/login/
WARNING 2025-12-18 14:48:49,879 basehttp 35352 35528 "POST /api/accounts/jwt/login/ HTTP/1.1" 401 31
INFO 2025-12-18 14:49:14,545 basehttp 35352 12216 "POST /api/accounts/jwt/login/ HTTP/1.1" 200 639
INFO 2025-12-18 14:49:14,756 views 35352 42364 Dashboard request for user 13: lecturer@zetech.ac.ke, type: lecturer
INFO 2025-12-18 14:49:14,768 views 35352 42364 Dashboard data returned for user 13
INFO 2025-12-18 14:49:14,769 basehttp 35352 42364 "GET /api/accounts/dashboard/lecturer/ HTTP/1.1" 200 222
INFO 2025-12-18 14:49:14,776 views 35352 1648 Dashboard request for user 13: lecturer@zetech.ac.ke, type: lecturer
INFO 2025-12-18 14:49:14,780 views 35352 1648 Dashboard data returned for user 13
INFO 2025-12-18 14:49:14,781 basehttp 35352 1648 "GET /api/accounts/dashboard/lecturer/ HTTP/1.1" 200 222
INFO 2025-12-18 14:50:25,385 views 35352 34192 Dashboard request for user 13: lecturer@zetech.ac.ke, type: lecturer
INFO 2025-12-18 14:50:25,398 views 35352 34192 Dashboard data returned for user 13
INFO 2025-12-18 14:50:25,399 basehttp 35352 34192 "GET /api/accounts/dashboard/lecturer/ HTTP/1.1" 200 222
INFO 2025-12-18 14:50:25,410 views 35352 23496 Dashboard request for user 13: lecturer@zetech.ac.ke, type: lecturer
INFO 2025-12-18 14:50:25,423 views 35352 23496 Dashboard data returned for user 13
INFO 2025-12-18 14:50:25,425 basehttp 35352 23496 "GET /api/accounts/dashboard/lecturer/ HTTP/1.1" 200 222
WARNING 2025-12-18 14:55:52,460 log 35352 28520 Unauthorized: /api/accounts/dashboard/lecturer/
WARNING 2025-12-18 14:55:52,460 basehttp 35352 28520 "GET /api/accounts/dashboard/lecturer/ HTTP/1.1" 401 172
WARNING 2025-12-18 14:55:52,468 log 35352 36400 Unauthorized: /api/accounts/dashboard/lecturer/
WARNING 2025-12-18 14:55:52,468 basehttp 35352 36400 "GET /api/accounts/dashboard/lecturer/ HTTP/1.1" 401 172
INFO 2025-12-18 14:56:16,449 basehttp 35352 30016 "POST /api/accounts/jwt/login/ HTTP/1.1" 200 639
INFO 2025-12-18 14:56:16,606 views 35352 29524 Dashboard request for user 13: lecturer@zetech.ac.ke, type: lecturer
INFO 2025-12-18 14:56:16,614 views 35352 29524 Dashboard data returned for user 13
INFO 2025-12-18 14:56:16,615 basehttp 35352 29524 "GET /api/accounts/dashboard/lecturer/ HTTP/1.1" 200 222
INFO 2025-12-18 14:56:16,625 views 35352 35652 Dashboard request for user 13: lecturer@zetech.ac.ke, type: lecturer
INFO 2025-12-18 14:56:16,630 views 35352 35652 Dashboard data returned for user 13
INFO 2025-12-18 14:56:16,631 basehttp 35352 35652 "GET /api/accounts/dashboard/lecturer/ HTTP/1.1" 200 222
WARNING 2025-12-18 15:10:42,349 log 35352 37900 Unauthorized: /api/accounts/dashboard/lecturer/
WARNING 2025-12-18 15:10:42,350 basehttp 35352 37900 "GET /api/accounts/dashboard/lecturer/ HTTP/1.1" 401 172
WARNING 2025-12-18 15:10:42,367 log 35352 2716 Unauthorized: /api/accounts/dashboard/lecturer/
WARNING 2025-12-18 15:10:42,368 basehttp 35352 2716 "GET /api/accounts/dashboard/lecturer/ HTTP/1.1" 401 172
INFO 2025-12-18 15:12:10,531 basehttp 35352 28816 "POST /api/accounts/jwt/login/ HTTP/1.1" 200 639
INFO 2025-12-18 15:12:10,679 views 35352 9816 Dashboard request for user 13: lecturer@zetech.ac.ke, type: lecturer
INFO 2025-12-18 15:12:10,688 views 35352 9816 Dashboard data returned for user 13
INFO 2025-12-18 15:12:10,688 basehttp 35352 9816 "GET /api/accounts/dashboard/lecturer/ HTTP/1.1" 200 222
INFO 2025-12-18 15:12:10,694 views 35352 34116 Dashboard request for user 13: lecturer@zetech.ac.ke, type: lecturer
INFO 2025-12-18 15:12:10,700 views 35352 34116 Dashboard data returned for user 13
INFO 2025-12-18 15:12:10,701 basehttp 35352 34116 "GET /api/accounts/dashboard/lecturer/ HTTP/1.1" 200 222
INFO 2025-12-18 15:15:50,211 views 35352 35360 Dashboard request for user 13: lecturer@zetech.ac.ke, type: lecturer
INFO 2025-12-18 15:15:50,218 views 35352 35360 Dashboard data returned for user 13
INFO 2025-12-18 15:15:50,219 basehttp 35352 35360 "GET /api/accounts/dashboard/lecturer/ HTTP/1.1" 200 222
INFO 2025-12-18 15:15:50,228 views 35352 41480 Dashboard request for user 13: lecturer@zetech.ac.ke, type: lecturer
INFO 2025-12-18 15:15:50,234 views 35352 41480 Dashboard data returned for user 13
INFO 2025-12-18 15:15:50,235 basehttp 35352 41480 "GET /api/accounts/dashboard/lecturer/ HTTP/1.1" 200 222
INFO 2025-12-18 15:16:19,008 views 35352 33568 Dashboard request for user 13: lecturer@zetech.ac.ke, type: lecturer
INFO 2025-12-18 15:16:19,018 views 35352 33568 Dashboard data returned for user 13
INFO 2025-12-18 15:16:19,024 basehttp 35352 33568 "GET /api/accounts/dashboard/lecturer/ HTTP/1.1" 200 222
INFO 2025-12-18 15:16:19,034 views 35352 11460 Dashboard request for user 13: lecturer@zetech.ac.ke, type: lecturer
INFO 2025-12-18 15:16:19,046 views 35352 11460 Dashboard data returned for user 13
INFO 2025-12-18 15:16:19,048 basehttp 35352 11460 "GET /api/accounts/dashboard/lecturer/ HTTP/1.1" 200 222
INFO 2025-12-18 15:16:27,538 views 35352 31576 Dashboard request for user 13: lecturer@zetech.ac.ke, type: lecturer
INFO 2025-12-18 15:16:27,546 views 35352 31576 Dashboard data returned for user 13
INFO 2025-12-18 15:16:27,547 basehttp 35352 31576 "GET /api/accounts/dashboard/lecturer/ HTTP/1.1" 200 222
INFO 2025-12-18 15:16:27,559 views 35352 24056 Dashboard request for user 13: lecturer@zetech.ac.ke, type: lecturer
INFO 2025-12-18 15:16:27,570 views 35352 24056 Dashboard data returned for user 13
INFO 2025-12-18 15:16:27,571 basehttp 35352 24056 "GET /api/accounts/dashboard/lecturer/ HTTP/1.1" 200 222
WARNING 2025-12-18 15:17:51,253 log 35352 42548 Unauthorized: /api/accounts/dashboard/lecturer/
WARNING 2025-12-18 15:17:51,254 basehttp 35352 42548 "GET /api/accounts/dashboard/lecturer/ HTTP/1.1" 401 172
WARNING 2025-12-18 15:17:51,260 log 35352 23780 Unauthorized: /api/accounts/dashboard/lecturer/
WARNING 2025-12-18 15:17:51,262 basehttp 35352 23780 "GET /api/accounts/dashboard/lecturer/ HTTP/1.1" 401 172
INFO 2025-12-18 15:18:29,959 basehttp 35352 36100 "POST /api/accounts/jwt/login/ HTTP/1.1" 200 639
INFO 2025-12-18 15:18:30,106 views 35352 35820 Dashboard request for user 13: lecturer@zetech.ac.ke, type: lecturer
INFO 2025-12-18 15:18:30,114 views 35352 35820 Dashboard data returned for user 13
INFO 2025-12-18 15:18:30,115 basehttp 35352 35820 "GET /api/accounts/dashboard/lecturer/ HTTP/1.1" 200 222
INFO 2025-12-18 15:18:30,122 views 35352 16824 Dashboard request for user 13: lecturer@zetech.ac.ke, type: lecturer
INFO 2025-12-18 15:18:30,130 views 35352 16824 Dashboard data returned for user 13
INFO 2025-12-18 15:18:30,130 basehttp 35352 16824 "GET /api/accounts/dashboard/lecturer/ HTTP/1.1" 200 222
WARNING 2025-12-18 15:30:15,200 log 35352 32100 Unauthorized: /api/accounts/dashboard/lecturer/
WARNING 2025-12-18 15:30:15,200 basehttp 35352 32100 "GET /api/accounts/dashboard/lecturer/ HTTP/1.1" 401 172
WARNING 2025-12-18 15:30:15,208 log 35352 33152 Unauthorized: /api/accounts/dashboard/lecturer/
WARNING 2025-12-18 15:30:15,208 basehttp 35352 33152 "GET /api/accounts/dashboard/lecturer/ HTTP/1.1" 401 172
INFO 2025-12-18 15:32:49,200 basehttp 35352 1860 "POST /api/accounts/jwt/login/ HTTP/1.1" 200 639
INFO 2025-12-18 15:32:49,359 views 35352 14304 Dashboard request for user 13: lecturer@zetech.ac.ke, type: lecturer
INFO 2025-12-18 15:32:49,366 views 35352 14304 Dashboard data returned for user 13
INFO 2025-12-18 15:32:49,367 basehttp 35352 14304 "GET /api/accounts/dashboard/lecturer/ HTTP/1.1" 200 222
INFO 2025-12-18 15:32:49,372 views 35352 30268 Dashboard request for user 13: lecturer@zetech.ac.ke, type: lecturer
INFO 2025-12-18 15:32:49,377 views 35352 30268 Dashboard data returned for user 13
INFO 2025-12-18 15:32:49,378 basehttp 35352 30268 "GET /api/accounts/dashboard/lecturer/ HTTP/1.1" 200 222
WARNING 2025-12-18 15:44:38,601 log 35352 22220 Unauthorized: /api/accounts/dashboard/lecturer/
WARNING 2025-12-18 15:44:38,602 basehttp 35352 22220 "GET /api/accounts/dashboard/lecturer/ HTTP/1.1" 401 172
WARNING 2025-12-18 15:44:38,614 log 35352 38712 Unauthorized: /api/accounts/dashboard/lecturer/
WARNING 2025-12-18 15:44:38,615 basehttp 35352 38712 "GET /api/accounts/dashboard/lecturer/ HTTP/1.1" 401 172
INFO 2025-12-18 15:45:11,455 basehttp 35352 39040 "POST /api/accounts/jwt/login/ HTTP/1.1" 200 639
INFO 2025-12-18 15:45:11,607 views 35352 12632 Dashboard request for user 13: lecturer@zetech.ac.ke, type: lecturer
INFO 2025-12-18 15:45:11,613 views 35352 12632 Dashboard data returned for user 13
INFO 2025-12-18 15:45:11,614 basehttp 35352 12632 "GET /api/accounts/dashboard/lecturer/ HTTP/1.1" 200 222
INFO 2025-12-18 15:45:11,619 views 35352 41316 Dashboard request for user 13: lecturer@zetech.ac.ke, type: lecturer
INFO 2025-12-18 15:45:11,623 views 35352 41316 Dashboard data returned for user 13
INFO 2025-12-18 15:45:11,624 basehttp 35352 41316 "GET /api/accounts/dashboard/lecturer/ HTTP/1.1" 200 222
INFO 2025-12-18 15:46:51,228 views 35352 9692 Dashboard request for user 13: lecturer@zetech.ac.ke, type: lecturer
INFO 2025-12-18 15:46:51,238 views 35352 9692 Dashboard data returned for user 13
INFO 2025-12-18 15:46:51,239 basehttp 35352 9692 "GET /api/accounts/dashboard/lecturer/ HTTP/1.1" 200 222
INFO 2025-12-18 15:46:51,245 views 35352 14984 Dashboard request for user 13: lecturer@zetech.ac.ke, type: lecturer
INFO 2025-12-18 15:46:51,254 views 35352 14984 Dashboard data returned for user 13
INFO 2025-12-18 15:46:51,255 basehttp 35352 14984 "GET /api/accounts/dashboard/lecturer/ HTTP/1.1" 200 222
INFO 2025-12-18 15:46:59,207 views 35352 32000 Dashboard request for user 13: lecturer@zetech.ac.ke, type: lecturer
INFO 2025-12-18 15:46:59,215 views 35352 32000 Dashboard data returned for user 13
INFO 2025-12-18 15:46:59,216 basehttp 35352 32000 "GET /api/accounts/dashboard/lecturer/ HTTP/1.1" 200 222
INFO 2025-12-18 15:46:59,222 views 35352 41996 Dashboard request for user 13: lecturer@zetech.ac.ke, type: lecturer
INFO 2025-12-18 15:46:59,230 views 35352 41996 Dashboard data returned for user 13
INFO 2025-12-18 15:46:59,231 basehttp 35352 41996 "GET /api/accounts/dashboard/lecturer/ HTTP/1.1" 200 222
INFO 2025-12-18 15:48:51,451 views 35352 35752 Dashboard request for user 13: lecturer@zetech.ac.ke, type: lecturer
INFO 2025-12-18 15:48:51,459 views 35352 35752 Dashboard data returned for user 13
INFO 2025-12-18 15:48:51,460 basehttp 35352 35752 "GET /api/accounts/dashboard/lecturer/ HTTP/1.1" 200 222
INFO 2025-12-18 15:48:51,465 views 35352 30884 Dashboard request for user 13: lecturer@zetech.ac.ke, type: lecturer
INFO 2025-12-18 15:48:51,471 views 35352 30884 Dashboard data returned for user 13
INFO 2025-12-18 15:48:51,473 basehttp 35352 30884 "GET /api/accounts/dashboard/lecturer/ HTTP/1.1" 200 222
INFO 2025-12-18 15:48:59,310 views 35352 32300 Dashboard request for user 13: lecturer@zetech.ac.ke, type: lecturer
INFO 2025-12-18 15:48:59,321 views 35352 32300 Dashboard data returned for user 13
INFO 2025-12-18 15:48:59,323 basehttp 35352 32300 "GET /api/accounts/dashboard/lecturer/ HTTP/1.1" 200 222
INFO 2025-12-18 15:48:59,331 views 35352 28824 Dashboard request for user 13: lecturer@zetech.ac.ke, type: lecturer
INFO 2025-12-18 15:48:59,344 views 35352 28824 Dashboard data returned for user 13
INFO 2025-12-18 15:48:59,345 basehttp 35352 28824 "GET /api/accounts/dashboard/lecturer/ HTTP/1.1" 200 222
INFO 2025-12-18 15:49:06,161 views 35352 6988 Dashboard request for user 13: lecturer@zetech.ac.ke, type: lecturer
INFO 2025-12-18 15:49:06,170 views 35352 6988 Dashboard data returned for user 13
INFO 2025-12-18 15:49:06,171 basehttp 35352 6988 "GET /api/accounts/dashboard/lecturer/ HTTP/1.1" 200 222
INFO 2025-12-18 15:49:06,178 views 35352 3516 Dashboard request for user 13: lecturer@zetech.ac.ke, type: lecturer
INFO 2025-12-18 15:49:06,185 views 35352 3516 Dashboard data returned for user 13
INFO 2025-12-18 15:49:06,186 basehttp 35352 3516 "GET /api/accounts/dashboard/lecturer/ HTTP/1.1" 200 222
WARNING 2025-12-18 15:51:41,251 log 35352 17972 Unauthorized: /api/accounts/dashboard/lecturer/
WARNING 2025-12-18 15:51:41,252 basehttp 35352 17972 "GET /api/accounts/dashboard/lecturer/ HTTP/1.1" 401 172
WARNING 2025-12-18 15:51:41,257 log 35352 42608 Unauthorized: /api/accounts/dashboard/lecturer/
WARNING 2025-12-18 15:51:41,258 basehttp 35352 42608 "GET /api/accounts/dashboard/lecturer/ HTTP/1.1" 401 172
INFO 2025-12-18 15:53:36,030 basehttp 35352 3976 "POST /api/accounts/jwt/login/ HTTP/1.1" 200 639
INFO 2025-12-18 15:53:36,201 views 35352 34832 Dashboard request for user 13: lecturer@zetech.ac.ke, type: lecturer
INFO 2025-12-18 15:53:36,209 views 35352 34832 Dashboard data returned for user 13
INFO 2025-12-18 15:53:36,210 basehttp 35352 34832 "GET /api/accounts/dashboard/lecturer/ HTTP/1.1" 200 222
INFO 2025-12-18 15:53:36,216 views 35352 25952 Dashboard request for user 13: lecturer@zetech.ac.ke, type: lecturer
INFO 2025-12-18 15:53:36,224 views 35352 25952 Dashboard data returned for user 13
INFO 2025-12-18 15:53:36,225 basehttp 35352 25952 "GET /api/accounts/dashboard/lecturer/ HTTP/1.1" 200 222
WARNING 2025-12-18 16:05:40,358 log 35352 1768 Unauthorized: /api/accounts/dashboard/lecturer/
WARNING 2025-12-18 16:05:40,396 basehttp 35352 1768 "GET /api/accounts/dashboard/lecturer/ HTTP/1.1" 401 172
WARNING 2025-12-18 16:05:40,486 log 35352 27832 Unauthorized: /api/accounts/dashboard/lecturer/
INFO 2025-12-18 16:05:46,256 basehttp 35352 42464 "POST /api/accounts/jwt/login/ HTTP/1.1" 200 639
INFO 2025-12-18 16:05:46,410 views 35352 32784 Dashboard request for user 13: lecturer@zetech.ac.ke, type: lecturer
INFO 2025-12-18 16:05:46,419 views 35352 32784 Dashboard data returned for user 13
INFO 2025-12-18 16:05:46,420 basehttp 35352 32784 "GET /api/accounts/dashboard/lecturer/ HTTP/1.1" 200 222
INFO 2025-12-18 16:05:46,425 views 35352 11872 Dashboard request for user 13: lecturer@zetech.ac.ke, type: lecturer
INFO 2025-12-18 16:05:46,430 views 35352 11872 Dashboard data returned for user 13
INFO 2025-12-18 16:05:46,431 basehttp 35352 11872 "GET /api/accounts/dashboard/lecturer/ HTTP/1.1" 200 222
INFO 2025-12-18 16:06:32,209 views 35352 36676 Dashboard request for user 13: lecturer@zetech.ac.ke, type: lecturer
INFO 2025-12-18 16:06:32,215 views 35352 36676 Dashboard data returned for user 13
INFO 2025-12-18 16:06:32,216 basehttp 35352 36676 "GET /api/accounts/dashboard/lecturer/ HTTP/1.1" 200 222
INFO 2025-12-18 16:06:32,225 views 35352 30488 Dashboard request for user 13: lecturer@zetech.ac.ke, type: lecturer
INFO 2025-12-18 16:06:32,233 views 35352 30488 Dashboard data returned for user 13
INFO 2025-12-18 16:06:32,234 basehttp 35352 30488 "GET /api/accounts/dashboard/lecturer/ HTTP/1.1" 200 222
INFO 2025-12-18 16:06:43,203 views 35352 41008 Dashboard request for user 13: lecturer@zetech.ac.ke, type: lecturer
INFO 2025-12-18 16:06:43,214 views 35352 41008 Dashboard data returned for user 13
INFO 2025-12-18 16:06:43,257 basehttp 35352 41008 "GET /api/accounts/dashboard/lecturer/ HTTP/1.1" 200 222
INFO 2025-12-18 16:06:43,314 views 35352 35948 Dashboard request for user 13: lecturer@zetech.ac.ke, type: lecturer
INFO 2025-12-18 16:06:43,323 views 35352 35948 Dashboard data returned for user 13
INFO 2025-12-18 16:06:43,324 basehttp 35352 35948 "GET /api/accounts/dashboard/lecturer/ HTTP/1.1" 200 222
INFO 2025-12-18 16:06:52,136 views 35352 34592 Dashboard request for user 13: lecturer@zetech.ac.ke, type: lecturer
INFO 2025-12-18 16:06:52,143 views 35352 34592 Dashboard data returned for user 13
INFO 2025-12-18 16:06:52,144 basehttp 35352 34592 "GET /api/accounts/dashboard/lecturer/ HTTP/1.1" 200 222
INFO 2025-12-18 16:06:52,149 views 35352 23096 Dashboard request for user 13: lecturer@zetech.ac.ke, type: lecturer
INFO 2025-12-18 16:06:52,154 views 35352 23096 Dashboard data returned for user 13
INFO 2025-12-18 16:06:52,156 basehttp 35352 23096 "GET /api/accounts/dashboard/lecturer/ HTTP/1.1" 200 222
INFO 2025-12-18 16:07:08,227 views 35352 3736 Dashboard request for user 13: lecturer@zetech.ac.ke, type: lecturer
INFO 2025-12-18 16:07:08,235 views 35352 3736 Dashboard data returned for user 13
INFO 2025-12-18 16:07:08,235 basehttp 35352 3736 "GET /api/accounts/dashboard/lecturer/ HTTP/1.1" 200 222
INFO 2025-12-18 16:07:08,241 views 35352 31624 Dashboard request for user 13: lecturer@zetech.ac.ke, type: lecturer
INFO 2025-12-18 16:07:08,247 views 35352 31624 Dashboard data returned for user 13
INFO 2025-12-18 16:07:08,248 basehttp 35352 31624 "GET /api/accounts/dashboard/lecturer/ HTTP/1.1" 200 222
INFO 2025-12-18 16:07:18,295 views 35352 34592 Dashboard request for user 13: lecturer@zetech.ac.ke, type: lecturer
INFO 2025-12-18 16:07:18,304 views 35352 34592 Dashboard data returned for user 13
INFO 2025-12-18 16:07:18,305 basehttp 35352 34592 "GET /api/accounts/dashboard/lecturer/ HTTP/1.1" 200 222
INFO 2025-12-18 16:07:18,313 views 35352 23096 Dashboard request for user 13: lecturer@zetech.ac.ke, type: lecturer
INFO 2025-12-18 16:07:18,318 views 35352 23096 Dashboard data returned for user 13
INFO 2025-12-18 16:07:18,319 basehttp 35352 23096 "GET /api/accounts/dashboard/lecturer/ HTTP/1.1" 200 222
WARNING 2025-12-18 16:13:52,272 log 35352 25332 Unauthorized: /api/accounts/dashboard/lecturer/
WARNING 2025-12-18 16:13:52,274 basehttp 35352 25332 "GET /api/accounts/dashboard/lecturer/ HTTP/1.1" 401 172
WARNING 2025-12-18 16:13:52,281 log 35352 26052 Unauthorized: /api/accounts/dashboard/lecturer/
WARNING 2025-12-18 16:13:52,285 basehttp 35352 26052 "GET /api/accounts/dashboard/lecturer/ HTTP/1.1" 401 172
INFO 2025-12-18 16:15:27,612 basehttp 35352 39088 "POST /api/accounts/jwt/login/ HTTP/1.1" 200 639
INFO 2025-12-18 16:15:27,770 views 35352 15580 Dashboard request for user 13: lecturer@zetech.ac.ke, type: lecturer
INFO 2025-12-18 16:15:27,777 views 35352 15580 Dashboard data returned for user 13
INFO 2025-12-18 16:15:27,777 basehttp 35352 15580 "GET /api/accounts/dashboard/lecturer/ HTTP/1.1" 200 222
INFO 2025-12-18 16:15:27,782 views 35352 36568 Dashboard request for user 13: lecturer@zetech.ac.ke, type: lecturer
INFO 2025-12-18 16:15:27,787 views 35352 36568 Dashboard data returned for user 13
INFO 2025-12-18 16:15:27,788 basehttp 35352 36568 "GET /api/accounts/dashboard/lecturer/ HTTP/1.1" 200 222
INFO 2025-12-18 16:18:45,087 views 35352 7572 Dashboard request for user 13: lecturer@zetech.ac.ke, type: lecturer
INFO 2025-12-18 16:18:45,105 views 35352 7572 Dashboard data returned for user 13
INFO 2025-12-18 16:18:45,106 basehttp 35352 7572 "GET /api/accounts/dashboard/lecturer/ HTTP/1.1" 200 222
INFO 2025-12-18 16:18:45,115 views 35352 3360 Dashboard request for user 13: lecturer@zetech.ac.ke, type: lecturer
INFO 2025-12-18 16:18:45,122 views 35352 3360 Dashboard data returned for user 13
INFO 2025-12-18 16:18:45,123 basehttp 35352 3360 "GET /api/accounts/dashboard/lecturer/ HTTP/1.1" 200 222
INFO 2025-12-18 16:18:56,834 views 35352 7840 Dashboard request for user 13: lecturer@zetech.ac.ke, type: lecturer
INFO 2025-12-18 16:18:56,856 views 35352 7840 Dashboard data returned for user 13
INFO 2025-12-18 16:18:56,859 basehttp 35352 7840 "GET /api/accounts/dashboard/lecturer/ HTTP/1.1" 200 222
INFO 2025-12-18 16:18:56,867 views 35352 38064 Dashboard request for user 13: lecturer@zetech.ac.ke, type: lecturer
INFO 2025-12-18 16:18:56,877 views 35352 38064 Dashboard data returned for user 13
INFO 2025-12-18 16:18:56,879 basehttp 35352 38064 "GET /api/accounts/dashboard/lecturer/ HTTP/1.1" 200 222
INFO 2025-12-18 16:19:24,447 views 35352 24444 Dashboard request for user 13: lecturer@zetech.ac.ke, type: lecturer
INFO 2025-12-18 16:19:24,464 views 35352 24444 Dashboard data returned for user 13
INFO 2025-12-18 16:19:24,465 basehttp 35352 24444 "GET /api/accounts/dashboard/lecturer/ HTTP/1.1" 200 222
INFO 2025-12-18 16:19:24,474 views 35352 7408 Dashboard request for user 13: lecturer@zetech.ac.ke, type: lecturer
INFO 2025-12-18 16:19:24,482 views 35352 7408 Dashboard data returned for user 13
INFO 2025-12-18 16:19:24,483 basehttp 35352 7408 "GET /api/accounts/dashboard/lecturer/ HTTP/1.1" 200 222
INFO 2025-12-18 16:19:46,259 views 35352 35368 Dashboard request for user 13: lecturer@zetech.ac.ke, type: lecturer
INFO 2025-12-18 16:19:46,269 views 35352 35368 Dashboard data returned for user 13
INFO 2025-12-18 16:19:46,273 basehttp 35352 35368 "GET /api/accounts/dashboard/lecturer/ HTTP/1.1" 200 222
INFO 2025-12-18 16:19:46,280 views 35352 40368 Dashboard request for user 13: lecturer@zetech.ac.ke, type: lecturer
INFO 2025-12-18 16:19:46,291 views 35352 40368 Dashboard data returned for user 13
INFO 2025-12-18 16:19:46,292 basehttp 35352 40368 "GET /api/accounts/dashboard/lecturer/ HTTP/1.1" 200 222
INFO 2025-12-18 16:19:59,299 views 35352 40632 Dashboard request for user 13: lecturer@zetech.ac.ke, type: lecturer
INFO 2025-12-18 16:19:59,307 views 35352 40632 Dashboard data returned for user 13
INFO 2025-12-18 16:19:59,308 basehttp 35352 40632 "GET /api/accounts/dashboard/lecturer/ HTTP/1.1" 200 222
INFO 2025-12-18 16:19:59,316 views 35352 38916 Dashboard request for user 13: lecturer@zetech.ac.ke, type: lecturer
INFO 2025-12-18 16:19:59,324 views 35352 38916 Dashboard data returned for user 13
INFO 2025-12-18 16:19:59,324 basehttp 35352 38916 "GET /api/accounts/dashboard/lecturer/ HTTP/1.1" 200 222
INFO 2025-12-18 16:20:08,373 views 35352 36936 Dashboard request for user 13: lecturer@zetech.ac.ke, type: lecturer
INFO 2025-12-18 16:20:08,384 views 35352 36936 Dashboard data returned for user 13
INFO 2025-12-18 16:20:08,385 basehttp 35352 36936 "GET /api/accounts/dashboard/lecturer/ HTTP/1.1" 200 222
INFO 2025-12-18 16:20:08,397 views 35352 15528 Dashboard request for user 13: lecturer@zetech.ac.ke, type: lecturer
INFO 2025-12-18 16:20:08,406 views 35352 15528 Dashboard data returned for user 13
INFO 2025-12-18 16:20:08,409 basehttp 35352 15528 "GET /api/accounts/dashboard/lecturer/ HTTP/1.1" 200 222
WARNING 2025-12-18 16:21:24,237 log 35352 7572 Unauthorized: /api/accounts/dashboard/lecturer/
WARNING 2025-12-18 16:21:24,238 basehttp 35352 7572 "GET /api/accounts/dashboard/lecturer/ HTTP/1.1" 401 172
WARNING 2025-12-18 16:21:24,248 log 35352 3360 Unauthorized: /api/accounts/dashboard/lecturer/
WARNING 2025-12-18 16:21:24,250 basehttp 35352 3360 "GET /api/accounts/dashboard/lecturer/ HTTP/1.1" 401 172
INFO 2025-12-18 16:22:05,068 basehttp 35352 21260 "POST /api/accounts/jwt/login/ HTTP/1.1" 200 639
INFO 2025-12-18 16:22:05,220 views 35352 40704 Dashboard request for user 13: lecturer@zetech.ac.ke, type: lecturer
INFO 2025-12-18 16:22:05,227 views 35352 40704 Dashboard data returned for user 13
INFO 2025-12-18 16:22:05,227 basehttp 35352 40704 "GET /api/accounts/dashboard/lecturer/ HTTP/1.1" 200 222
INFO 2025-12-18 16:22:05,233 views 35352 38704 Dashboard request for user 13: lecturer@zetech.ac.ke, type: lecturer
INFO 2025-12-18 16:22:05,237 views 35352 38704 Dashboard data returned for user 13
INFO 2025-12-18 16:22:05,238 basehttp 35352 38704 "GET /api/accounts/dashboard/lecturer/ HTTP/1.1" 200 222
INFO 2025-12-18 16:23:08,157 views 35352 41944 Dashboard request for user 13: lecturer@zetech.ac.ke, type: lecturer
INFO 2025-12-18 16:23:08,169 views 35352 41944 Dashboard data returned for user 13
INFO 2025-12-18 16:23:08,196 basehttp 35352 41944 "GET /api/accounts/dashboard/lecturer/ HTTP/1.1" 200 222
INFO 2025-12-18 16:23:08,206 views 35352 11656 Dashboard request for user 13: lecturer@zetech.ac.ke, type: lecturer
INFO 2025-12-18 16:23:08,224 views 35352 11656 Dashboard data returned for user 13
INFO 2025-12-18 16:23:08,227 basehttp 35352 11656 "GET /api/accounts/dashboard/lecturer/ HTTP/1.1" 200 222
INFO 2025-12-18 16:24:31,176 views 35352 40904 Dashboard request for user 13: lecturer@zetech.ac.ke, type: lecturer
INFO 2025-12-18 16:24:31,183 views 35352 40904 Dashboard data returned for user 13
INFO 2025-12-18 16:24:31,185 basehttp 35352 40904 "GET /api/accounts/dashboard/lecturer/ HTTP/1.1" 200 222
INFO 2025-12-18 16:24:31,195 views 35352 10516 Dashboard request for user 13: lecturer@zetech.ac.ke, type: lecturer
INFO 2025-12-18 16:24:31,203 views 35352 10516 Dashboard data returned for user 13
INFO 2025-12-18 16:24:31,204 basehttp 35352 10516 "GET /api/accounts/dashboard/lecturer/ HTTP/1.1" 200 222
INFO 2025-12-18 16:26:10,841 autoreload 35352 21484 C:\Users\Administrator\Desktop\GroupHub\backend\accounts\models.py changed, reloading.
INFO 2025-12-18 16:26:12,171 autoreload 38668 32484 Watching for file changes with StatReloader
INFO 2025-12-18 16:28:37,003 autoreload 38668 32484 C:\Users\Administrator\Desktop\GroupHub\backend\accounts\views.py changed, reloading.
INFO 2025-12-18 16:28:38,192 autoreload 41512 38312 Watching for file changes with StatReloader
WARNING 2025-12-18 16:31:36,444 log 41512 38968 Unauthorized: /api/accounts/dashboard/lecturer/
WARNING 2025-12-18 16:31:36,445 basehttp 41512 38968 "GET /api/accounts/dashboard/lecturer/ HTTP/1.1" 401 172
WARNING 2025-12-18 16:31:36,452 log 41512 23340 Unauthorized: /api/accounts/dashboard/lecturer/
WARNING 2025-12-18 16:31:36,454 basehttp 41512 23340 "GET /api/accounts/dashboard/lecturer/ HTTP/1.1" 401 172
INFO 2025-12-18 16:33:11,760 basehttp 41512 35992 "POST /api/accounts/jwt/login/ HTTP/1.1" 200 639
INFO 2025-12-18 16:33:11,931 views 41512 4464 Dashboard request for user 13: lecturer@zetech.ac.ke, type: lecturer
INFO 2025-12-18 16:33:11,937 views 41512 4464 Dashboard data returned for user 13
INFO 2025-12-18 16:33:11,939 basehttp 41512 4464 "GET /api/accounts/dashboard/lecturer/ HTTP/1.1" 200 222
INFO 2025-12-18 16:33:11,944 views 41512 34352 Dashboard request for user 13: lecturer@zetech.ac.ke, type: lecturer
INFO 2025-12-18 16:33:11,949 views 41512 34352 Dashboard data returned for user 13
INFO 2025-12-18 16:33:11,950 basehttp 41512 34352 "GET /api/accounts/dashboard/lecturer/ HTTP/1.1" 200 222
INFO 2025-12-18 16:37:06,393 autoreload 41512 38312 C:\Users\Administrator\Desktop\GroupHub\backend\accounts\urls.py changed, reloading.
INFO 2025-12-18 16:37:07,786 autoreload 42308 14680 Watching for file changes with StatReloader
WARNING 2025-12-18 16:43:14,954 log 42308 38740 Not Found: /
WARNING 2025-12-18 16:43:14,955 basehttp 42308 38740 "GET / HTTP/1.1" 404 2314
WARNING 2025-12-18 16:43:15,231 log 42308 38740 Not Found: /favicon.ico
WARNING 2025-12-18 16:43:15,232 basehttp 42308 38740 "GET /favicon.ico HTTP/1.1" 404 2365
INFO 2025-12-18 16:43:21,592 basehttp 42308 32592 "GET /admin HTTP/1.1" 301 0
INFO 2025-12-18 16:43:21,607 basehttp 42308 2584 "GET /admin/ HTTP/1.1" 302 0
INFO 2025-12-18 16:43:21,892 basehttp 42308 2584 "GET /admin/login/?next=/admin/ HTTP/1.1" 200 4173
INFO 2025-12-18 16:43:22,158 basehttp 42308 2584 "GET /static/admin/css/base.css HTTP/1.1" 200 22120
INFO 2025-12-18 16:43:22,161 basehttp 42308 39132 "GET /static/admin/css/dark_mode.css HTTP/1.1" 200 2808
INFO 2025-12-18 16:43:22,162 basehttp 42308 33116 "GET /static/admin/css/responsive.css HTTP/1.1" 200 16565
INFO 2025-12-18 16:43:22,164 basehttp 42308 40088 "GET /static/admin/css/nav_sidebar.css HTTP/1.1" 200 2810
INFO 2025-12-18 16:43:22,165 basehttp 42308 37120 "GET /static/admin/css/login.css HTTP/1.1" 200 951
INFO 2025-12-18 16:43:22,176 basehttp 42308 12960 "GET /static/admin/js/theme.js HTTP/1.1" 200 1653
INFO 2025-12-18 16:43:22,192 basehttp 42308 37120 "GET /static/admin/js/nav_sidebar.js HTTP/1.1" 200 3063
INFO 2025-12-18 16:43:52,566 basehttp 42308 37120 "POST /admin/login/?next=/admin/ HTTP/1.1" 200 4341
INFO 2025-12-18 16:49:50,757 autoreload 5124 32748 Watching for file changes with StatReloader
INFO 2025-12-18 16:50:01,738 basehttp 5124 40000 "POST /admin/login/?next=/admin/ HTTP/1.1" 200 4349
INFO 2025-12-18 16:50:11,631 basehttp 5124 40000 "POST /admin/login/?next=/admin/ HTTP/1.1" 200 4349
INFO 2025-12-18 16:50:29,040 basehttp 5124 40000 "POST /admin/login/?next=/admin/ HTTP/1.1" 200 4349
INFO 2025-12-18 16:50:50,262 basehttp 5124 40000 - Broken pipe from ('127.0.0.1', 52615)
INFO 2025-12-18 16:50:52,140 basehttp 5124 34040 - Broken pipe from ('127.0.0.1', 55009)
INFO 2025-12-18 16:50:53,053 basehttp 5124 33484 "POST /admin/login/?next=/admin/ HTTP/1.1" 200 4349
INFO 2025-12-18 16:51:36,379 basehttp 5124 33484 "GET /admin/login HTTP/1.1" 302 0
INFO 2025-12-18 16:51:36,388 basehttp 5124 33484 "GET /admin/login/?next=/admin/login HTTP/1.1" 200 4183
INFO 2025-12-18 16:54:14,017 basehttp 5124 35592 "POST /api/accounts/jwt/login/ HTTP/1.1" 200 639
INFO 2025-12-18 16:54:14,121 views 5124 38576 Dashboard request for user 13: lecturer@zetech.ac.ke, type: lecturer
INFO 2025-12-18 16:54:14,130 views 5124 38576 Dashboard data returned for user 13
INFO 2025-12-18 16:54:14,131 basehttp 5124 38576 "GET /api/accounts/dashboard/lecturer/ HTTP/1.1" 200 222
INFO 2025-12-18 16:54:14,139 views 5124 18800 Dashboard request for user 13: lecturer@zetech.ac.ke, type: lecturer
INFO 2025-12-18 16:54:14,147 views 5124 18800 Dashboard data returned for user 13
INFO 2025-12-18 16:54:14,148 basehttp 5124 18800 "GET /api/accounts/dashboard/lecturer/ HTTP/1.1" 200 222
WARNING 2025-12-19 08:12:41,070 log 5124 43980 Unauthorized: /api/accounts/dashboard/lecturer/
WARNING 2025-12-19 08:12:41,072 basehttp 5124 43980 "GET /api/accounts/dashboard/lecturer/ HTTP/1.1" 401 172
WARNING 2025-12-19 08:12:41,188 log 5124 46144 Unauthorized: /api/accounts/dashboard/lecturer/
WARNING 2025-12-19 08:12:41,200 basehttp 5124 46144 "GET /api/accounts/dashboard/lecturer/ HTTP/1.1" 401 172
INFO 2025-12-19 08:12:46,543 basehttp 5124 31872 "POST /api/accounts/jwt/login/ HTTP/1.1" 200 639
INFO 2025-12-19 08:12:46,724 views 5124 42192 Dashboard request for user 13: lecturer@zetech.ac.ke, type: lecturer
INFO 2025-12-19 08:12:46,740 views 5124 42192 Dashboard data returned for user 13
INFO 2025-12-19 08:12:46,741 basehttp 5124 42192 "GET /api/accounts/dashboard/lecturer/ HTTP/1.1" 200 222
INFO 2025-12-19 08:12:46,748 views 5124 38096 Dashboard request for user 13: lecturer@zetech.ac.ke, type: lecturer
INFO 2025-12-19 08:12:46,753 views 5124 38096 Dashboard data returned for user 13
INFO 2025-12-19 08:12:46,754 basehttp 5124 38096 "GET /api/accounts/dashboard/lecturer/ HTTP/1.1" 200 222
WARNING 2025-12-19 08:37:12,626 log 5124 35140 Unauthorized: /api/accounts/dashboard/lecturer/
WARNING 2025-12-19 08:37:12,627 basehttp 5124 35140 "GET /api/accounts/dashboard/lecturer/ HTTP/1.1" 401 172
WARNING 2025-12-19 08:37:12,637 log 5124 9048 Unauthorized: /api/accounts/dashboard/lecturer/
WARNING 2025-12-19 08:37:12,638 basehttp 5124 9048 "GET /api/accounts/dashboard/lecturer/ HTTP/1.1" 401 172
INFO 2025-12-19 09:48:06,142 basehttp 5124 41620 "POST /api/accounts/jwt/login/ HTTP/1.1" 200 639
INFO 2025-12-19 09:48:06,221 views 5124 3092 Dashboard request for user 13: lecturer@zetech.ac.ke, type: lecturer
INFO 2025-12-19 09:48:06,227 views 5124 3092 Dashboard data returned for user 13
INFO 2025-12-19 09:48:06,228 basehttp 5124 3092 "GET /api/accounts/dashboard/lecturer/ HTTP/1.1" 200 222
INFO 2025-12-19 09:48:06,232 views 5124 40056 Dashboard request for user 13: lecturer@zetech.ac.ke, type: lecturer
INFO 2025-12-19 09:48:06,237 views 5124 40056 Dashboard data returned for user 13
INFO 2025-12-19 09:48:06,237 basehttp 5124 40056 "GET /api/accounts/dashboard/lecturer/ HTTP/1.1" 200 222
INFO 2025-12-19 09:52:36,250 autoreload 5124 32748 C:\Users\Administrator\Desktop\GroupHub\backend\accounts\models.py changed, reloading.
INFO 2025-12-19 09:52:38,104 autoreload 45856 43140 Watching for file changes with StatReloader
INFO 2025-12-19 09:52:43,556 autoreload 45856 43140 C:\Users\Administrator\Desktop\GroupHub\backend\accounts\models.py changed, reloading.
INFO 2025-12-19 09:52:44,375 autoreload 6416 47004 Watching for file changes with StatReloader
INFO 2025-12-19 09:52:57,030 autoreload 6416 47004 C:\Users\Administrator\Desktop\GroupHub\backend\accounts\models.py changed, reloading.
INFO 2025-12-19 09:52:58,012 autoreload 45612 45432 Watching for file changes with StatReloader
INFO 2025-12-19 09:57:09,809 autoreload 44784 40308 Watching for file changes with StatReloader
INFO 2025-12-19 10:00:57,101 autoreload 44784 40308 C:\Users\Administrator\Desktop\GroupHub\backend\accounts\models.py changed, reloading.
INFO 2025-12-19 10:00:58,085 autoreload 43604 38896 Watching for file changes with StatReloader
INFO 2025-12-19 10:01:49,702 autoreload 43604 38896 C:\Users\Administrator\Desktop\GroupHub\backend\accounts\models.py changed, reloading.
INFO 2025-12-19 10:01:50,540 autoreload 16912 46036 Watching for file changes with StatReloader
INFO 2025-12-19 10:02:32,014 autoreload 2692 44488 Watching for file changes with StatReloader
INFO 2025-12-19 10:18:22,057 autoreload 2692 44488 C:\Users\Administrator\Desktop\GroupHub\backend\accounts\views.py changed, reloading.
INFO 2025-12-19 10:18:23,116 autoreload 29120 32576 Watching for file changes with StatReloader
INFO 2025-12-19 10:18:28,912 autoreload 29120 32576 C:\Users\Administrator\Desktop\GroupHub\backend\accounts\views.py changed, reloading.
INFO 2025-12-19 10:18:29,733 autoreload 37628 46636 Watching for file changes with StatReloader
INFO 2025-12-19 10:20:56,030 autoreload 37628 46636 C:\Users\Administrator\Desktop\GroupHub\backend\accounts\views.py changed, reloading.
INFO 2025-12-19 10:20:56,859 autoreload 45880 42640 Watching for file changes with StatReloader
WARNING 2025-12-19 10:20:57,637 log 45880 13216 Unauthorized: /api/accounts/dashboard/lecturer/
WARNING 2025-12-19 10:20:57,637 basehttp 45880 13216 "GET /api/accounts/dashboard/lecturer/ HTTP/1.1" 401 172
WARNING 2025-12-19 10:20:57,643 log 45880 47036 Unauthorized: /api/accounts/dashboard/lecturer/
WARNING 2025-12-19 10:20:57,643 basehttp 45880 47036 "GET /api/accounts/dashboard/lecturer/ HTTP/1.1" 401 172
WARNING 2025-12-19 10:20:57,647 log 45880 45812 Unauthorized: /api/accounts/dashboard/lecturer/
WARNING 2025-12-19 10:20:57,647 basehttp 45880 45812 "GET /api/accounts/dashboard/lecturer/ HTTP/1.1" 401 172
INFO 2025-12-19 10:21:14,747 autoreload 45880 42640 C:\Users\Administrator\Desktop\GroupHub\backend\accounts\views.py changed, reloading.
INFO 2025-12-19 10:21:15,571 autoreload 25136 33024 Watching for file changes with StatReloader
INFO 2025-12-19 10:24:00,225 basehttp 25136 44308 "POST /api/accounts/jwt/login/ HTTP/1.1" 200 636
INFO 2025-12-19 10:24:00,342 views 25136 24936 Dashboard request for user 12: student@zetech.ac.ke, type: student
ERROR 2025-12-19 10:24:00,344 views 25136 24936 Error in student_dashboard: no such column: accounts_groupmembership.role
Traceback (most recent call last):
  File "C:\Users\Administrator\AppData\Local\Programs\Python\Python313\Lib\site-packages\django\db\backends\utils.py", line 105, in _execute
    return self.cursor.execute(sql, params)
           ~~~~~~~~~~~~~~~~~~~^^^^^^^^^^^^^
  File "C:\Users\Administrator\AppData\Local\Programs\Python\Python313\Lib\site-packages\django\db\backends\sqlite3\base.py", line 360, in execute
    return super().execute(query, params)
           ~~~~~~~~~~~~~~~^^^^^^^^^^^^^^^
sqlite3.OperationalError: no such column: accounts_groupmembership.role

The above exception was the direct cause of the following exception:

Traceback (most recent call last):
  File "C:\Users\Administrator\Desktop\GroupHub\backend\accounts\views.py", line 299, in student_dashboard
    for membership in memberships:
                      ^^^^^^^^^^^
  File "C:\Users\Administrator\AppData\Local\Programs\Python\Python313\Lib\site-packages\django\db\models\query.py", line 384, in __iter__
    self._fetch_all()
    ~~~~~~~~~~~~~~~^^
  File "C:\Users\Administrator\AppData\Local\Programs\Python\Python313\Lib\site-packages\django\db\models\query.py", line 1949, in _fetch_all
    self._result_cache = list(self._iterable_class(self))
                         ~~~~^^^^^^^^^^^^^^^^^^^^^^^^^^^^
  File "C:\Users\Administrator\AppData\Local\Programs\Python\Python313\Lib\site-packages\django\db\models\query.py", line 91, in __iter__
    results = compiler.execute_sql(
        chunked_fetch=self.chunked_fetch, chunk_size=self.chunk_size
    )
  File "C:\Users\Administrator\AppData\Local\Programs\Python\Python313\Lib\site-packages\django\db\models\sql\compiler.py", line 1623, in execute_sql
    cursor.execute(sql, params)
    ~~~~~~~~~~~~~~^^^^^^^^^^^^^
  File "C:\Users\Administrator\AppData\Local\Programs\Python\Python313\Lib\site-packages\django\db\backends\utils.py", line 122, in execute
    return super().execute(sql, params)
           ~~~~~~~~~~~~~~~^^^^^^^^^^^^^
  File "C:\Users\Administrator\AppData\Local\Programs\Python\Python313\Lib\site-packages\django\db\backends\utils.py", line 79, in execute
    return self._execute_with_wrappers(
           ~~~~~~~~~~~~~~~~~~~~~~~~~~~^
        sql, params, many=False, executor=self._execute
        ^^^^^^^^^^^^^^^^^^^^^^^^^^^^^^^^^^^^^^^^^^^^^^^
    )
    ^
  File "C:\Users\Administrator\AppData\Local\Programs\Python\Python313\Lib\site-packages\django\db\backends\utils.py", line 92, in _execute_with_wrappers
    return executor(sql, params, many, context)
  File "C:\Users\Administrator\AppData\Local\Programs\Python\Python313\Lib\site-packages\django\db\backends\utils.py", line 100, in _execute
    with self.db.wrap_database_errors:
         ^^^^^^^^^^^^^^^^^^^^^^^^^^^^
  File "C:\Users\Administrator\AppData\Local\Programs\Python\Python313\Lib\site-packages\django\db\utils.py", line 91, in __exit__
    raise dj_exc_value.with_traceback(traceback) from exc_value
  File "C:\Users\Administrator\AppData\Local\Programs\Python\Python313\Lib\site-packages\django\db\backends\utils.py", line 105, in _execute
    return self.cursor.execute(sql, params)
           ~~~~~~~~~~~~~~~~~~~^^^^^^^^^^^^^
  File "C:\Users\Administrator\AppData\Local\Programs\Python\Python313\Lib\site-packages\django\db\backends\sqlite3\base.py", line 360, in execute
    return super().execute(query, params)
           ~~~~~~~~~~~~~~~^^^^^^^^^^^^^^^
django.db.utils.OperationalError: no such column: accounts_groupmembership.role
ERROR 2025-12-19 10:24:00,346 views 25136 28480 Error in get_notifications: no such table: accounts_notification
ERROR 2025-12-19 10:24:00,438 log 25136 24936 Internal Server Error: /api/accounts/dashboard/student/
ERROR 2025-12-19 10:24:00,438 log 25136 28480 Internal Server Error: /api/accounts/notifications/
ERROR 2025-12-19 10:24:00,439 basehttp 25136 24936 "GET /api/accounts/dashboard/student/ HTTP/1.1" 500 33
ERROR 2025-12-19 10:24:00,439 basehttp 25136 28480 "GET /api/accounts/notifications/ HTTP/1.1" 500 33
INFO 2025-12-19 10:24:00,446 views 25136 1516 Dashboard request for user 12: student@zetech.ac.ke, type: student
ERROR 2025-12-19 10:24:00,447 views 25136 1516 Error in student_dashboard: no such column: accounts_groupmembership.role
Traceback (most recent call last):
  File "C:\Users\Administrator\AppData\Local\Programs\Python\Python313\Lib\site-packages\django\db\backends\utils.py", line 105, in _execute
    return self.cursor.execute(sql, params)
           ~~~~~~~~~~~~~~~~~~~^^^^^^^^^^^^^
  File "C:\Users\Administrator\AppData\Local\Programs\Python\Python313\Lib\site-packages\django\db\backends\sqlite3\base.py", line 360, in execute
    return super().execute(query, params)
           ~~~~~~~~~~~~~~~^^^^^^^^^^^^^^^
sqlite3.OperationalError: no such column: accounts_groupmembership.role

The above exception was the direct cause of the following exception:

Traceback (most recent call last):
  File "C:\Users\Administrator\Desktop\GroupHub\backend\accounts\views.py", line 299, in student_dashboard
    for membership in memberships:
                      ^^^^^^^^^^^
  File "C:\Users\Administrator\AppData\Local\Programs\Python\Python313\Lib\site-packages\django\db\models\query.py", line 384, in __iter__
    self._fetch_all()
    ~~~~~~~~~~~~~~~^^
  File "C:\Users\Administrator\AppData\Local\Programs\Python\Python313\Lib\site-packages\django\db\models\query.py", line 1949, in _fetch_all
    self._result_cache = list(self._iterable_class(self))
                         ~~~~^^^^^^^^^^^^^^^^^^^^^^^^^^^^
  File "C:\Users\Administrator\AppData\Local\Programs\Python\Python313\Lib\site-packages\django\db\models\query.py", line 91, in __iter__
    results = compiler.execute_sql(
        chunked_fetch=self.chunked_fetch, chunk_size=self.chunk_size
    )
  File "C:\Users\Administrator\AppData\Local\Programs\Python\Python313\Lib\site-packages\django\db\models\sql\compiler.py", line 1623, in execute_sql
    cursor.execute(sql, params)
    ~~~~~~~~~~~~~~^^^^^^^^^^^^^
  File "C:\Users\Administrator\AppData\Local\Programs\Python\Python313\Lib\site-packages\django\db\backends\utils.py", line 122, in execute
    return super().execute(sql, params)
           ~~~~~~~~~~~~~~~^^^^^^^^^^^^^
  File "C:\Users\Administrator\AppData\Local\Programs\Python\Python313\Lib\site-packages\django\db\backends\utils.py", line 79, in execute
    return self._execute_with_wrappers(
           ~~~~~~~~~~~~~~~~~~~~~~~~~~~^
        sql, params, many=False, executor=self._execute
        ^^^^^^^^^^^^^^^^^^^^^^^^^^^^^^^^^^^^^^^^^^^^^^^
    )
    ^
  File "C:\Users\Administrator\AppData\Local\Programs\Python\Python313\Lib\site-packages\django\db\backends\utils.py", line 92, in _execute_with_wrappers
    return executor(sql, params, many, context)
  File "C:\Users\Administrator\AppData\Local\Programs\Python\Python313\Lib\site-packages\django\db\backends\utils.py", line 100, in _execute
    with self.db.wrap_database_errors:
         ^^^^^^^^^^^^^^^^^^^^^^^^^^^^
  File "C:\Users\Administrator\AppData\Local\Programs\Python\Python313\Lib\site-packages\django\db\utils.py", line 91, in __exit__
    raise dj_exc_value.with_traceback(traceback) from exc_value
  File "C:\Users\Administrator\AppData\Local\Programs\Python\Python313\Lib\site-packages\django\db\backends\utils.py", line 105, in _execute
    return self.cursor.execute(sql, params)
           ~~~~~~~~~~~~~~~~~~~^^^^^^^^^^^^^
  File "C:\Users\Administrator\AppData\Local\Programs\Python\Python313\Lib\site-packages\django\db\backends\sqlite3\base.py", line 360, in execute
    return super().execute(query, params)
           ~~~~~~~~~~~~~~~^^^^^^^^^^^^^^^
django.db.utils.OperationalError: no such column: accounts_groupmembership.role
ERROR 2025-12-19 10:24:00,449 views 25136 45148 Error in get_notifications: no such table: accounts_notification
ERROR 2025-12-19 10:24:00,451 log 25136 1516 Internal Server Error: /api/accounts/dashboard/student/
ERROR 2025-12-19 10:24:00,451 log 25136 45148 Internal Server Error: /api/accounts/notifications/
ERROR 2025-12-19 10:24:00,452 basehttp 25136 1516 "GET /api/accounts/dashboard/student/ HTTP/1.1" 500 33
ERROR 2025-12-19 10:24:00,452 basehttp 25136 45148 "GET /api/accounts/notifications/ HTTP/1.1" 500 33
INFO 2025-12-19 10:24:07,390 views 25136 46560 Dashboard request for user 12: student@zetech.ac.ke, type: student
ERROR 2025-12-19 10:24:07,391 views 25136 46560 Error in student_dashboard: no such column: accounts_groupmembership.role
Traceback (most recent call last):
  File "C:\Users\Administrator\AppData\Local\Programs\Python\Python313\Lib\site-packages\django\db\backends\utils.py", line 105, in _execute
    return self.cursor.execute(sql, params)
           ~~~~~~~~~~~~~~~~~~~^^^^^^^^^^^^^
  File "C:\Users\Administrator\AppData\Local\Programs\Python\Python313\Lib\site-packages\django\db\backends\sqlite3\base.py", line 360, in execute
    return super().execute(query, params)
           ~~~~~~~~~~~~~~~^^^^^^^^^^^^^^^
sqlite3.OperationalError: no such column: accounts_groupmembership.role

The above exception was the direct cause of the following exception:

Traceback (most recent call last):
  File "C:\Users\Administrator\Desktop\GroupHub\backend\accounts\views.py", line 299, in student_dashboard
    for membership in memberships:
                      ^^^^^^^^^^^
  File "C:\Users\Administrator\AppData\Local\Programs\Python\Python313\Lib\site-packages\django\db\models\query.py", line 384, in __iter__
    self._fetch_all()
    ~~~~~~~~~~~~~~~^^
  File "C:\Users\Administrator\AppData\Local\Programs\Python\Python313\Lib\site-packages\django\db\models\query.py", line 1949, in _fetch_all
    self._result_cache = list(self._iterable_class(self))
                         ~~~~^^^^^^^^^^^^^^^^^^^^^^^^^^^^
  File "C:\Users\Administrator\AppData\Local\Programs\Python\Python313\Lib\site-packages\django\db\models\query.py", line 91, in __iter__
    results = compiler.execute_sql(
        chunked_fetch=self.chunked_fetch, chunk_size=self.chunk_size
    )
  File "C:\Users\Administrator\AppData\Local\Programs\Python\Python313\Lib\site-packages\django\db\models\sql\compiler.py", line 1623, in execute_sql
    cursor.execute(sql, params)
    ~~~~~~~~~~~~~~^^^^^^^^^^^^^
  File "C:\Users\Administrator\AppData\Local\Programs\Python\Python313\Lib\site-packages\django\db\backends\utils.py", line 122, in execute
    return super().execute(sql, params)
           ~~~~~~~~~~~~~~~^^^^^^^^^^^^^
  File "C:\Users\Administrator\AppData\Local\Programs\Python\Python313\Lib\site-packages\django\db\backends\utils.py", line 79, in execute
    return self._execute_with_wrappers(
           ~~~~~~~~~~~~~~~~~~~~~~~~~~~^
        sql, params, many=False, executor=self._execute
        ^^^^^^^^^^^^^^^^^^^^^^^^^^^^^^^^^^^^^^^^^^^^^^^
    )
    ^
  File "C:\Users\Administrator\AppData\Local\Programs\Python\Python313\Lib\site-packages\django\db\backends\utils.py", line 92, in _execute_with_wrappers
    return executor(sql, params, many, context)
  File "C:\Users\Administrator\AppData\Local\Programs\Python\Python313\Lib\site-packages\django\db\backends\utils.py", line 100, in _execute
    with self.db.wrap_database_errors:
         ^^^^^^^^^^^^^^^^^^^^^^^^^^^^
  File "C:\Users\Administrator\AppData\Local\Programs\Python\Python313\Lib\site-packages\django\db\utils.py", line 91, in __exit__
    raise dj_exc_value.with_traceback(traceback) from exc_value
  File "C:\Users\Administrator\AppData\Local\Programs\Python\Python313\Lib\site-packages\django\db\backends\utils.py", line 105, in _execute
    return self.cursor.execute(sql, params)
           ~~~~~~~~~~~~~~~~~~~^^^^^^^^^^^^^
  File "C:\Users\Administrator\AppData\Local\Programs\Python\Python313\Lib\site-packages\django\db\backends\sqlite3\base.py", line 360, in execute
    return super().execute(query, params)
           ~~~~~~~~~~~~~~~^^^^^^^^^^^^^^^
django.db.utils.OperationalError: no such column: accounts_groupmembership.role
ERROR 2025-12-19 10:24:07,393 log 25136 46560 Internal Server Error: /api/accounts/dashboard/student/
ERROR 2025-12-19 10:24:07,394 basehttp 25136 46560 "GET /api/accounts/dashboard/student/ HTTP/1.1" 500 33
INFO 2025-12-19 10:25:55,419 autoreload 25136 33024 C:\Users\Administrator\Desktop\GroupHub\backend\accounts\models.py changed, reloading.
INFO 2025-12-19 10:25:56,590 autoreload 30816 25384 Watching for file changes with StatReloader
INFO 2025-12-19 10:26:17,726 autoreload 30816 25384 C:\Users\Administrator\Desktop\GroupHub\backend\accounts\views.py changed, reloading.
INFO 2025-12-19 10:26:18,488 autoreload 40564 45784 Watching for file changes with StatReloader
INFO 2025-12-19 10:26:25,581 autoreload 40564 45784 C:\Users\Administrator\Desktop\GroupHub\backend\accounts\views.py changed, reloading.
INFO 2025-12-19 10:26:26,481 autoreload 43236 41228 Watching for file changes with StatReloader
INFO 2025-12-19 10:26:52,352 views 43236 4696 Dashboard request for user 12: student@zetech.ac.ke, type: student
ERROR 2025-12-19 10:26:52,355 views 43236 43784 Error in get_notifications: no such table: accounts_notification
ERROR 2025-12-19 10:26:52,360 log 43236 43784 Internal Server Error: /api/accounts/notifications/
ERROR 2025-12-19 10:26:52,360 views 43236 4696 Error in student_dashboard: no such column: accounts_groupmembership.role
Traceback (most recent call last):
  File "C:\Users\Administrator\AppData\Local\Programs\Python\Python313\Lib\site-packages\django\db\backends\utils.py", line 105, in _execute
    return self.cursor.execute(sql, params)
           ~~~~~~~~~~~~~~~~~~~^^^^^^^^^^^^^
  File "C:\Users\Administrator\AppData\Local\Programs\Python\Python313\Lib\site-packages\django\db\backends\sqlite3\base.py", line 360, in execute
    return super().execute(query, params)
           ~~~~~~~~~~~~~~~^^^^^^^^^^^^^^^
sqlite3.OperationalError: no such column: accounts_groupmembership.role

The above exception was the direct cause of the following exception:

Traceback (most recent call last):
  File "C:\Users\Administrator\Desktop\GroupHub\backend\accounts\views.py", line 304, in student_dashboard
    for membership in memberships:
                      ^^^^^^^^^^^
  File "C:\Users\Administrator\AppData\Local\Programs\Python\Python313\Lib\site-packages\django\db\models\query.py", line 384, in __iter__
    self._fetch_all()
    ~~~~~~~~~~~~~~~^^
  File "C:\Users\Administrator\AppData\Local\Programs\Python\Python313\Lib\site-packages\django\db\models\query.py", line 1949, in _fetch_all
    self._result_cache = list(self._iterable_class(self))
                         ~~~~^^^^^^^^^^^^^^^^^^^^^^^^^^^^
  File "C:\Users\Administrator\AppData\Local\Programs\Python\Python313\Lib\site-packages\django\db\models\query.py", line 91, in __iter__
    results = compiler.execute_sql(
        chunked_fetch=self.chunked_fetch, chunk_size=self.chunk_size
    )
  File "C:\Users\Administrator\AppData\Local\Programs\Python\Python313\Lib\site-packages\django\db\models\sql\compiler.py", line 1623, in execute_sql
    cursor.execute(sql, params)
    ~~~~~~~~~~~~~~^^^^^^^^^^^^^
  File "C:\Users\Administrator\AppData\Local\Programs\Python\Python313\Lib\site-packages\django\db\backends\utils.py", line 122, in execute
    return super().execute(sql, params)
           ~~~~~~~~~~~~~~~^^^^^^^^^^^^^
  File "C:\Users\Administrator\AppData\Local\Programs\Python\Python313\Lib\site-packages\django\db\backends\utils.py", line 79, in execute
    return self._execute_with_wrappers(
           ~~~~~~~~~~~~~~~~~~~~~~~~~~~^
        sql, params, many=False, executor=self._execute
        ^^^^^^^^^^^^^^^^^^^^^^^^^^^^^^^^^^^^^^^^^^^^^^^
    )
    ^
  File "C:\Users\Administrator\AppData\Local\Programs\Python\Python313\Lib\site-packages\django\db\backends\utils.py", line 92, in _execute_with_wrappers
    return executor(sql, params, many, context)
  File "C:\Users\Administrator\AppData\Local\Programs\Python\Python313\Lib\site-packages\django\db\backends\utils.py", line 100, in _execute
    with self.db.wrap_database_errors:
         ^^^^^^^^^^^^^^^^^^^^^^^^^^^^
  File "C:\Users\Administrator\AppData\Local\Programs\Python\Python313\Lib\site-packages\django\db\utils.py", line 91, in __exit__
    raise dj_exc_value.with_traceback(traceback) from exc_value
  File "C:\Users\Administrator\AppData\Local\Programs\Python\Python313\Lib\site-packages\django\db\backends\utils.py", line 105, in _execute
    return self.cursor.execute(sql, params)
           ~~~~~~~~~~~~~~~~~~~^^^^^^^^^^^^^
  File "C:\Users\Administrator\AppData\Local\Programs\Python\Python313\Lib\site-packages\django\db\backends\sqlite3\base.py", line 360, in execute
    return super().execute(query, params)
           ~~~~~~~~~~~~~~~^^^^^^^^^^^^^^^
django.db.utils.OperationalError: no such column: accounts_groupmembership.role
ERROR 2025-12-19 10:26:52,361 basehttp 43236 43784 "GET /api/accounts/notifications/ HTTP/1.1" 500 33
ERROR 2025-12-19 10:26:52,369 log 43236 4696 Internal Server Error: /api/accounts/dashboard/student/
ERROR 2025-12-19 10:26:52,370 views 43236 40444 Error in get_notifications: no such table: accounts_notification
ERROR 2025-12-19 10:26:52,371 log 43236 40444 Internal Server Error: /api/accounts/notifications/
ERROR 2025-12-19 10:26:52,371 basehttp 43236 4696 "GET /api/accounts/dashboard/student/ HTTP/1.1" 500 33
ERROR 2025-12-19 10:26:52,372 basehttp 43236 40444 "GET /api/accounts/notifications/ HTTP/1.1" 500 33
INFO 2025-12-19 10:26:52,378 views 43236 13068 Dashboard request for user 12: student@zetech.ac.ke, type: student
ERROR 2025-12-19 10:26:52,382 views 43236 13068 Error in student_dashboard: no such column: accounts_groupmembership.role
Traceback (most recent call last):
  File "C:\Users\Administrator\AppData\Local\Programs\Python\Python313\Lib\site-packages\django\db\backends\utils.py", line 105, in _execute
    return self.cursor.execute(sql, params)
           ~~~~~~~~~~~~~~~~~~~^^^^^^^^^^^^^
  File "C:\Users\Administrator\AppData\Local\Programs\Python\Python313\Lib\site-packages\django\db\backends\sqlite3\base.py", line 360, in execute
    return super().execute(query, params)
           ~~~~~~~~~~~~~~~^^^^^^^^^^^^^^^
sqlite3.OperationalError: no such column: accounts_groupmembership.role

The above exception was the direct cause of the following exception:

Traceback (most recent call last):
  File "C:\Users\Administrator\Desktop\GroupHub\backend\accounts\views.py", line 304, in student_dashboard
    for membership in memberships:
                      ^^^^^^^^^^^
  File "C:\Users\Administrator\AppData\Local\Programs\Python\Python313\Lib\site-packages\django\db\models\query.py", line 384, in __iter__
    self._fetch_all()
    ~~~~~~~~~~~~~~~^^
  File "C:\Users\Administrator\AppData\Local\Programs\Python\Python313\Lib\site-packages\django\db\models\query.py", line 1949, in _fetch_all
    self._result_cache = list(self._iterable_class(self))
                         ~~~~^^^^^^^^^^^^^^^^^^^^^^^^^^^^
  File "C:\Users\Administrator\AppData\Local\Programs\Python\Python313\Lib\site-packages\django\db\models\query.py", line 91, in __iter__
    results = compiler.execute_sql(
        chunked_fetch=self.chunked_fetch, chunk_size=self.chunk_size
    )
  File "C:\Users\Administrator\AppData\Local\Programs\Python\Python313\Lib\site-packages\django\db\models\sql\compiler.py", line 1623, in execute_sql
    cursor.execute(sql, params)
    ~~~~~~~~~~~~~~^^^^^^^^^^^^^
  File "C:\Users\Administrator\AppData\Local\Programs\Python\Python313\Lib\site-packages\django\db\backends\utils.py", line 122, in execute
    return super().execute(sql, params)
           ~~~~~~~~~~~~~~~^^^^^^^^^^^^^
  File "C:\Users\Administrator\AppData\Local\Programs\Python\Python313\Lib\site-packages\django\db\backends\utils.py", line 79, in execute
    return self._execute_with_wrappers(
           ~~~~~~~~~~~~~~~~~~~~~~~~~~~^
        sql, params, many=False, executor=self._execute
        ^^^^^^^^^^^^^^^^^^^^^^^^^^^^^^^^^^^^^^^^^^^^^^^
    )
    ^
  File "C:\Users\Administrator\AppData\Local\Programs\Python\Python313\Lib\site-packages\django\db\backends\utils.py", line 92, in _execute_with_wrappers
    return executor(sql, params, many, context)
  File "C:\Users\Administrator\AppData\Local\Programs\Python\Python313\Lib\site-packages\django\db\backends\utils.py", line 100, in _execute
    with self.db.wrap_database_errors:
         ^^^^^^^^^^^^^^^^^^^^^^^^^^^^
  File "C:\Users\Administrator\AppData\Local\Programs\Python\Python313\Lib\site-packages\django\db\utils.py", line 91, in __exit__
    raise dj_exc_value.with_traceback(traceback) from exc_value
  File "C:\Users\Administrator\AppData\Local\Programs\Python\Python313\Lib\site-packages\django\db\backends\utils.py", line 105, in _execute
    return self.cursor.execute(sql, params)
           ~~~~~~~~~~~~~~~~~~~^^^^^^^^^^^^^
  File "C:\Users\Administrator\AppData\Local\Programs\Python\Python313\Lib\site-packages\django\db\backends\sqlite3\base.py", line 360, in execute
    return super().execute(query, params)
           ~~~~~~~~~~~~~~~^^^^^^^^^^^^^^^
django.db.utils.OperationalError: no such column: accounts_groupmembership.role
ERROR 2025-12-19 10:26:52,385 log 43236 13068 Internal Server Error: /api/accounts/dashboard/student/
ERROR 2025-12-19 10:26:52,386 basehttp 43236 13068 "GET /api/accounts/dashboard/student/ HTTP/1.1" 500 33
INFO 2025-12-19 10:27:34,864 basehttp 43236 27588 "POST /api/accounts/jwt/login/ HTTP/1.1" 200 639
INFO 2025-12-19 10:27:35,124 views 43236 44896 Dashboard request for user 13: lecturer@zetech.ac.ke, type: lecturer
INFO 2025-12-19 10:27:35,129 views 43236 44896 Dashboard data returned for user 13
INFO 2025-12-19 10:27:35,130 basehttp 43236 44896 "GET /api/accounts/dashboard/lecturer/ HTTP/1.1" 200 222
INFO 2025-12-19 10:27:35,136 views 43236 26232 Dashboard request for user 13: lecturer@zetech.ac.ke, type: lecturer
INFO 2025-12-19 10:27:35,140 views 43236 26232 Dashboard data returned for user 13
INFO 2025-12-19 10:27:35,141 basehttp 43236 26232 "GET /api/accounts/dashboard/lecturer/ HTTP/1.1" 200 222
INFO 2025-12-19 10:28:24,276 basehttp 43236 11028 "POST /api/accounts/jwt/login/ HTTP/1.1" 200 636
INFO 2025-12-19 10:28:24,532 views 43236 28860 Dashboard request for user 12: student@zetech.ac.ke, type: student
ERROR 2025-12-19 10:28:24,536 views 43236 39364 Error in get_notifications: no such table: accounts_notification
ERROR 2025-12-19 10:28:24,537 log 43236 39364 Internal Server Error: /api/accounts/notifications/
ERROR 2025-12-19 10:28:24,538 views 43236 28860 Error in student_dashboard: no such column: accounts_groupmembership.role
Traceback (most recent call last):
  File "C:\Users\Administrator\AppData\Local\Programs\Python\Python313\Lib\site-packages\django\db\backends\utils.py", line 105, in _execute
    return self.cursor.execute(sql, params)
           ~~~~~~~~~~~~~~~~~~~^^^^^^^^^^^^^
  File "C:\Users\Administrator\AppData\Local\Programs\Python\Python313\Lib\site-packages\django\db\backends\sqlite3\base.py", line 360, in execute
    return super().execute(query, params)
           ~~~~~~~~~~~~~~~^^^^^^^^^^^^^^^
sqlite3.OperationalError: no such column: accounts_groupmembership.role

The above exception was the direct cause of the following exception:

Traceback (most recent call last):
  File "C:\Users\Administrator\Desktop\GroupHub\backend\accounts\views.py", line 304, in student_dashboard
    for membership in memberships:
                      ^^^^^^^^^^^
  File "C:\Users\Administrator\AppData\Local\Programs\Python\Python313\Lib\site-packages\django\db\models\query.py", line 384, in __iter__
    self._fetch_all()
    ~~~~~~~~~~~~~~~^^
  File "C:\Users\Administrator\AppData\Local\Programs\Python\Python313\Lib\site-packages\django\db\models\query.py", line 1949, in _fetch_all
    self._result_cache = list(self._iterable_class(self))
                         ~~~~^^^^^^^^^^^^^^^^^^^^^^^^^^^^
  File "C:\Users\Administrator\AppData\Local\Programs\Python\Python313\Lib\site-packages\django\db\models\query.py", line 91, in __iter__
    results = compiler.execute_sql(
        chunked_fetch=self.chunked_fetch, chunk_size=self.chunk_size
    )
  File "C:\Users\Administrator\AppData\Local\Programs\Python\Python313\Lib\site-packages\django\db\models\sql\compiler.py", line 1623, in execute_sql
    cursor.execute(sql, params)
    ~~~~~~~~~~~~~~^^^^^^^^^^^^^
  File "C:\Users\Administrator\AppData\Local\Programs\Python\Python313\Lib\site-packages\django\db\backends\utils.py", line 122, in execute
    return super().execute(sql, params)
           ~~~~~~~~~~~~~~~^^^^^^^^^^^^^
  File "C:\Users\Administrator\AppData\Local\Programs\Python\Python313\Lib\site-packages\django\db\backends\utils.py", line 79, in execute
    return self._execute_with_wrappers(
           ~~~~~~~~~~~~~~~~~~~~~~~~~~~^
        sql, params, many=False, executor=self._execute
        ^^^^^^^^^^^^^^^^^^^^^^^^^^^^^^^^^^^^^^^^^^^^^^^
    )
    ^
  File "C:\Users\Administrator\AppData\Local\Programs\Python\Python313\Lib\site-packages\django\db\backends\utils.py", line 92, in _execute_with_wrappers
    return executor(sql, params, many, context)
  File "C:\Users\Administrator\AppData\Local\Programs\Python\Python313\Lib\site-packages\django\db\backends\utils.py", line 100, in _execute
    with self.db.wrap_database_errors:
         ^^^^^^^^^^^^^^^^^^^^^^^^^^^^
  File "C:\Users\Administrator\AppData\Local\Programs\Python\Python313\Lib\site-packages\django\db\utils.py", line 91, in __exit__
    raise dj_exc_value.with_traceback(traceback) from exc_value
  File "C:\Users\Administrator\AppData\Local\Programs\Python\Python313\Lib\site-packages\django\db\backends\utils.py", line 105, in _execute
    return self.cursor.execute(sql, params)
           ~~~~~~~~~~~~~~~~~~~^^^^^^^^^^^^^
  File "C:\Users\Administrator\AppData\Local\Programs\Python\Python313\Lib\site-packages\django\db\backends\sqlite3\base.py", line 360, in execute
    return super().execute(query, params)
           ~~~~~~~~~~~~~~~^^^^^^^^^^^^^^^
django.db.utils.OperationalError: no such column: accounts_groupmembership.role
ERROR 2025-12-19 10:28:24,538 basehttp 43236 39364 "GET /api/accounts/notifications/ HTTP/1.1" 500 33
ERROR 2025-12-19 10:28:24,543 log 43236 28860 Internal Server Error: /api/accounts/dashboard/student/
ERROR 2025-12-19 10:28:24,545 basehttp 43236 28860 "GET /api/accounts/dashboard/student/ HTTP/1.1" 500 33
ERROR 2025-12-19 10:28:24,548 views 43236 37240 Error in get_notifications: no such table: accounts_notification
ERROR 2025-12-19 10:28:24,551 log 43236 37240 Internal Server Error: /api/accounts/notifications/
ERROR 2025-12-19 10:28:24,552 basehttp 43236 37240 "GET /api/accounts/notifications/ HTTP/1.1" 500 33
INFO 2025-12-19 10:28:24,554 views 43236 45752 Dashboard request for user 12: student@zetech.ac.ke, type: student
ERROR 2025-12-19 10:28:24,558 views 43236 45752 Error in student_dashboard: no such column: accounts_groupmembership.role
Traceback (most recent call last):
  File "C:\Users\Administrator\AppData\Local\Programs\Python\Python313\Lib\site-packages\django\db\backends\utils.py", line 105, in _execute
    return self.cursor.execute(sql, params)
           ~~~~~~~~~~~~~~~~~~~^^^^^^^^^^^^^
  File "C:\Users\Administrator\AppData\Local\Programs\Python\Python313\Lib\site-packages\django\db\backends\sqlite3\base.py", line 360, in execute
    return super().execute(query, params)
           ~~~~~~~~~~~~~~~^^^^^^^^^^^^^^^
sqlite3.OperationalError: no such column: accounts_groupmembership.role

The above exception was the direct cause of the following exception:

Traceback (most recent call last):
  File "C:\Users\Administrator\Desktop\GroupHub\backend\accounts\views.py", line 304, in student_dashboard
    for membership in memberships:
                      ^^^^^^^^^^^
  File "C:\Users\Administrator\AppData\Local\Programs\Python\Python313\Lib\site-packages\django\db\models\query.py", line 384, in __iter__
    self._fetch_all()
    ~~~~~~~~~~~~~~~^^
  File "C:\Users\Administrator\AppData\Local\Programs\Python\Python313\Lib\site-packages\django\db\models\query.py", line 1949, in _fetch_all
    self._result_cache = list(self._iterable_class(self))
                         ~~~~^^^^^^^^^^^^^^^^^^^^^^^^^^^^
  File "C:\Users\Administrator\AppData\Local\Programs\Python\Python313\Lib\site-packages\django\db\models\query.py", line 91, in __iter__
    results = compiler.execute_sql(
        chunked_fetch=self.chunked_fetch, chunk_size=self.chunk_size
    )
  File "C:\Users\Administrator\AppData\Local\Programs\Python\Python313\Lib\site-packages\django\db\models\sql\compiler.py", line 1623, in execute_sql
    cursor.execute(sql, params)
    ~~~~~~~~~~~~~~^^^^^^^^^^^^^
  File "C:\Users\Administrator\AppData\Local\Programs\Python\Python313\Lib\site-packages\django\db\backends\utils.py", line 122, in execute
    return super().execute(sql, params)
           ~~~~~~~~~~~~~~~^^^^^^^^^^^^^
  File "C:\Users\Administrator\AppData\Local\Programs\Python\Python313\Lib\site-packages\django\db\backends\utils.py", line 79, in execute
    return self._execute_with_wrappers(
           ~~~~~~~~~~~~~~~~~~~~~~~~~~~^
        sql, params, many=False, executor=self._execute
        ^^^^^^^^^^^^^^^^^^^^^^^^^^^^^^^^^^^^^^^^^^^^^^^
    )
    ^
  File "C:\Users\Administrator\AppData\Local\Programs\Python\Python313\Lib\site-packages\django\db\backends\utils.py", line 92, in _execute_with_wrappers
    return executor(sql, params, many, context)
  File "C:\Users\Administrator\AppData\Local\Programs\Python\Python313\Lib\site-packages\django\db\backends\utils.py", line 100, in _execute
    with self.db.wrap_database_errors:
         ^^^^^^^^^^^^^^^^^^^^^^^^^^^^
  File "C:\Users\Administrator\AppData\Local\Programs\Python\Python313\Lib\site-packages\django\db\utils.py", line 91, in __exit__
    raise dj_exc_value.with_traceback(traceback) from exc_value
  File "C:\Users\Administrator\AppData\Local\Programs\Python\Python313\Lib\site-packages\django\db\backends\utils.py", line 105, in _execute
    return self.cursor.execute(sql, params)
           ~~~~~~~~~~~~~~~~~~~^^^^^^^^^^^^^
  File "C:\Users\Administrator\AppData\Local\Programs\Python\Python313\Lib\site-packages\django\db\backends\sqlite3\base.py", line 360, in execute
    return super().execute(query, params)
           ~~~~~~~~~~~~~~~^^^^^^^^^^^^^^^
django.db.utils.OperationalError: no such column: accounts_groupmembership.role
ERROR 2025-12-19 10:28:24,560 log 43236 45752 Internal Server Error: /api/accounts/dashboard/student/
ERROR 2025-12-19 10:28:24,561 basehttp 43236 45752 "GET /api/accounts/dashboard/student/ HTTP/1.1" 500 33
INFO 2025-12-19 10:30:32,499 autoreload 46808 41420 Watching for file changes with StatReloader
INFO 2025-12-19 10:32:11,514 views 46808 44820 Dashboard request for user 12: student@zetech.ac.ke, type: student
ERROR 2025-12-19 10:32:11,517 views 46808 44820 Error in student_dashboard: no such column: accounts_groupmembership.role
Traceback (most recent call last):
  File "C:\Users\Administrator\Desktop\GroupHub\env\Lib\site-packages\django\db\backends\utils.py", line 105, in _execute
    return self.cursor.execute(sql, params)
           ~~~~~~~~~~~~~~~~~~~^^^^^^^^^^^^^
  File "C:\Users\Administrator\Desktop\GroupHub\env\Lib\site-packages\django\db\backends\sqlite3\base.py", line 360, in execute
    return super().execute(query, params)
           ~~~~~~~~~~~~~~~^^^^^^^^^^^^^^^
sqlite3.OperationalError: no such column: accounts_groupmembership.role

The above exception was the direct cause of the following exception:

Traceback (most recent call last):
  File "C:\Users\Administrator\Desktop\GroupHub\backend\accounts\views.py", line 304, in student_dashboard
    for membership in memberships:
                      ^^^^^^^^^^^
  File "C:\Users\Administrator\Desktop\GroupHub\env\Lib\site-packages\django\db\models\query.py", line 384, in __iter__
    self._fetch_all()
    ~~~~~~~~~~~~~~~^^
  File "C:\Users\Administrator\Desktop\GroupHub\env\Lib\site-packages\django\db\models\query.py", line 1949, in _fetch_all
    self._result_cache = list(self._iterable_class(self))
                         ~~~~^^^^^^^^^^^^^^^^^^^^^^^^^^^^
  File "C:\Users\Administrator\Desktop\GroupHub\env\Lib\site-packages\django\db\models\query.py", line 91, in __iter__
    results = compiler.execute_sql(
        chunked_fetch=self.chunked_fetch, chunk_size=self.chunk_size
    )
  File "C:\Users\Administrator\Desktop\GroupHub\env\Lib\site-packages\django\db\models\sql\compiler.py", line 1623, in execute_sql
    cursor.execute(sql, params)
    ~~~~~~~~~~~~~~^^^^^^^^^^^^^
  File "C:\Users\Administrator\Desktop\GroupHub\env\Lib\site-packages\django\db\backends\utils.py", line 122, in execute
    return super().execute(sql, params)
           ~~~~~~~~~~~~~~~^^^^^^^^^^^^^
  File "C:\Users\Administrator\Desktop\GroupHub\env\Lib\site-packages\django\db\backends\utils.py", line 79, in execute
    return self._execute_with_wrappers(
           ~~~~~~~~~~~~~~~~~~~~~~~~~~~^
        sql, params, many=False, executor=self._execute
        ^^^^^^^^^^^^^^^^^^^^^^^^^^^^^^^^^^^^^^^^^^^^^^^
    )
    ^
  File "C:\Users\Administrator\Desktop\GroupHub\env\Lib\site-packages\django\db\backends\utils.py", line 92, in _execute_with_wrappers
    return executor(sql, params, many, context)
  File "C:\Users\Administrator\Desktop\GroupHub\env\Lib\site-packages\django\db\backends\utils.py", line 100, in _execute
    with self.db.wrap_database_errors:
         ^^^^^^^^^^^^^^^^^^^^^^^^^^^^
  File "C:\Users\Administrator\Desktop\GroupHub\env\Lib\site-packages\django\db\utils.py", line 91, in __exit__
    raise dj_exc_value.with_traceback(traceback) from exc_value
  File "C:\Users\Administrator\Desktop\GroupHub\env\Lib\site-packages\django\db\backends\utils.py", line 105, in _execute
    return self.cursor.execute(sql, params)
           ~~~~~~~~~~~~~~~~~~~^^^^^^^^^^^^^
  File "C:\Users\Administrator\Desktop\GroupHub\env\Lib\site-packages\django\db\backends\sqlite3\base.py", line 360, in execute
    return super().execute(query, params)
           ~~~~~~~~~~~~~~~^^^^^^^^^^^^^^^
django.db.utils.OperationalError: no such column: accounts_groupmembership.role
ERROR 2025-12-19 10:32:11,524 log 46808 44820 Internal Server Error: /api/accounts/dashboard/student/
ERROR 2025-12-19 10:32:11,524 basehttp 46808 44820 "GET /api/accounts/dashboard/student/ HTTP/1.1" 500 33
INFO 2025-12-19 10:32:16,520 views 46808 46500 Dashboard request for user 12: student@zetech.ac.ke, type: student
ERROR 2025-12-19 10:32:16,522 views 46808 6480 Error in get_notifications: no such table: accounts_notification
ERROR 2025-12-19 10:32:16,523 log 46808 6480 Internal Server Error: /api/accounts/notifications/
ERROR 2025-12-19 10:32:16,524 views 46808 46500 Error in student_dashboard: no such column: accounts_groupmembership.role
Traceback (most recent call last):
  File "C:\Users\Administrator\Desktop\GroupHub\env\Lib\site-packages\django\db\backends\utils.py", line 105, in _execute
    return self.cursor.execute(sql, params)
           ~~~~~~~~~~~~~~~~~~~^^^^^^^^^^^^^
  File "C:\Users\Administrator\Desktop\GroupHub\env\Lib\site-packages\django\db\backends\sqlite3\base.py", line 360, in execute
    return super().execute(query, params)
           ~~~~~~~~~~~~~~~^^^^^^^^^^^^^^^
sqlite3.OperationalError: no such column: accounts_groupmembership.role

The above exception was the direct cause of the following exception:

Traceback (most recent call last):
  File "C:\Users\Administrator\Desktop\GroupHub\backend\accounts\views.py", line 304, in student_dashboard
    for membership in memberships:
                      ^^^^^^^^^^^
  File "C:\Users\Administrator\Desktop\GroupHub\env\Lib\site-packages\django\db\models\query.py", line 384, in __iter__
    self._fetch_all()
    ~~~~~~~~~~~~~~~^^
  File "C:\Users\Administrator\Desktop\GroupHub\env\Lib\site-packages\django\db\models\query.py", line 1949, in _fetch_all
    self._result_cache = list(self._iterable_class(self))
                         ~~~~^^^^^^^^^^^^^^^^^^^^^^^^^^^^
  File "C:\Users\Administrator\Desktop\GroupHub\env\Lib\site-packages\django\db\models\query.py", line 91, in __iter__
    results = compiler.execute_sql(
        chunked_fetch=self.chunked_fetch, chunk_size=self.chunk_size
    )
  File "C:\Users\Administrator\Desktop\GroupHub\env\Lib\site-packages\django\db\models\sql\compiler.py", line 1623, in execute_sql
    cursor.execute(sql, params)
    ~~~~~~~~~~~~~~^^^^^^^^^^^^^
  File "C:\Users\Administrator\Desktop\GroupHub\env\Lib\site-packages\django\db\backends\utils.py", line 122, in execute
    return super().execute(sql, params)
           ~~~~~~~~~~~~~~~^^^^^^^^^^^^^
  File "C:\Users\Administrator\Desktop\GroupHub\env\Lib\site-packages\django\db\backends\utils.py", line 79, in execute
    return self._execute_with_wrappers(
           ~~~~~~~~~~~~~~~~~~~~~~~~~~~^
        sql, params, many=False, executor=self._execute
        ^^^^^^^^^^^^^^^^^^^^^^^^^^^^^^^^^^^^^^^^^^^^^^^
    )
    ^
  File "C:\Users\Administrator\Desktop\GroupHub\env\Lib\site-packages\django\db\backends\utils.py", line 92, in _execute_with_wrappers
    return executor(sql, params, many, context)
  File "C:\Users\Administrator\Desktop\GroupHub\env\Lib\site-packages\django\db\backends\utils.py", line 100, in _execute
    with self.db.wrap_database_errors:
         ^^^^^^^^^^^^^^^^^^^^^^^^^^^^
  File "C:\Users\Administrator\Desktop\GroupHub\env\Lib\site-packages\django\db\utils.py", line 91, in __exit__
    raise dj_exc_value.with_traceback(traceback) from exc_value
  File "C:\Users\Administrator\Desktop\GroupHub\env\Lib\site-packages\django\db\backends\utils.py", line 105, in _execute
    return self.cursor.execute(sql, params)
           ~~~~~~~~~~~~~~~~~~~^^^^^^^^^^^^^
  File "C:\Users\Administrator\Desktop\GroupHub\env\Lib\site-packages\django\db\backends\sqlite3\base.py", line 360, in execute
    return super().execute(query, params)
           ~~~~~~~~~~~~~~~^^^^^^^^^^^^^^^
django.db.utils.OperationalError: no such column: accounts_groupmembership.role
ERROR 2025-12-19 10:32:16,525 basehttp 46808 6480 "GET /api/accounts/notifications/ HTTP/1.1" 500 33
ERROR 2025-12-19 10:32:16,529 log 46808 46500 Internal Server Error: /api/accounts/dashboard/student/
ERROR 2025-12-19 10:32:16,532 basehttp 46808 46500 "GET /api/accounts/dashboard/student/ HTTP/1.1" 500 33
ERROR 2025-12-19 10:32:16,536 views 46808 20240 Error in get_notifications: no such table: accounts_notification
ERROR 2025-12-19 10:32:16,538 log 46808 20240 Internal Server Error: /api/accounts/notifications/
ERROR 2025-12-19 10:32:16,538 basehttp 46808 20240 "GET /api/accounts/notifications/ HTTP/1.1" 500 33
INFO 2025-12-19 10:32:16,540 views 46808 46120 Dashboard request for user 12: student@zetech.ac.ke, type: student
ERROR 2025-12-19 10:32:16,546 views 46808 46120 Error in student_dashboard: no such column: accounts_groupmembership.role
Traceback (most recent call last):
  File "C:\Users\Administrator\Desktop\GroupHub\env\Lib\site-packages\django\db\backends\utils.py", line 105, in _execute
    return self.cursor.execute(sql, params)
           ~~~~~~~~~~~~~~~~~~~^^^^^^^^^^^^^
  File "C:\Users\Administrator\Desktop\GroupHub\env\Lib\site-packages\django\db\backends\sqlite3\base.py", line 360, in execute
    return super().execute(query, params)
           ~~~~~~~~~~~~~~~^^^^^^^^^^^^^^^
sqlite3.OperationalError: no such column: accounts_groupmembership.role

The above exception was the direct cause of the following exception:

Traceback (most recent call last):
  File "C:\Users\Administrator\Desktop\GroupHub\backend\accounts\views.py", line 304, in student_dashboard
    for membership in memberships:
                      ^^^^^^^^^^^
  File "C:\Users\Administrator\Desktop\GroupHub\env\Lib\site-packages\django\db\models\query.py", line 384, in __iter__
    self._fetch_all()
    ~~~~~~~~~~~~~~~^^
  File "C:\Users\Administrator\Desktop\GroupHub\env\Lib\site-packages\django\db\models\query.py", line 1949, in _fetch_all
    self._result_cache = list(self._iterable_class(self))
                         ~~~~^^^^^^^^^^^^^^^^^^^^^^^^^^^^
  File "C:\Users\Administrator\Desktop\GroupHub\env\Lib\site-packages\django\db\models\query.py", line 91, in __iter__
    results = compiler.execute_sql(
        chunked_fetch=self.chunked_fetch, chunk_size=self.chunk_size
    )
  File "C:\Users\Administrator\Desktop\GroupHub\env\Lib\site-packages\django\db\models\sql\compiler.py", line 1623, in execute_sql
    cursor.execute(sql, params)
    ~~~~~~~~~~~~~~^^^^^^^^^^^^^
  File "C:\Users\Administrator\Desktop\GroupHub\env\Lib\site-packages\django\db\backends\utils.py", line 122, in execute
    return super().execute(sql, params)
           ~~~~~~~~~~~~~~~^^^^^^^^^^^^^
  File "C:\Users\Administrator\Desktop\GroupHub\env\Lib\site-packages\django\db\backends\utils.py", line 79, in execute
    return self._execute_with_wrappers(
           ~~~~~~~~~~~~~~~~~~~~~~~~~~~^
        sql, params, many=False, executor=self._execute
        ^^^^^^^^^^^^^^^^^^^^^^^^^^^^^^^^^^^^^^^^^^^^^^^
    )
    ^
  File "C:\Users\Administrator\Desktop\GroupHub\env\Lib\site-packages\django\db\backends\utils.py", line 92, in _execute_with_wrappers
    return executor(sql, params, many, context)
  File "C:\Users\Administrator\Desktop\GroupHub\env\Lib\site-packages\django\db\backends\utils.py", line 100, in _execute
    with self.db.wrap_database_errors:
         ^^^^^^^^^^^^^^^^^^^^^^^^^^^^
  File "C:\Users\Administrator\Desktop\GroupHub\env\Lib\site-packages\django\db\utils.py", line 91, in __exit__
    raise dj_exc_value.with_traceback(traceback) from exc_value
  File "C:\Users\Administrator\Desktop\GroupHub\env\Lib\site-packages\django\db\backends\utils.py", line 105, in _execute
    return self.cursor.execute(sql, params)
           ~~~~~~~~~~~~~~~~~~~^^^^^^^^^^^^^
  File "C:\Users\Administrator\Desktop\GroupHub\env\Lib\site-packages\django\db\backends\sqlite3\base.py", line 360, in execute
    return super().execute(query, params)
           ~~~~~~~~~~~~~~~^^^^^^^^^^^^^^^
django.db.utils.OperationalError: no such column: accounts_groupmembership.role
ERROR 2025-12-19 10:32:16,551 log 46808 46120 Internal Server Error: /api/accounts/dashboard/student/
ERROR 2025-12-19 10:32:16,552 basehttp 46808 46120 "GET /api/accounts/dashboard/student/ HTTP/1.1" 500 33
WARNING 2025-12-19 10:35:06,496 log 46808 39488 Unauthorized: /api/accounts/dashboard/student/
WARNING 2025-12-19 10:35:06,497 basehttp 46808 39488 "GET /api/accounts/dashboard/student/ HTTP/1.1" 401 172
INFO 2025-12-19 10:35:09,576 basehttp 46808 2276 "POST /api/accounts/jwt/login/ HTTP/1.1" 200 636
INFO 2025-12-19 10:35:09,812 views 46808 43512 Dashboard request for user 12: student@zetech.ac.ke, type: student
INFO 2025-12-19 10:35:09,813 basehttp 46808 10736 "GET /api/accounts/notifications/ HTTP/1.1" 200 2
INFO 2025-12-19 10:35:09,820 views 46808 43512 Dashboard data returned for user 12
INFO 2025-12-19 10:35:09,821 basehttp 46808 38668 "GET /api/accounts/notifications/ HTTP/1.1" 200 2
INFO 2025-12-19 10:35:09,822 basehttp 46808 43512 "GET /api/accounts/dashboard/student/ HTTP/1.1" 200 232
INFO 2025-12-19 10:35:09,827 views 46808 40516 Dashboard request for user 12: student@zetech.ac.ke, type: student
INFO 2025-12-19 10:35:09,832 views 46808 40516 Dashboard data returned for user 12
INFO 2025-12-19 10:35:09,833 basehttp 46808 40516 "GET /api/accounts/dashboard/student/ HTTP/1.1" 200 232
INFO 2025-12-19 10:54:53,896 autoreload 44892 45660 Watching for file changes with StatReloader
INFO 2025-12-19 10:57:32,991 basehttp 46808 44416 "POST /api/accounts/jwt/login/ HTTP/1.1" 200 636
INFO 2025-12-19 10:57:33,080 views 46808 20132 Dashboard request for user 12: student@zetech.ac.ke, type: student
INFO 2025-12-19 10:57:33,085 basehttp 46808 40360 "GET /api/accounts/notifications/ HTTP/1.1" 200 2
INFO 2025-12-19 10:57:33,090 views 46808 20132 Dashboard data returned for user 12
INFO 2025-12-19 10:57:33,090 basehttp 46808 20132 "GET /api/accounts/dashboard/student/ HTTP/1.1" 200 232
INFO 2025-12-19 10:57:33,092 basehttp 46808 16548 "GET /api/accounts/notifications/ HTTP/1.1" 200 2
INFO 2025-12-19 10:57:33,096 views 46808 29872 Dashboard request for user 12: student@zetech.ac.ke, type: student
INFO 2025-12-19 10:57:33,102 views 46808 29872 Dashboard data returned for user 12
INFO 2025-12-19 10:57:33,103 basehttp 46808 29872 "GET /api/accounts/dashboard/student/ HTTP/1.1" 200 232
INFO 2025-12-19 10:58:41,619 views 46808 45116 Dashboard request for user 12: student@zetech.ac.ke, type: student
INFO 2025-12-19 10:58:41,625 basehttp 46808 45268 "GET /api/accounts/notifications/ HTTP/1.1" 200 2
INFO 2025-12-19 10:58:41,633 views 46808 45116 Dashboard data returned for user 12
INFO 2025-12-19 10:58:41,634 basehttp 46808 45116 "GET /api/accounts/dashboard/student/ HTTP/1.1" 200 232
INFO 2025-12-19 10:58:41,637 basehttp 46808 37092 "GET /api/accounts/notifications/ HTTP/1.1" 200 2
INFO 2025-12-19 10:58:41,643 views 46808 35880 Dashboard request for user 12: student@zetech.ac.ke, type: student
INFO 2025-12-19 10:58:41,651 views 46808 35880 Dashboard data returned for user 12
INFO 2025-12-19 10:58:41,652 basehttp 46808 35880 "GET /api/accounts/dashboard/student/ HTTP/1.1" 200 232
INFO 2025-12-19 11:00:13,489 views 46808 44264 Dashboard request for user 12: student@zetech.ac.ke, type: student
INFO 2025-12-19 11:00:13,493 basehttp 46808 38180 "GET /api/accounts/notifications/ HTTP/1.1" 200 2
INFO 2025-12-19 11:00:13,505 views 46808 44264 Dashboard data returned for user 12
INFO 2025-12-19 11:00:13,507 basehttp 46808 44264 "GET /api/accounts/dashboard/student/ HTTP/1.1" 200 232
INFO 2025-12-19 11:00:13,507 basehttp 46808 46536 "GET /api/accounts/notifications/ HTTP/1.1" 200 2
INFO 2025-12-19 11:00:13,516 views 46808 45504 Dashboard request for user 12: student@zetech.ac.ke, type: student
INFO 2025-12-19 11:00:13,523 views 46808 45504 Dashboard data returned for user 12
INFO 2025-12-19 11:00:13,524 basehttp 46808 45504 "GET /api/accounts/dashboard/student/ HTTP/1.1" 200 232
INFO 2025-12-19 11:02:17,432 views 46808 43820 Dashboard request for user 12: student@zetech.ac.ke, type: student
INFO 2025-12-19 11:02:17,436 basehttp 46808 38576 "GET /api/accounts/notifications/ HTTP/1.1" 200 2
INFO 2025-12-19 11:02:17,446 views 46808 43820 Dashboard data returned for user 12
INFO 2025-12-19 11:02:17,447 basehttp 46808 45364 "GET /api/accounts/notifications/ HTTP/1.1" 200 2
INFO 2025-12-19 11:02:17,447 basehttp 46808 43820 "GET /api/accounts/dashboard/student/ HTTP/1.1" 200 232
INFO 2025-12-19 11:02:17,455 views 46808 44116 Dashboard request for user 12: student@zetech.ac.ke, type: student
INFO 2025-12-19 11:02:17,461 views 46808 44116 Dashboard data returned for user 12
INFO 2025-12-19 11:02:17,462 basehttp 46808 44116 "GET /api/accounts/dashboard/student/ HTTP/1.1" 200 232
WARNING 2025-12-19 11:04:07,406 log 46808 39744 Unauthorized: /api/accounts/dashboard/student/
WARNING 2025-12-19 11:04:07,407 log 46808 21844 Unauthorized: /api/accounts/notifications/
WARNING 2025-12-19 11:04:07,408 basehttp 46808 39744 "GET /api/accounts/dashboard/student/ HTTP/1.1" 401 172
WARNING 2025-12-19 11:04:07,408 basehttp 46808 21844 "GET /api/accounts/notifications/ HTTP/1.1" 401 172
WARNING 2025-12-19 11:04:07,413 log 46808 43928 Unauthorized: /api/accounts/dashboard/student/
WARNING 2025-12-19 11:04:07,415 log 46808 21920 Unauthorized: /api/accounts/notifications/
WARNING 2025-12-19 11:04:07,416 basehttp 46808 43928 "GET /api/accounts/dashboard/student/ HTTP/1.1" 401 172
WARNING 2025-12-19 11:04:07,416 basehttp 46808 21920 "GET /api/accounts/notifications/ HTTP/1.1" 401 172
INFO 2025-12-19 11:09:08,955 basehttp 46808 26456 "POST /api/accounts/jwt/login/ HTTP/1.1" 200 636
INFO 2025-12-19 11:09:09,038 views 46808 2108 Dashboard request for user 12: student@zetech.ac.ke, type: student
INFO 2025-12-19 11:09:09,042 basehttp 46808 46752 "GET /api/accounts/notifications/ HTTP/1.1" 200 2
INFO 2025-12-19 11:09:09,048 views 46808 2108 Dashboard data returned for user 12
INFO 2025-12-19 11:09:09,049 basehttp 46808 2108 "GET /api/accounts/dashboard/student/ HTTP/1.1" 200 232
INFO 2025-12-19 11:09:09,052 basehttp 46808 44540 "GET /api/accounts/notifications/ HTTP/1.1" 200 2
INFO 2025-12-19 11:09:09,055 views 46808 45788 Dashboard request for user 12: student@zetech.ac.ke, type: student
INFO 2025-12-19 11:09:09,060 views 46808 45788 Dashboard data returned for user 12
INFO 2025-12-19 11:09:09,060 basehttp 46808 45788 "GET /api/accounts/dashboard/student/ HTTP/1.1" 200 232
INFO 2025-12-19 11:21:22,822 basehttp 46808 46740 "POST /api/accounts/jwt/login/ HTTP/1.1" 200 636
INFO 2025-12-19 11:21:22,906 views 46808 45688 Dashboard request for user 12: student@zetech.ac.ke, type: student
INFO 2025-12-19 11:21:22,911 basehttp 46808 39044 "GET /api/accounts/notifications/ HTTP/1.1" 200 2
INFO 2025-12-19 11:21:22,915 views 46808 45688 Dashboard data returned for user 12
INFO 2025-12-19 11:21:22,916 basehttp 46808 45688 "GET /api/accounts/dashboard/student/ HTTP/1.1" 200 232
INFO 2025-12-19 11:21:22,919 basehttp 46808 46816 "GET /api/accounts/notifications/ HTTP/1.1" 200 2
INFO 2025-12-19 11:21:22,922 views 46808 15320 Dashboard request for user 12: student@zetech.ac.ke, type: student
INFO 2025-12-19 11:21:22,927 views 46808 15320 Dashboard data returned for user 12
INFO 2025-12-19 11:21:22,928 basehttp 46808 15320 "GET /api/accounts/dashboard/student/ HTTP/1.1" 200 232
INFO 2025-12-19 11:28:25,534 basehttp 46808 31688 "POST /api/accounts/jwt/login/ HTTP/1.1" 200 639
INFO 2025-12-19 11:28:25,614 views 46808 43224 Dashboard request for user 13: lecturer@zetech.ac.ke, type: lecturer
INFO 2025-12-19 11:28:25,621 views 46808 43224 Dashboard data returned for user 13
INFO 2025-12-19 11:28:25,622 basehttp 46808 43224 "GET /api/accounts/dashboard/lecturer/ HTTP/1.1" 200 222
INFO 2025-12-19 11:28:25,626 views 46808 19180 Dashboard request for user 13: lecturer@zetech.ac.ke, type: lecturer
INFO 2025-12-19 11:28:25,630 views 46808 19180 Dashboard data returned for user 13
INFO 2025-12-19 11:28:25,631 basehttp 46808 19180 "GET /api/accounts/dashboard/lecturer/ HTTP/1.1" 200 222
INFO 2025-12-19 11:38:01,676 basehttp 46808 39844 "POST /api/accounts/jwt/login/ HTTP/1.1" 200 636
INFO 2025-12-19 11:38:01,759 views 46808 8596 Dashboard request for user 12: student@zetech.ac.ke, type: student
INFO 2025-12-19 11:38:01,763 basehttp 46808 9048 "GET /api/accounts/notifications/ HTTP/1.1" 200 2
INFO 2025-12-19 11:38:01,768 views 46808 8596 Dashboard data returned for user 12
INFO 2025-12-19 11:38:01,770 basehttp 46808 8596 "GET /api/accounts/dashboard/student/ HTTP/1.1" 200 232
INFO 2025-12-19 11:38:01,771 basehttp 46808 41536 "GET /api/accounts/notifications/ HTTP/1.1" 200 2
INFO 2025-12-19 11:38:01,775 views 46808 30580 Dashboard request for user 12: student@zetech.ac.ke, type: student
INFO 2025-12-19 11:38:01,781 views 46808 30580 Dashboard data returned for user 12
INFO 2025-12-19 11:38:01,782 basehttp 46808 30580 "GET /api/accounts/dashboard/student/ HTTP/1.1" 200 232
INFO 2025-12-19 11:40:33,477 views 46808 44980 Dashboard request for user 12: student@zetech.ac.ke, type: student
INFO 2025-12-19 11:40:33,482 basehttp 46808 37628 "GET /api/accounts/notifications/ HTTP/1.1" 200 2
INFO 2025-12-19 11:40:33,491 views 46808 44980 Dashboard data returned for user 12
INFO 2025-12-19 11:40:33,492 basehttp 46808 44980 "GET /api/accounts/dashboard/student/ HTTP/1.1" 200 232
INFO 2025-12-19 11:40:33,493 basehttp 46808 40488 "GET /api/accounts/notifications/ HTTP/1.1" 200 2
INFO 2025-12-19 11:40:33,501 views 46808 46428 Dashboard request for user 12: student@zetech.ac.ke, type: student
INFO 2025-12-19 11:40:33,507 views 46808 46428 Dashboard data returned for user 12
INFO 2025-12-19 11:40:33,508 basehttp 46808 46428 "GET /api/accounts/dashboard/student/ HTTP/1.1" 200 232
INFO 2025-12-19 11:40:42,439 views 46808 44808 Dashboard request for user 12: student@zetech.ac.ke, type: student
INFO 2025-12-19 11:40:42,444 basehttp 46808 47012 "GET /api/accounts/notifications/ HTTP/1.1" 200 2
INFO 2025-12-19 11:40:42,453 views 46808 44808 Dashboard data returned for user 12
INFO 2025-12-19 11:40:42,454 basehttp 46808 44808 "GET /api/accounts/dashboard/student/ HTTP/1.1" 200 232
INFO 2025-12-19 11:40:42,455 basehttp 46808 27008 "GET /api/accounts/notifications/ HTTP/1.1" 200 2
INFO 2025-12-19 11:40:42,464 views 46808 27808 Dashboard request for user 12: student@zetech.ac.ke, type: student
INFO 2025-12-19 11:40:42,471 views 46808 27808 Dashboard data returned for user 12
INFO 2025-12-19 11:40:42,472 basehttp 46808 27808 "GET /api/accounts/dashboard/student/ HTTP/1.1" 200 232
INFO 2025-12-19 11:41:22,567 views 46808 47096 Dashboard request for user 12: student@zetech.ac.ke, type: student
INFO 2025-12-19 11:41:22,574 basehttp 46808 42912 "GET /api/accounts/notifications/ HTTP/1.1" 200 2
INFO 2025-12-19 11:41:22,610 views 46808 47096 Dashboard data returned for user 12
INFO 2025-12-19 11:41:22,611 basehttp 46808 47096 "GET /api/accounts/dashboard/student/ HTTP/1.1" 200 232
INFO 2025-12-19 11:41:22,632 views 46808 32568 Dashboard request for user 12: student@zetech.ac.ke, type: student
INFO 2025-12-19 11:41:22,632 basehttp 46808 10268 "GET /api/accounts/notifications/ HTTP/1.1" 200 2
INFO 2025-12-19 11:41:22,642 views 46808 32568 Dashboard data returned for user 12
INFO 2025-12-19 11:41:22,643 basehttp 46808 32568 "GET /api/accounts/dashboard/student/ HTTP/1.1" 200 232
WARNING 2025-12-19 11:49:04,552 log 46808 43212 Unauthorized: /api/accounts/dashboard/student/
WARNING 2025-12-19 11:49:04,555 log 46808 42384 Unauthorized: /api/accounts/notifications/
WARNING 2025-12-19 11:49:04,555 basehttp 46808 43212 "GET /api/accounts/dashboard/student/ HTTP/1.1" 401 172
WARNING 2025-12-19 11:49:04,556 basehttp 46808 42384 "GET /api/accounts/notifications/ HTTP/1.1" 401 172
WARNING 2025-12-19 11:49:04,560 log 46808 30600 Unauthorized: /api/accounts/dashboard/student/
WARNING 2025-12-19 11:49:04,561 log 46808 40708 Unauthorized: /api/accounts/notifications/
WARNING 2025-12-19 11:49:04,562 basehttp 46808 30600 "GET /api/accounts/dashboard/student/ HTTP/1.1" 401 172
WARNING 2025-12-19 11:49:04,562 basehttp 46808 40708 "GET /api/accounts/notifications/ HTTP/1.1" 401 172
INFO 2025-12-19 11:52:24,542 basehttp 46808 27624 "POST /api/accounts/jwt/login/ HTTP/1.1" 200 636
INFO 2025-12-19 11:52:24,630 views 46808 19464 Dashboard request for user 12: student@zetech.ac.ke, type: student
INFO 2025-12-19 11:52:24,631 basehttp 46808 37008 "GET /api/accounts/notifications/ HTTP/1.1" 200 2
INFO 2025-12-19 11:52:24,638 views 46808 19464 Dashboard data returned for user 12
INFO 2025-12-19 11:52:24,639 basehttp 46808 41316 "GET /api/accounts/notifications/ HTTP/1.1" 200 2
INFO 2025-12-19 11:52:24,640 basehttp 46808 19464 "GET /api/accounts/dashboard/student/ HTTP/1.1" 200 232
INFO 2025-12-19 11:52:24,644 views 46808 4040 Dashboard request for user 12: student@zetech.ac.ke, type: student
INFO 2025-12-19 11:52:24,649 views 46808 4040 Dashboard data returned for user 12
INFO 2025-12-19 11:52:24,649 basehttp 46808 4040 "GET /api/accounts/dashboard/student/ HTTP/1.1" 200 232
INFO 2025-12-19 11:53:34,352 autoreload 46808 41420 C:\Users\Administrator\Desktop\GroupHub\backend\accounts\views.py changed, reloading.
INFO 2025-12-19 11:53:34,519 autoreload 44892 45660 C:\Users\Administrator\Desktop\GroupHub\backend\accounts\views.py changed, reloading.
INFO 2025-12-19 11:53:36,077 autoreload 43628 9588 Watching for file changes with StatReloader
INFO 2025-12-19 11:53:36,102 autoreload 42312 37092 Watching for file changes with StatReloader
INFO 2025-12-19 11:53:46,368 autoreload 43628 9588 C:\Users\Administrator\Desktop\GroupHub\backend\accounts\urls.py changed, reloading.
INFO 2025-12-19 11:53:46,569 autoreload 42312 37092 C:\Users\Administrator\Desktop\GroupHub\backend\accounts\urls.py changed, reloading.
INFO 2025-12-19 11:53:47,203 autoreload 45108 44500 Watching for file changes with StatReloader
INFO 2025-12-19 11:53:47,404 autoreload 39788 43292 Watching for file changes with StatReloader
INFO 2025-12-19 11:53:59,589 autoreload 45108 44500 C:\Users\Administrator\Desktop\GroupHub\backend\accounts\models.py changed, reloading.
INFO 2025-12-19 11:53:59,798 autoreload 39788 43292 C:\Users\Administrator\Desktop\GroupHub\backend\accounts\models.py changed, reloading.
INFO 2025-12-19 11:54:00,516 autoreload 21844 46456 Watching for file changes with StatReloader
INFO 2025-12-19 11:54:00,715 autoreload 44964 32100 Watching for file changes with StatReloader
INFO 2025-12-19 11:54:08,525 autoreload 21844 46456 C:\Users\Administrator\Desktop\GroupHub\backend\accounts\views.py changed, reloading.
INFO 2025-12-19 11:54:08,908 autoreload 44964 32100 C:\Users\Administrator\Desktop\GroupHub\backend\accounts\views.py changed, reloading.
INFO 2025-12-19 11:54:09,457 autoreload 18496 36632 Watching for file changes with StatReloader
INFO 2025-12-19 11:54:09,804 autoreload 31968 39520 Watching for file changes with StatReloader
INFO 2025-12-19 11:54:18,660 autoreload 18496 36632 C:\Users\Administrator\Desktop\GroupHub\backend\accounts\views.py changed, reloading.
INFO 2025-12-19 11:54:19,319 autoreload 31968 39520 C:\Users\Administrator\Desktop\GroupHub\backend\accounts\views.py changed, reloading.
INFO 2025-12-19 11:54:19,808 autoreload 45412 10736 Watching for file changes with StatReloader
INFO 2025-12-19 11:54:20,437 autoreload 43368 45440 Watching for file changes with StatReloader
INFO 2025-12-19 11:54:32,279 autoreload 45412 10736 C:\Users\Administrator\Desktop\GroupHub\backend\accounts\views.py changed, reloading.
INFO 2025-12-19 11:54:32,826 autoreload 43368 45440 C:\Users\Administrator\Desktop\GroupHub\backend\accounts\views.py changed, reloading.
INFO 2025-12-19 11:54:33,291 autoreload 43276 10096 Watching for file changes with StatReloader
INFO 2025-12-19 11:54:33,748 autoreload 32680 15464 Watching for file changes with StatReloader
INFO 2025-12-19 11:54:45,408 autoreload 32680 15464 C:\Users\Administrator\Desktop\GroupHub\backend\accounts\urls.py changed, reloading.
INFO 2025-12-19 11:54:45,838 autoreload 43276 10096 C:\Users\Administrator\Desktop\GroupHub\backend\accounts\urls.py changed, reloading.
INFO 2025-12-19 11:54:46,374 autoreload 21300 40980 Watching for file changes with StatReloader
INFO 2025-12-19 11:54:46,685 autoreload 46976 39492 Watching for file changes with StatReloader
INFO 2025-12-19 11:55:03,189 views 21300 29996 Dashboard request for user 12: student@zetech.ac.ke, type: student
INFO 2025-12-19 11:55:03,195 basehttp 21300 33652 "GET /api/accounts/notifications/ HTTP/1.1" 200 2
INFO 2025-12-19 11:55:03,206 views 21300 29996 Dashboard data returned for user 12
INFO 2025-12-19 11:55:03,207 basehttp 21300 29996 "GET /api/accounts/dashboard/student/ HTTP/1.1" 200 232
INFO 2025-12-19 11:55:03,212 basehttp 21300 184 "GET /api/accounts/notifications/ HTTP/1.1" 200 2
INFO 2025-12-19 11:55:03,214 views 21300 43284 Dashboard request for user 12: student@zetech.ac.ke, type: student
INFO 2025-12-19 11:55:03,223 views 21300 43284 Dashboard data returned for user 12
INFO 2025-12-19 11:55:03,224 basehttp 21300 43284 "GET /api/accounts/dashboard/student/ HTTP/1.1" 200 232
INFO 2025-12-19 11:55:10,557 views 21300 46932 Dashboard request for user 12: student@zetech.ac.ke, type: student
INFO 2025-12-19 11:55:10,563 basehttp 21300 40776 "GET /api/accounts/notifications/ HTTP/1.1" 200 2
INFO 2025-12-19 11:55:10,572 views 21300 46932 Dashboard data returned for user 12
INFO 2025-12-19 11:55:10,574 basehttp 21300 46932 "GET /api/accounts/dashboard/student/ HTTP/1.1" 200 232
INFO 2025-12-19 11:55:10,574 basehttp 21300 34708 "GET /api/accounts/notifications/ HTTP/1.1" 200 2
INFO 2025-12-19 11:55:10,582 views 21300 36952 Dashboard request for user 12: student@zetech.ac.ke, type: student
INFO 2025-12-19 11:55:10,592 views 21300 36952 Dashboard data returned for user 12
INFO 2025-12-19 11:55:10,593 basehttp 21300 36952 "GET /api/accounts/dashboard/student/ HTTP/1.1" 200 232
INFO 2025-12-19 11:55:34,445 views 21300 5520 Dashboard request for user 12: student@zetech.ac.ke, type: student
INFO 2025-12-19 11:55:34,454 basehttp 21300 38228 "GET /api/accounts/notifications/ HTTP/1.1" 200 2
INFO 2025-12-19 11:55:34,463 views 21300 5520 Dashboard data returned for user 12
INFO 2025-12-19 11:55:34,466 basehttp 21300 5520 "GET /api/accounts/dashboard/student/ HTTP/1.1" 200 232
INFO 2025-12-19 11:55:34,467 basehttp 21300 42432 "GET /api/accounts/notifications/ HTTP/1.1" 200 2
INFO 2025-12-19 11:55:34,472 views 21300 36792 Dashboard request for user 12: student@zetech.ac.ke, type: student
INFO 2025-12-19 11:55:34,480 views 21300 36792 Dashboard data returned for user 12
INFO 2025-12-19 11:55:34,481 basehttp 21300 36792 "GET /api/accounts/dashboard/student/ HTTP/1.1" 200 232
INFO 2025-12-19 11:55:45,710 views 21300 43616 Dashboard request for user 12: student@zetech.ac.ke, type: student
INFO 2025-12-19 11:55:45,721 views 21300 43616 Dashboard data returned for user 12
INFO 2025-12-19 11:55:45,741 basehttp 21300 43616 "GET /api/accounts/dashboard/student/ HTTP/1.1" 200 232
INFO 2025-12-19 11:55:45,739 basehttp 21300 39036 "GET /api/accounts/notifications/ HTTP/1.1" 200 2
INFO 2025-12-19 11:55:45,829 basehttp 21300 40468 "GET /api/accounts/notifications/ HTTP/1.1" 200 2
INFO 2025-12-19 11:55:45,866 views 21300 44880 Dashboard request for user 12: student@zetech.ac.ke, type: student
INFO 2025-12-19 11:55:45,875 views 21300 44880 Dashboard data returned for user 12
INFO 2025-12-19 11:55:45,876 basehttp 21300 44880 "GET /api/accounts/dashboard/student/ HTTP/1.1" 200 232
INFO 2025-12-19 11:57:15,989 basehttp 21300 32676 "POST /api/accounts/jwt/login/ HTTP/1.1" 200 639
INFO 2025-12-19 11:57:16,068 views 21300 44612 Dashboard request for user 13: lecturer@zetech.ac.ke, type: lecturer
INFO 2025-12-19 11:57:16,073 views 21300 44612 Dashboard data returned for user 13
INFO 2025-12-19 11:57:16,074 basehttp 21300 44612 "GET /api/accounts/dashboard/lecturer/ HTTP/1.1" 200 222
INFO 2025-12-19 11:57:16,080 views 21300 43196 Dashboard request for user 13: lecturer@zetech.ac.ke, type: lecturer
INFO 2025-12-19 11:57:16,084 views 21300 43196 Dashboard data returned for user 13
INFO 2025-12-19 11:57:16,084 basehttp 21300 43196 "GET /api/accounts/dashboard/lecturer/ HTTP/1.1" 200 222
INFO 2025-12-19 11:57:19,393 views 21300 32684 Dashboard request for user 13: lecturer@zetech.ac.ke, type: lecturer
INFO 2025-12-19 11:57:19,394 basehttp 21300 23780 "GET /api/accounts/students/ HTTP/1.1" 200 464
INFO 2025-12-19 11:57:19,399 views 21300 32684 Dashboard data returned for user 13
INFO 2025-12-19 11:57:19,400 basehttp 21300 32684 "GET /api/accounts/dashboard/lecturer/ HTTP/1.1" 200 222
WARNING 2025-12-19 11:57:19,435 log 21300 2948 Not Found: /api/chat/rooms/
WARNING 2025-12-19 11:57:19,436 basehttp 21300 2948 "GET /api/chat/rooms/ HTTP/1.1" 404 2377
WARNING 2025-12-19 11:57:22,718 log 21300 37092 Not Found: /api/chat/rooms/
WARNING 2025-12-19 11:57:22,719 basehttp 21300 37092 "POST /api/chat/rooms/ HTTP/1.1" 404 2378
WARNING 2025-12-19 11:57:24,192 log 21300 12676 Not Found: /api/chat/rooms/
WARNING 2025-12-19 11:57:24,192 basehttp 21300 12676 "POST /api/chat/rooms/ HTTP/1.1" 404 2378
WARNING 2025-12-19 11:57:24,823 log 21300 43344 Not Found: /api/chat/rooms/
WARNING 2025-12-19 11:57:24,824 basehttp 21300 43344 "POST /api/chat/rooms/ HTTP/1.1" 404 2378
WARNING 2025-12-19 11:57:24,992 log 21300 7572 Not Found: /api/chat/rooms/
WARNING 2025-12-19 11:57:24,993 basehttp 21300 7572 "POST /api/chat/rooms/ HTTP/1.1" 404 2378
WARNING 2025-12-19 11:57:25,189 log 21300 42900 Not Found: /api/chat/rooms/
WARNING 2025-12-19 11:57:25,190 basehttp 21300 42900 "POST /api/chat/rooms/ HTTP/1.1" 404 2378
WARNING 2025-12-19 11:57:25,412 log 21300 41032 Not Found: /api/chat/rooms/
WARNING 2025-12-19 11:57:25,412 basehttp 21300 41032 "POST /api/chat/rooms/ HTTP/1.1" 404 2378
WARNING 2025-12-19 11:57:29,640 log 21300 3936 Not Found: /api/chat/rooms/
WARNING 2025-12-19 11:57:29,641 basehttp 21300 3936 "POST /api/chat/rooms/ HTTP/1.1" 404 2378
WARNING 2025-12-19 11:57:30,119 log 21300 43696 Not Found: /api/chat/rooms/
WARNING 2025-12-19 11:57:30,120 basehttp 21300 43696 "POST /api/chat/rooms/ HTTP/1.1" 404 2378
WARNING 2025-12-19 11:57:30,297 log 21300 29856 Not Found: /api/chat/rooms/
WARNING 2025-12-19 11:57:30,298 basehttp 21300 29856 "POST /api/chat/rooms/ HTTP/1.1" 404 2378
WARNING 2025-12-19 11:57:35,182 log 21300 40400 Not Found: /api/chat/rooms/
WARNING 2025-12-19 11:57:35,182 basehttp 21300 40400 "POST /api/chat/rooms/ HTTP/1.1" 404 2378
WARNING 2025-12-19 12:02:36,756 log 21300 39164 Not Found: /api/chat/rooms/
WARNING 2025-12-19 12:02:36,757 basehttp 21300 39164 "POST /api/chat/rooms/ HTTP/1.1" 404 2378
WARNING 2025-12-19 12:02:40,340 log 21300 37192 Not Found: /api/chat/rooms/
WARNING 2025-12-19 12:02:40,341 basehttp 21300 37192 "POST /api/chat/rooms/ HTTP/1.1" 404 2378
WARNING 2025-12-19 12:02:40,854 log 21300 31372 Not Found: /api/chat/rooms/
WARNING 2025-12-19 12:02:40,854 basehttp 21300 31372 "POST /api/chat/rooms/ HTTP/1.1" 404 2378
WARNING 2025-12-19 12:02:41,030 log 21300 46888 Not Found: /api/chat/rooms/
WARNING 2025-12-19 12:02:41,030 basehttp 21300 46888 "POST /api/chat/rooms/ HTTP/1.1" 404 2378
WARNING 2025-12-19 12:02:41,217 log 21300 40776 Not Found: /api/chat/rooms/
WARNING 2025-12-19 12:02:41,219 basehttp 21300 40776 "POST /api/chat/rooms/ HTTP/1.1" 404 2378
WARNING 2025-12-19 12:02:41,358 log 21300 46932 Not Found: /api/chat/rooms/
WARNING 2025-12-19 12:02:41,359 basehttp 21300 46932 "POST /api/chat/rooms/ HTTP/1.1" 404 2378
WARNING 2025-12-19 12:02:41,513 log 21300 34708 Not Found: /api/chat/rooms/
WARNING 2025-12-19 12:02:41,514 basehttp 21300 34708 "POST /api/chat/rooms/ HTTP/1.1" 404 2378
WARNING 2025-12-19 12:02:41,667 log 21300 36952 Not Found: /api/chat/rooms/
WARNING 2025-12-19 12:02:41,667 basehttp 21300 36952 "POST /api/chat/rooms/ HTTP/1.1" 404 2378
WARNING 2025-12-19 12:02:41,804 log 21300 43968 Not Found: /api/chat/rooms/
WARNING 2025-12-19 12:02:41,805 basehttp 21300 43968 "POST /api/chat/rooms/ HTTP/1.1" 404 2378
WARNING 2025-12-19 12:02:42,069 log 21300 37536 Not Found: /api/chat/rooms/
WARNING 2025-12-19 12:02:42,070 basehttp 21300 37536 "POST /api/chat/rooms/ HTTP/1.1" 404 2378
WARNING 2025-12-19 12:04:41,543 log 21300 45408 Unauthorized: /api/accounts/dashboard/lecturer/
WARNING 2025-12-19 12:04:41,544 basehttp 21300 45408 "GET /api/accounts/dashboard/lecturer/ HTTP/1.1" 401 172
WARNING 2025-12-19 12:04:41,549 log 21300 45908 Unauthorized: /api/accounts/dashboard/lecturer/
WARNING 2025-12-19 12:04:41,550 basehttp 21300 45908 "GET /api/accounts/dashboard/lecturer/ HTTP/1.1" 401 172
INFO 2025-12-19 12:09:42,443 basehttp 21300 29872 "POST /api/accounts/jwt/login/ HTTP/1.1" 200 639
INFO 2025-12-19 12:09:42,542 views 21300 45728 Dashboard request for user 13: lecturer@zetech.ac.ke, type: lecturer
INFO 2025-12-19 12:09:42,547 views 21300 45728 Dashboard data returned for user 13
INFO 2025-12-19 12:09:42,548 basehttp 21300 45728 "GET /api/accounts/dashboard/lecturer/ HTTP/1.1" 200 222
INFO 2025-12-19 12:09:42,553 views 21300 29384 Dashboard request for user 13: lecturer@zetech.ac.ke, type: lecturer
INFO 2025-12-19 12:09:42,557 views 21300 29384 Dashboard data returned for user 13
INFO 2025-12-19 12:09:42,558 basehttp 21300 29384 "GET /api/accounts/dashboard/lecturer/ HTTP/1.1" 200 222
WARNING 2025-12-19 12:09:45,516 log 21300 44748 Not Found: /api/chat/rooms/
INFO 2025-12-19 12:09:45,517 views 21300 36684 Dashboard request for user 13: lecturer@zetech.ac.ke, type: lecturer
WARNING 2025-12-19 12:09:45,518 basehttp 21300 44748 "GET /api/chat/rooms/ HTTP/1.1" 404 2377
INFO 2025-12-19 12:09:45,520 basehttp 21300 15636 "GET /api/accounts/students/ HTTP/1.1" 200 464
INFO 2025-12-19 12:09:45,524 views 21300 36684 Dashboard data returned for user 13
INFO 2025-12-19 12:09:45,524 basehttp 21300 36684 "GET /api/accounts/dashboard/lecturer/ HTTP/1.1" 200 222
WARNING 2025-12-19 12:09:47,616 log 21300 26044 Not Found: /api/chat/direct/
WARNING 2025-12-19 12:09:47,617 basehttp 21300 26044 "POST /api/chat/direct/ HTTP/1.1" 404 2381
WARNING 2025-12-19 12:09:48,859 log 21300 23048 Not Found: /api/chat/direct/
WARNING 2025-12-19 12:09:48,860 basehttp 21300 23048 "POST /api/chat/direct/ HTTP/1.1" 404 2381
WARNING 2025-12-19 12:09:49,571 log 21300 43028 Not Found: /api/chat/direct/
WARNING 2025-12-19 12:09:49,572 basehttp 21300 43028 "POST /api/chat/direct/ HTTP/1.1" 404 2381
WARNING 2025-12-19 12:09:50,057 log 21300 34016 Not Found: /api/chat/direct/
WARNING 2025-12-19 12:09:50,057 basehttp 21300 34016 "POST /api/chat/direct/ HTTP/1.1" 404 2381
WARNING 2025-12-19 12:09:50,238 log 21300 41652 Not Found: /api/chat/direct/
WARNING 2025-12-19 12:09:50,239 basehttp 21300 41652 "POST /api/chat/direct/ HTTP/1.1" 404 2381
WARNING 2025-12-19 12:09:50,333 log 21300 39624 Not Found: /api/chat/direct/
WARNING 2025-12-19 12:09:50,333 basehttp 21300 39624 "POST /api/chat/direct/ HTTP/1.1" 404 2381
WARNING 2025-12-19 12:09:50,522 log 21300 38180 Not Found: /api/chat/direct/
WARNING 2025-12-19 12:09:50,523 basehttp 21300 38180 "POST /api/chat/direct/ HTTP/1.1" 404 2381
WARNING 2025-12-19 12:09:50,678 log 21300 34656 Not Found: /api/chat/direct/
WARNING 2025-12-19 12:09:50,678 basehttp 21300 34656 "POST /api/chat/direct/ HTTP/1.1" 404 2381
WARNING 2025-12-19 12:09:50,874 log 21300 46680 Not Found: /api/chat/direct/
WARNING 2025-12-19 12:09:50,875 basehttp 21300 46680 "POST /api/chat/direct/ HTTP/1.1" 404 2381
WARNING 2025-12-19 12:09:51,039 log 21300 43960 Not Found: /api/chat/direct/
WARNING 2025-12-19 12:09:51,039 basehttp 21300 43960 "POST /api/chat/direct/ HTTP/1.1" 404 2381
WARNING 2025-12-19 12:09:51,171 log 21300 38352 Not Found: /api/chat/direct/
WARNING 2025-12-19 12:09:51,172 basehttp 21300 38352 "POST /api/chat/direct/ HTTP/1.1" 404 2381
WARNING 2025-12-19 12:09:52,600 log 21300 42904 Not Found: /api/chat/direct/
WARNING 2025-12-19 12:09:52,601 basehttp 21300 42904 "POST /api/chat/direct/ HTTP/1.1" 404 2381
WARNING 2025-12-19 12:09:53,626 log 21300 45800 Not Found: /api/chat/direct/
WARNING 2025-12-19 12:09:53,627 basehttp 21300 45800 "POST /api/chat/direct/ HTTP/1.1" 404 2381
WARNING 2025-12-19 12:09:59,742 log 21300 22864 Not Found: /api/chat/direct/
WARNING 2025-12-19 12:09:59,742 basehttp 21300 22864 "POST /api/chat/direct/ HTTP/1.1" 404 2381
INFO 2025-12-19 12:11:39,328 autoreload 21300 40980 C:\Users\Administrator\Desktop\GroupHub\backend\accounts\models.py changed, reloading.
INFO 2025-12-19 12:11:40,415 autoreload 46976 39492 C:\Users\Administrator\Desktop\GroupHub\backend\accounts\models.py changed, reloading.
INFO 2025-12-19 12:11:40,800 autoreload 21436 1544 Watching for file changes with StatReloader
INFO 2025-12-19 12:11:41,228 autoreload 16196 42860 Watching for file changes with StatReloader
INFO 2025-12-19 12:11:49,155 autoreload 16196 42860 C:\Users\Administrator\Desktop\GroupHub\backend\accounts\views.py changed, reloading.
INFO 2025-12-19 12:11:50,006 autoreload 21436 1544 C:\Users\Administrator\Desktop\GroupHub\backend\accounts\views.py changed, reloading.
INFO 2025-12-19 12:11:50,150 autoreload 45756 43644 Watching for file changes with StatReloader
INFO 2025-12-19 12:11:50,859 autoreload 33860 46140 Watching for file changes with StatReloader
INFO 2025-12-19 12:11:56,011 autoreload 33860 46140 C:\Users\Administrator\Desktop\GroupHub\backend\accounts\views.py changed, reloading.
INFO 2025-12-19 12:11:56,252 autoreload 45756 43644 C:\Users\Administrator\Desktop\GroupHub\backend\accounts\views.py changed, reloading.
INFO 2025-12-19 12:11:57,219 autoreload 13272 39724 Watching for file changes with StatReloader
INFO 2025-12-19 12:11:57,318 autoreload 27584 41112 Watching for file changes with StatReloader
INFO 2025-12-19 12:12:05,514 autoreload 27584 41112 C:\Users\Administrator\Desktop\GroupHub\backend\accounts\views.py changed, reloading.
INFO 2025-12-19 12:12:05,527 autoreload 13272 39724 C:\Users\Administrator\Desktop\GroupHub\backend\accounts\views.py changed, reloading.
INFO 2025-12-19 12:12:06,454 autoreload 28708 21336 Watching for file changes with StatReloader
INFO 2025-12-19 12:12:06,495 autoreload 13740 22172 Watching for file changes with StatReloader
INFO 2025-12-19 12:12:13,374 autoreload 28708 21336 C:\Users\Administrator\Desktop\GroupHub\backend\accounts\views.py changed, reloading.
INFO 2025-12-19 12:12:13,562 autoreload 13740 22172 C:\Users\Administrator\Desktop\GroupHub\backend\accounts\views.py changed, reloading.
INFO 2025-12-19 12:12:15,461 autoreload 46064 26276 Watching for file changes with StatReloader
INFO 2025-12-19 12:12:15,859 autoreload 41580 45264 Watching for file changes with StatReloader
INFO 2025-12-19 12:12:22,763 autoreload 46064 26276 C:\Users\Administrator\Desktop\GroupHub\backend\accounts\views.py changed, reloading.
INFO 2025-12-19 12:12:23,081 autoreload 41580 45264 C:\Users\Administrator\Desktop\GroupHub\backend\accounts\views.py changed, reloading.
INFO 2025-12-19 12:12:24,380 autoreload 10516 42104 Watching for file changes with StatReloader
INFO 2025-12-19 12:12:24,572 autoreload 45552 41068 Watching for file changes with StatReloader
WARNING 2025-12-19 12:13:38,785 log 10516 9644 Not Found: /api/chat/direct/
WARNING 2025-12-19 12:13:38,785 basehttp 10516 9644 "POST /api/chat/direct/ HTTP/1.1" 404 2381
WARNING 2025-12-19 12:13:40,102 log 10516 46728 Not Found: /api/chat/direct/
WARNING 2025-12-19 12:13:40,103 basehttp 10516 46728 "POST /api/chat/direct/ HTTP/1.1" 404 2381
WARNING 2025-12-19 12:13:40,504 log 10516 24920 Not Found: /api/chat/direct/
WARNING 2025-12-19 12:13:40,505 basehttp 10516 24920 "POST /api/chat/direct/ HTTP/1.1" 404 2381
WARNING 2025-12-19 12:13:40,731 log 10516 36184 Not Found: /api/chat/direct/
WARNING 2025-12-19 12:13:40,732 basehttp 10516 36184 "POST /api/chat/direct/ HTTP/1.1" 404 2381
WARNING 2025-12-19 12:13:40,969 log 10516 28360 Not Found: /api/chat/direct/
WARNING 2025-12-19 12:13:40,970 basehttp 10516 28360 "POST /api/chat/direct/ HTTP/1.1" 404 2381
WARNING 2025-12-19 12:13:41,090 log 10516 46688 Not Found: /api/chat/direct/
WARNING 2025-12-19 12:13:41,090 basehttp 10516 46688 "POST /api/chat/direct/ HTTP/1.1" 404 2381
WARNING 2025-12-19 12:13:44,365 log 10516 42432 Not Found: /api/chat/direct/
WARNING 2025-12-19 12:13:44,365 basehttp 10516 42432 "POST /api/chat/direct/ HTTP/1.1" 404 2381
WARNING 2025-12-19 12:26:31,617 log 10516 34252 Not Found: /api/chat/direct/
WARNING 2025-12-19 12:26:31,619 basehttp 10516 34252 "POST /api/chat/direct/ HTTP/1.1" 404 2381
INFO 2025-12-19 12:34:29,365 autoreload 10516 42104 C:\Users\Administrator\Desktop\GroupHub\backend\backend\settings.py changed, reloading.
INFO 2025-12-19 12:34:29,386 autoreload 45552 41068 C:\Users\Administrator\Desktop\GroupHub\backend\backend\settings.py changed, reloading.
INFO 2025-12-19 12:34:31,017 autoreload 29772 30140 Watching for file changes with StatReloader
INFO 2025-12-19 12:34:31,248 autoreload 28508 40848 Watching for file changes with StatReloader
INFO 2025-12-19 12:35:45,590 autoreload 29772 30140 C:\Users\Administrator\Desktop\GroupHub\backend\backend\settings.py changed, reloading.
INFO 2025-12-19 12:35:45,606 autoreload 28508 40848 C:\Users\Administrator\Desktop\GroupHub\backend\backend\settings.py changed, reloading.
INFO 2025-12-19 12:35:46,549 autoreload 37064 39212 Watching for file changes with StatReloader
INFO 2025-12-19 12:35:46,562 autoreload 38664 44648 Watching for file changes with StatReloader
INFO 2025-12-19 13:03:30,530 autoreload 13704 45972 Watching for file changes with StatReloader
INFO 2025-12-19 13:05:02,890 basehttp 13704 14756 "POST /api/accounts/jwt/login/ HTTP/1.1" 200 639
INFO 2025-12-19 13:05:03,248 views 13704 33676 Dashboard request for user 13: lecturer@zetech.ac.ke, type: lecturer
INFO 2025-12-19 13:05:03,255 views 13704 33676 Dashboard data returned for user 13
INFO 2025-12-19 13:05:03,257 basehttp 13704 33676 "GET /api/accounts/dashboard/lecturer/ HTTP/1.1" 200 222
INFO 2025-12-19 13:05:03,268 views 13704 42356 Dashboard request for user 13: lecturer@zetech.ac.ke, type: lecturer
INFO 2025-12-19 13:05:03,275 views 13704 42356 Dashboard data returned for user 13
INFO 2025-12-19 13:05:03,277 basehttp 13704 42356 "GET /api/accounts/dashboard/lecturer/ HTTP/1.1" 200 222
INFO 2025-12-19 13:05:12,793 views 13704 44700 Dashboard request for user 13: lecturer@zetech.ac.ke, type: lecturer
INFO 2025-12-19 13:05:12,815 basehttp 13704 38604 "GET /api/accounts/students/ HTTP/1.1" 200 464
WARNING 2025-12-19 13:05:12,815 log 13704 36784 Not Found: /api/chat/rooms/
INFO 2025-12-19 13:05:12,816 views 13704 44700 Dashboard data returned for user 13
INFO 2025-12-19 13:05:12,818 basehttp 13704 44700 "GET /api/accounts/dashboard/lecturer/ HTTP/1.1" 200 222
WARNING 2025-12-19 13:05:12,819 basehttp 13704 36784 "GET /api/chat/rooms/ HTTP/1.1" 404 2377
INFO 2025-12-19 13:05:54,712 views 13704 31796 Dashboard request for user 13: lecturer@zetech.ac.ke, type: lecturer
INFO 2025-12-19 13:05:54,719 views 13704 31796 Dashboard data returned for user 13
INFO 2025-12-19 13:05:54,720 basehttp 13704 31796 "GET /api/accounts/dashboard/lecturer/ HTTP/1.1" 200 222
INFO 2025-12-19 13:05:54,729 views 13704 41296 Dashboard request for user 13: lecturer@zetech.ac.ke, type: lecturer
INFO 2025-12-19 13:05:54,735 views 13704 41296 Dashboard data returned for user 13
INFO 2025-12-19 13:05:54,736 basehttp 13704 41296 "GET /api/accounts/dashboard/lecturer/ HTTP/1.1" 200 222
INFO 2025-12-19 13:06:03,891 views 13704 21960 Dashboard request for user 13: lecturer@zetech.ac.ke, type: lecturer
INFO 2025-12-19 13:06:03,901 views 13704 21960 Dashboard data returned for user 13
INFO 2025-12-19 13:06:03,904 basehttp 13704 21960 "GET /api/accounts/dashboard/lecturer/ HTTP/1.1" 200 222
INFO 2025-12-19 13:06:03,913 views 13704 29820 Dashboard request for user 13: lecturer@zetech.ac.ke, type: lecturer
INFO 2025-12-19 13:06:03,926 views 13704 29820 Dashboard data returned for user 13
INFO 2025-12-19 13:06:03,927 basehttp 13704 29820 "GET /api/accounts/dashboard/lecturer/ HTTP/1.1" 200 222
INFO 2025-12-19 13:06:13,673 views 13704 42528 Dashboard request for user 13: lecturer@zetech.ac.ke, type: lecturer
INFO 2025-12-19 13:06:13,681 views 13704 42528 Dashboard data returned for user 13
INFO 2025-12-19 13:06:13,682 basehttp 13704 42528 "GET /api/accounts/dashboard/lecturer/ HTTP/1.1" 200 222
INFO 2025-12-19 13:06:13,687 views 13704 14684 Dashboard request for user 13: lecturer@zetech.ac.ke, type: lecturer
INFO 2025-12-19 13:06:13,694 views 13704 14684 Dashboard data returned for user 13
INFO 2025-12-19 13:06:13,695 basehttp 13704 14684 "GET /api/accounts/dashboard/lecturer/ HTTP/1.1" 200 222
INFO 2025-12-19 13:06:23,585 views 13704 1076 Dashboard request for user 13: lecturer@zetech.ac.ke, type: lecturer
INFO 2025-12-19 13:06:23,596 views 13704 1076 Dashboard data returned for user 13
INFO 2025-12-19 13:06:23,597 basehttp 13704 1076 "GET /api/accounts/dashboard/lecturer/ HTTP/1.1" 200 222
INFO 2025-12-19 13:06:23,603 views 13704 45276 Dashboard request for user 13: lecturer@zetech.ac.ke, type: lecturer
INFO 2025-12-19 13:06:23,612 views 13704 45276 Dashboard data returned for user 13
INFO 2025-12-19 13:06:23,613 basehttp 13704 45276 "GET /api/accounts/dashboard/lecturer/ HTTP/1.1" 200 222
INFO 2025-12-19 13:07:01,922 views 13704 30032 Dashboard request for user 13: lecturer@zetech.ac.ke, type: lecturer
INFO 2025-12-19 13:07:01,932 basehttp 13704 13848 "GET /api/accounts/students/ HTTP/1.1" 200 464
INFO 2025-12-19 13:07:01,934 views 13704 30032 Dashboard data returned for user 13
INFO 2025-12-19 13:07:01,936 basehttp 13704 31976 "GET /api/accounts/chat/rooms/ HTTP/1.1" 200 2
INFO 2025-12-19 13:07:01,936 basehttp 13704 30032 "GET /api/accounts/dashboard/lecturer/ HTTP/1.1" 200 222
INFO 2025-12-19 13:07:05,393 basehttp 13704 36100 "POST /api/accounts/chat/direct/ HTTP/1.1" 200 65
INFO 2025-12-19 13:07:05,422 basehttp 13704 44724 "GET /api/accounts/chat/messages/1/ HTTP/1.1" 200 2
INFO 2025-12-19 13:07:08,108 basehttp 13704 46408 "GET /api/accounts/chat/messages/1/ HTTP/1.1" 200 2
INFO 2025-12-19 13:07:17,360 basehttp 13704 37876 "POST /api/accounts/chat/send/1/ HTTP/1.1" 201 157
INFO 2025-12-19 13:07:24,455 basehttp 13704 25564 "POST /api/accounts/chat/send/1/ HTTP/1.1" 201 158
INFO 2025-12-19 13:08:05,529 basehttp 13704 15428 "POST /api/accounts/jwt/login/ HTTP/1.1" 200 636
INFO 2025-12-19 13:08:05,851 views 13704 45060 Dashboard request for user 12: student@zetech.ac.ke, type: student
INFO 2025-12-19 13:08:05,863 basehttp 13704 6816 "GET /api/accounts/notifications/ HTTP/1.1" 200 2
INFO 2025-12-19 13:08:05,865 views 13704 45060 Dashboard data returned for user 12
INFO 2025-12-19 13:08:05,876 basehttp 13704 45060 "GET /api/accounts/dashboard/student/ HTTP/1.1" 200 232
INFO 2025-12-19 13:08:05,886 basehttp 13704 38724 "GET /api/accounts/notifications/ HTTP/1.1" 200 2
INFO 2025-12-19 13:08:05,887 views 13704 44624 Dashboard request for user 12: student@zetech.ac.ke, type: student
INFO 2025-12-19 13:08:05,895 views 13704 44624 Dashboard data returned for user 12
INFO 2025-12-19 13:08:05,897 basehttp 13704 44624 "GET /api/accounts/dashboard/student/ HTTP/1.1" 200 232
WARNING 2025-12-19 13:08:14,332 log 13704 28084 Not Found: /api/accounts/chat-rooms/
WARNING 2025-12-19 13:08:14,333 basehttp 13704 28084 "GET /api/accounts/chat-rooms/ HTTP/1.1" 404 7480
INFO 2025-12-19 13:08:45,741 views 13704 14576 Dashboard request for user 12: student@zetech.ac.ke, type: student
INFO 2025-12-19 13:08:45,750 basehttp 13704 41904 "GET /api/accounts/notifications/ HTTP/1.1" 200 2
INFO 2025-12-19 13:08:45,759 views 13704 14576 Dashboard data returned for user 12
INFO 2025-12-19 13:08:45,760 basehttp 13704 14576 "GET /api/accounts/dashboard/student/ HTTP/1.1" 200 232
INFO 2025-12-19 13:08:45,763 basehttp 13704 37432 "GET /api/accounts/notifications/ HTTP/1.1" 200 2
INFO 2025-12-19 13:08:45,770 views 13704 28860 Dashboard request for user 12: student@zetech.ac.ke, type: student
INFO 2025-12-19 13:08:45,777 views 13704 28860 Dashboard data returned for user 12
INFO 2025-12-19 13:08:45,778 basehttp 13704 28860 "GET /api/accounts/dashboard/student/ HTTP/1.1" 200 232
INFO 2025-12-19 13:09:04,614 views 13704 10912 Dashboard request for user 12: student@zetech.ac.ke, type: student
INFO 2025-12-19 13:09:04,619 basehttp 13704 42876 "GET /api/accounts/notifications/ HTTP/1.1" 200 2
INFO 2025-12-19 13:09:04,625 views 13704 10912 Dashboard data returned for user 12
INFO 2025-12-19 13:09:04,628 basehttp 13704 10912 "GET /api/accounts/dashboard/student/ HTTP/1.1" 200 232
INFO 2025-12-19 13:09:04,629 basehttp 13704 11828 "GET /api/accounts/notifications/ HTTP/1.1" 200 2
INFO 2025-12-19 13:09:04,636 views 13704 39240 Dashboard request for user 12: student@zetech.ac.ke, type: student
INFO 2025-12-19 13:09:04,646 views 13704 39240 Dashboard data returned for user 12
INFO 2025-12-19 13:09:04,647 basehttp 13704 39240 "GET /api/accounts/dashboard/student/ HTTP/1.1" 200 232
INFO 2025-12-19 13:10:19,828 views 13704 37884 Dashboard request for user 12: student@zetech.ac.ke, type: student
INFO 2025-12-19 13:10:19,835 basehttp 13704 7940 "GET /api/accounts/notifications/ HTTP/1.1" 200 2
INFO 2025-12-19 13:10:19,849 basehttp 13704 33008 "GET /api/accounts/notifications/ HTTP/1.1" 200 2
INFO 2025-12-19 13:10:19,851 views 13704 37884 Dashboard data returned for user 12
INFO 2025-12-19 13:10:19,858 basehttp 13704 37884 "GET /api/accounts/dashboard/student/ HTTP/1.1" 200 232
INFO 2025-12-19 13:10:19,869 views 13704 43548 Dashboard request for user 12: student@zetech.ac.ke, type: student
INFO 2025-12-19 13:10:19,883 views 13704 43548 Dashboard data returned for user 12
INFO 2025-12-19 13:10:19,884 basehttp 13704 43548 "GET /api/accounts/dashboard/student/ HTTP/1.1" 200 232
INFO 2025-12-19 13:11:55,130 basehttp 13704 26052 "GET /api/accounts/chat/rooms/ HTTP/1.1" 200 68
INFO 2025-12-19 13:12:39,083 basehttp 13704 35056 "GET /api/accounts/chat/rooms/ HTTP/1.1" 200 68
INFO 2025-12-19 13:12:52,176 basehttp 13704 11300 "POST /api/accounts/jwt/login/ HTTP/1.1" 200 636
INFO 2025-12-19 13:12:52,301 views 13704 44624 Dashboard request for user 12: student@zetech.ac.ke, type: student
INFO 2025-12-19 13:12:52,304 basehttp 13704 44376 "GET /api/accounts/notifications/ HTTP/1.1" 200 2
INFO 2025-12-19 13:12:52,320 views 13704 44624 Dashboard data returned for user 12
INFO 2025-12-19 13:12:52,327 basehttp 13704 44624 "GET /api/accounts/dashboard/student/ HTTP/1.1" 200 232
INFO 2025-12-19 13:12:52,328 basehttp 13704 5048 "GET /api/accounts/notifications/ HTTP/1.1" 200 2
INFO 2025-12-19 13:12:52,339 views 13704 32152 Dashboard request for user 12: student@zetech.ac.ke, type: student
INFO 2025-12-19 13:12:52,353 views 13704 32152 Dashboard data returned for user 12
INFO 2025-12-19 13:12:52,355 basehttp 13704 32152 "GET /api/accounts/dashboard/student/ HTTP/1.1" 200 232
INFO 2025-12-19 13:12:55,911 basehttp 13704 25092 "GET /api/accounts/chat/rooms/ HTTP/1.1" 200 68
INFO 2025-12-19 13:12:57,489 basehttp 13704 45996 "GET /api/accounts/chat/messages/1/ HTTP/1.1" 200 318
INFO 2025-12-19 13:13:18,678 basehttp 13704 43596 "POST /api/accounts/chat/send/1/ HTTP/1.1" 201 154
INFO 2025-12-19 13:14:58,776 basehttp 13704 44584 "POST /api/accounts/jwt/login/ HTTP/1.1" 200 639
INFO 2025-12-19 13:14:58,875 views 13704 28768 Dashboard request for user 13: lecturer@zetech.ac.ke, type: lecturer
INFO 2025-12-19 13:14:58,882 views 13704 28768 Dashboard data returned for user 13
INFO 2025-12-19 13:14:58,883 basehttp 13704 28768 "GET /api/accounts/dashboard/lecturer/ HTTP/1.1" 200 222
INFO 2025-12-19 13:14:58,888 views 13704 17100 Dashboard request for user 13: lecturer@zetech.ac.ke, type: lecturer
INFO 2025-12-19 13:14:58,895 views 13704 17100 Dashboard data returned for user 13
INFO 2025-12-19 13:14:58,896 basehttp 13704 17100 "GET /api/accounts/dashboard/lecturer/ HTTP/1.1" 200 222
INFO 2025-12-19 13:15:03,699 views 13704 39492 Dashboard request for user 13: lecturer@zetech.ac.ke, type: lecturer
INFO 2025-12-19 13:15:03,710 views 13704 39492 Dashboard data returned for user 13
INFO 2025-12-19 13:15:03,712 basehttp 13704 39492 "GET /api/accounts/dashboard/lecturer/ HTTP/1.1" 200 222
INFO 2025-12-19 13:15:04,587 views 13704 11920 Dashboard request for user 13: lecturer@zetech.ac.ke, type: lecturer
INFO 2025-12-19 13:15:04,596 views 13704 11920 Dashboard data returned for user 13
INFO 2025-12-19 13:15:04,598 basehttp 13704 11920 "GET /api/accounts/dashboard/lecturer/ HTTP/1.1" 200 222
INFO 2025-12-19 13:15:05,314 views 13704 21220 Dashboard request for user 13: lecturer@zetech.ac.ke, type: lecturer
INFO 2025-12-19 13:15:05,345 views 13704 21220 Dashboard data returned for user 13
INFO 2025-12-19 13:15:05,349 basehttp 13704 21220 "GET /api/accounts/dashboard/lecturer/ HTTP/1.1" 200 222
INFO 2025-12-19 13:15:07,218 views 13704 44668 Dashboard request for user 13: lecturer@zetech.ac.ke, type: lecturer
INFO 2025-12-19 13:15:07,229 basehttp 13704 14828 "GET /api/accounts/students/ HTTP/1.1" 200 464
INFO 2025-12-19 13:15:07,234 basehttp 13704 36640 "GET /api/accounts/chat/rooms/ HTTP/1.1" 200 67
INFO 2025-12-19 13:15:07,236 views 13704 44668 Dashboard data returned for user 13
INFO 2025-12-19 13:15:07,238 basehttp 13704 44668 "GET /api/accounts/dashboard/lecturer/ HTTP/1.1" 200 222
INFO 2025-12-19 13:15:10,106 basehttp 13704 45832 "POST /api/accounts/chat/direct/ HTTP/1.1" 200 65
INFO 2025-12-19 13:15:10,126 basehttp 13704 2276 "GET /api/accounts/chat/messages/1/ HTTP/1.1" 200 473
INFO 2025-12-19 13:16:59,585 views 13704 43816 Dashboard request for user 13: lecturer@zetech.ac.ke, type: lecturer
INFO 2025-12-19 13:16:59,596 views 13704 43816 Dashboard data returned for user 13
INFO 2025-12-19 13:16:59,598 basehttp 13704 43816 "GET /api/accounts/dashboard/lecturer/ HTTP/1.1" 200 222
INFO 2025-12-19 13:17:21,298 views 13704 25800 Dashboard request for user 13: lecturer@zetech.ac.ke, type: lecturer
INFO 2025-12-19 13:17:21,309 basehttp 13704 16160 "GET /api/accounts/students/ HTTP/1.1" 200 464
INFO 2025-12-19 13:17:21,313 views 13704 25800 Dashboard data returned for user 13
INFO 2025-12-19 13:17:21,317 basehttp 13704 25800 "GET /api/accounts/dashboard/lecturer/ HTTP/1.1" 200 222
INFO 2025-12-19 13:17:21,317 basehttp 13704 29412 "GET /api/accounts/chat/rooms/ HTTP/1.1" 200 67
INFO 2025-12-19 13:17:22,283 views 13704 42312 Dashboard request for user 13: lecturer@zetech.ac.ke, type: lecturer
INFO 2025-12-19 13:17:22,293 views 13704 42312 Dashboard data returned for user 13
INFO 2025-12-19 13:17:22,295 basehttp 13704 42312 "GET /api/accounts/dashboard/lecturer/ HTTP/1.1" 200 222
INFO 2025-12-19 13:17:23,257 views 13704 13676 Dashboard request for user 13: lecturer@zetech.ac.ke, type: lecturer
INFO 2025-12-19 13:17:23,271 views 13704 13676 Dashboard data returned for user 13
INFO 2025-12-19 13:17:23,272 basehttp 13704 13676 "GET /api/accounts/dashboard/lecturer/ HTTP/1.1" 200 222
INFO 2025-12-19 13:17:24,828 views 13704 43660 Dashboard request for user 13: lecturer@zetech.ac.ke, type: lecturer
INFO 2025-12-19 13:17:24,838 views 13704 43660 Dashboard data returned for user 13
INFO 2025-12-19 13:17:24,839 basehttp 13704 43660 "GET /api/accounts/dashboard/lecturer/ HTTP/1.1" 200 222
WARNING 2025-12-19 16:15:52,015 log 13704 44832 Unauthorized: /api/accounts/dashboard/lecturer/
WARNING 2025-12-19 16:15:52,016 basehttp 13704 44832 "GET /api/accounts/dashboard/lecturer/ HTTP/1.1" 401 172
WARNING 2025-12-19 16:15:52,020 log 13704 46332 Unauthorized: /api/accounts/dashboard/lecturer/
WARNING 2025-12-19 16:15:52,021 basehttp 13704 46332 "GET /api/accounts/dashboard/lecturer/ HTTP/1.1" 401 172
INFO 2025-12-19 16:16:36,418 basehttp 13704 14980 "POST /api/accounts/jwt/login/ HTTP/1.1" 200 639
INFO 2025-12-19 16:16:36,538 views 13704 32192 Dashboard request for user 13: lecturer@zetech.ac.ke, type: lecturer
INFO 2025-12-19 16:16:36,544 views 13704 32192 Dashboard data returned for user 13
INFO 2025-12-19 16:16:36,546 basehttp 13704 32192 "GET /api/accounts/dashboard/lecturer/ HTTP/1.1" 200 222
INFO 2025-12-19 16:16:36,554 views 13704 42360 Dashboard request for user 13: lecturer@zetech.ac.ke, type: lecturer
INFO 2025-12-19 16:16:36,560 views 13704 42360 Dashboard data returned for user 13
INFO 2025-12-19 16:16:36,561 basehttp 13704 42360 "GET /api/accounts/dashboard/lecturer/ HTTP/1.1" 200 222
INFO 2025-12-19 16:19:35,931 basehttp 13704 43460 "POST /api/accounts/jwt/login/ HTTP/1.1" 200 636
INFO 2025-12-19 16:19:36,044 views 13704 46156 Dashboard request for user 12: student@zetech.ac.ke, type: student
INFO 2025-12-19 16:19:36,048 basehttp 13704 7032 "GET /api/accounts/notifications/ HTTP/1.1" 200 2
INFO 2025-12-19 16:19:36,058 views 13704 46156 Dashboard data returned for user 12
INFO 2025-12-19 16:19:36,062 basehttp 13704 46156 "GET /api/accounts/dashboard/student/ HTTP/1.1" 200 232
INFO 2025-12-19 16:19:36,062 basehttp 13704 44424 "GET /api/accounts/notifications/ HTTP/1.1" 200 2
INFO 2025-12-19 16:19:36,074 views 13704 44516 Dashboard request for user 12: student@zetech.ac.ke, type: student
INFO 2025-12-19 16:19:36,088 views 13704 44516 Dashboard data returned for user 12
INFO 2025-12-19 16:19:36,090 basehttp 13704 44516 "GET /api/accounts/dashboard/student/ HTTP/1.1" 200 232
INFO 2025-12-19 16:24:07,538 basehttp 13704 44724 "POST /api/accounts/jwt/login/ HTTP/1.1" 200 636
INFO 2025-12-19 16:24:07,658 views 13704 44828 Dashboard request for user 12: student@zetech.ac.ke, type: student
INFO 2025-12-19 16:24:07,673 basehttp 13704 6304 "GET /api/accounts/notifications/ HTTP/1.1" 200 2
INFO 2025-12-19 16:24:07,679 views 13704 44828 Dashboard data returned for user 12
INFO 2025-12-19 16:24:07,680 basehttp 13704 44828 "GET /api/accounts/dashboard/student/ HTTP/1.1" 200 232
INFO 2025-12-19 16:24:07,685 basehttp 13704 10488 "GET /api/accounts/notifications/ HTTP/1.1" 200 2
INFO 2025-12-19 16:24:07,692 views 13704 43816 Dashboard request for user 12: student@zetech.ac.ke, type: student
INFO 2025-12-19 16:24:07,699 views 13704 43816 Dashboard data returned for user 12
INFO 2025-12-19 16:24:07,700 basehttp 13704 43816 "GET /api/accounts/dashboard/student/ HTTP/1.1" 200 232
WARNING 2025-12-19 16:29:10,705 log 13704 46788 Unauthorized: /api/accounts/dashboard/student/
WARNING 2025-12-19 16:29:10,707 log 13704 8508 Unauthorized: /api/accounts/notifications/
WARNING 2025-12-19 16:29:10,708 basehttp 13704 46788 "GET /api/accounts/dashboard/student/ HTTP/1.1" 401 172
WARNING 2025-12-19 16:29:10,709 basehttp 13704 8508 "GET /api/accounts/notifications/ HTTP/1.1" 401 172
WARNING 2025-12-19 16:29:10,726 log 13704 37720 Unauthorized: /api/accounts/dashboard/student/
WARNING 2025-12-19 16:29:10,730 basehttp 13704 37720 "GET /api/accounts/dashboard/student/ HTTP/1.1" 401 172
WARNING 2025-12-19 16:29:10,743 log 13704 22432 Unauthorized: /api/accounts/notifications/
WARNING 2025-12-19 16:29:10,746 basehttp 13704 22432 "GET /api/accounts/notifications/ HTTP/1.1" 401 172
INFO 2025-12-19 16:31:17,235 basehttp 13704 20304 "POST /api/accounts/jwt/login/ HTTP/1.1" 200 636
INFO 2025-12-19 16:31:17,340 views 13704 47052 Dashboard request for user 12: student@zetech.ac.ke, type: student
INFO 2025-12-19 16:31:17,344 basehttp 13704 38528 "GET /api/accounts/notifications/ HTTP/1.1" 200 2
INFO 2025-12-19 16:31:17,352 views 13704 47052 Dashboard data returned for user 12
INFO 2025-12-19 16:31:17,354 basehttp 13704 47052 "GET /api/accounts/dashboard/student/ HTTP/1.1" 200 232
INFO 2025-12-19 16:31:17,357 basehttp 13704 44440 "GET /api/accounts/notifications/ HTTP/1.1" 200 2
INFO 2025-12-19 16:31:17,361 views 13704 22016 Dashboard request for user 12: student@zetech.ac.ke, type: student
INFO 2025-12-19 16:31:17,369 views 13704 22016 Dashboard data returned for user 12
INFO 2025-12-19 16:31:17,370 basehttp 13704 22016 "GET /api/accounts/dashboard/student/ HTTP/1.1" 200 232
INFO 2025-12-19 16:31:39,637 basehttp 13704 46300 "GET /api/accounts/chat/rooms/ HTTP/1.1" 200 68
INFO 2025-12-19 16:31:41,151 basehttp 13704 35528 "GET /api/accounts/chat/messages/1/ HTTP/1.1" 200 473
INFO 2025-12-19 16:31:47,172 basehttp 13704 36260 "POST /api/accounts/chat/send/1/ HTTP/1.1" 201 154
INFO 2025-12-19 16:33:23,699 views 13704 43140 Dashboard request for user 12: student@zetech.ac.ke, type: student
INFO 2025-12-19 16:33:23,704 basehttp 13704 34964 "GET /api/accounts/notifications/ HTTP/1.1" 200 2
INFO 2025-12-19 16:33:23,721 views 13704 43140 Dashboard data returned for user 12
INFO 2025-12-19 16:33:23,722 basehttp 13704 30992 "GET /api/accounts/notifications/ HTTP/1.1" 200 2
INFO 2025-12-19 16:33:23,725 basehttp 13704 43140 "GET /api/accounts/dashboard/student/ HTTP/1.1" 200 232
INFO 2025-12-19 16:33:23,740 views 13704 19416 Dashboard request for user 12: student@zetech.ac.ke, type: student
INFO 2025-12-19 16:33:23,761 views 13704 19416 Dashboard data returned for user 12
INFO 2025-12-19 16:33:23,762 basehttp 13704 19416 "GET /api/accounts/dashboard/student/ HTTP/1.1" 200 232
INFO 2025-12-19 16:33:32,478 views 13704 43580 Dashboard request for user 12: student@zetech.ac.ke, type: student
INFO 2025-12-19 16:33:32,481 basehttp 13704 36516 "GET /api/accounts/notifications/ HTTP/1.1" 200 2
INFO 2025-12-19 16:33:32,488 views 13704 43580 Dashboard data returned for user 12
INFO 2025-12-19 16:33:32,489 basehttp 13704 43580 "GET /api/accounts/dashboard/student/ HTTP/1.1" 200 232
INFO 2025-12-19 16:33:32,496 basehttp 13704 11368 "GET /api/accounts/notifications/ HTTP/1.1" 200 2
INFO 2025-12-19 16:33:32,498 views 13704 4848 Dashboard request for user 12: student@zetech.ac.ke, type: student
INFO 2025-12-19 16:33:32,505 views 13704 4848 Dashboard data returned for user 12
INFO 2025-12-19 16:33:32,506 basehttp 13704 4848 "GET /api/accounts/dashboard/student/ HTTP/1.1" 200 232
WARNING 2025-12-19 16:43:36,727 log 13704 20656 Unauthorized: /api/accounts/dashboard/student/
WARNING 2025-12-19 16:43:36,730 log 13704 23064 Unauthorized: /api/accounts/notifications/
WARNING 2025-12-19 16:43:36,731 basehttp 13704 20656 "GET /api/accounts/dashboard/student/ HTTP/1.1" 401 172
WARNING 2025-12-19 16:43:36,732 basehttp 13704 23064 "GET /api/accounts/notifications/ HTTP/1.1" 401 172
WARNING 2025-12-19 16:43:36,745 log 13704 42940 Unauthorized: /api/accounts/dashboard/student/
WARNING 2025-12-19 16:43:36,748 log 13704 45736 Unauthorized: /api/accounts/notifications/
WARNING 2025-12-19 16:43:36,749 basehttp 13704 42940 "GET /api/accounts/dashboard/student/ HTTP/1.1" 401 172
WARNING 2025-12-19 16:43:36,749 basehttp 13704 45736 "GET /api/accounts/notifications/ HTTP/1.1" 401 172
INFO 2025-12-19 16:43:45,813 basehttp 13704 15688 "POST /api/accounts/jwt/login/ HTTP/1.1" 200 636
INFO 2025-12-19 16:43:45,916 views 13704 35176 Dashboard request for user 12: student@zetech.ac.ke, type: student
INFO 2025-12-19 16:43:45,920 basehttp 13704 30140 "GET /api/accounts/notifications/ HTTP/1.1" 200 2
INFO 2025-12-19 16:43:45,929 views 13704 35176 Dashboard data returned for user 12
INFO 2025-12-19 16:43:45,931 basehttp 13704 47028 "GET /api/accounts/notifications/ HTTP/1.1" 200 2
INFO 2025-12-19 16:43:45,931 basehttp 13704 35176 "GET /api/accounts/dashboard/student/ HTTP/1.1" 200 232
INFO 2025-12-19 16:43:45,937 views 13704 42016 Dashboard request for user 12: student@zetech.ac.ke, type: student
INFO 2025-12-19 16:43:45,944 views 13704 42016 Dashboard data returned for user 12
INFO 2025-12-19 16:43:45,945 basehttp 13704 42016 "GET /api/accounts/dashboard/student/ HTTP/1.1" 200 232
INFO 2025-12-19 16:43:52,268 basehttp 13704 23988 "GET /api/accounts/chat/rooms/ HTTP/1.1" 200 68
INFO 2025-12-19 16:43:54,216 basehttp 13704 45692 "GET /api/accounts/chat/messages/1/ HTTP/1.1" 200 628
INFO 2025-12-19 16:44:16,057 basehttp 13704 8908 "POST /api/accounts/chat/send/1/ HTTP/1.1" 201 154
INFO 2025-12-19 16:44:27,774 basehttp 13704 44456 "POST /api/accounts/jwt/login/ HTTP/1.1" 200 639
INFO 2025-12-19 16:44:27,880 views 13704 41348 Dashboard request for user 13: lecturer@zetech.ac.ke, type: lecturer
INFO 2025-12-19 16:44:27,886 views 13704 41348 Dashboard data returned for user 13
INFO 2025-12-19 16:44:27,888 basehttp 13704 41348 "GET /api/accounts/dashboard/lecturer/ HTTP/1.1" 200 222
INFO 2025-12-19 16:44:27,895 views 13704 39612 Dashboard request for user 13: lecturer@zetech.ac.ke, type: lecturer
INFO 2025-12-19 16:44:27,904 views 13704 39612 Dashboard data returned for user 13
INFO 2025-12-19 16:44:27,906 basehttp 13704 39612 "GET /api/accounts/dashboard/lecturer/ HTTP/1.1" 200 222
INFO 2025-12-19 16:44:31,530 views 13704 2544 Dashboard request for user 13: lecturer@zetech.ac.ke, type: lecturer
INFO 2025-12-19 16:44:31,542 basehttp 13704 24936 "GET /api/accounts/students/ HTTP/1.1" 200 464
INFO 2025-12-19 16:44:31,542 basehttp 13704 9364 "GET /api/accounts/chat/rooms/ HTTP/1.1" 200 67
INFO 2025-12-19 16:44:31,546 views 13704 2544 Dashboard data returned for user 13
INFO 2025-12-19 16:44:31,547 basehttp 13704 2544 "GET /api/accounts/dashboard/lecturer/ HTTP/1.1" 200 222
INFO 2025-12-19 16:44:33,883 basehttp 13704 8596 "POST /api/accounts/chat/direct/ HTTP/1.1" 200 65
INFO 2025-12-19 16:44:33,900 basehttp 13704 32744 "GET /api/accounts/chat/messages/1/ HTTP/1.1" 200 783
INFO 2025-12-19 16:45:20,443 basehttp 13704 37308 "POST /api/accounts/jwt/login/ HTTP/1.1" 200 639
INFO 2025-12-19 16:45:20,551 views 13704 43316 Dashboard request for user 13: lecturer@zetech.ac.ke, type: lecturer
INFO 2025-12-19 16:45:20,557 views 13704 43316 Dashboard data returned for user 13
INFO 2025-12-19 16:45:20,558 basehttp 13704 43316 "GET /api/accounts/dashboard/lecturer/ HTTP/1.1" 200 222
INFO 2025-12-19 16:45:20,564 views 13704 9004 Dashboard request for user 13: lecturer@zetech.ac.ke, type: lecturer
INFO 2025-12-19 16:45:20,569 views 13704 9004 Dashboard data returned for user 13
INFO 2025-12-19 16:45:20,570 basehttp 13704 9004 "GET /api/accounts/dashboard/lecturer/ HTTP/1.1" 200 222
INFO 2025-12-19 16:45:25,338 views 13704 45464 Dashboard request for user 13: lecturer@zetech.ac.ke, type: lecturer
INFO 2025-12-19 16:45:25,345 basehttp 13704 19092 "GET /api/accounts/students/ HTTP/1.1" 200 464
INFO 2025-12-19 16:45:25,349 basehttp 13704 30996 "GET /api/accounts/chat/rooms/ HTTP/1.1" 200 67
INFO 2025-12-19 16:45:25,354 views 13704 45464 Dashboard data returned for user 13
INFO 2025-12-19 16:45:25,355 basehttp 13704 45464 "GET /api/accounts/dashboard/lecturer/ HTTP/1.1" 200 222
INFO 2025-12-19 16:45:29,825 basehttp 13704 18728 "POST /api/accounts/chat/direct/ HTTP/1.1" 200 54
INFO 2025-12-19 16:45:29,840 basehttp 13704 40548 "GET /api/accounts/chat/messages/2/ HTTP/1.1" 200 2
INFO 2025-12-19 16:45:33,634 basehttp 13704 43636 "POST /api/accounts/chat/direct/ HTTP/1.1" 200 65
INFO 2025-12-19 16:45:33,652 basehttp 13704 16908 "GET /api/accounts/chat/messages/1/ HTTP/1.1" 200 783
INFO 2025-12-19 16:45:44,317 basehttp 13704 34152 "POST /api/accounts/chat/send/1/ HTTP/1.1" 201 160
INFO 2025-12-19 16:45:53,767 basehttp 13704 44956 "POST /api/accounts/jwt/login/ HTTP/1.1" 200 639
INFO 2025-12-19 16:45:53,875 views 13704 45504 Dashboard request for user 13: lecturer@zetech.ac.ke, type: lecturer
INFO 2025-12-19 16:45:53,882 views 13704 45504 Dashboard data returned for user 13
INFO 2025-12-19 16:45:53,883 basehttp 13704 45504 "GET /api/accounts/dashboard/lecturer/ HTTP/1.1" 200 222
INFO 2025-12-19 16:45:53,888 views 13704 45608 Dashboard request for user 13: lecturer@zetech.ac.ke, type: lecturer
INFO 2025-12-19 16:45:53,895 views 13704 45608 Dashboard data returned for user 13
INFO 2025-12-19 16:45:53,896 basehttp 13704 45608 "GET /api/accounts/dashboard/lecturer/ HTTP/1.1" 200 222
INFO 2025-12-19 16:46:04,663 basehttp 13704 1392 "POST /api/accounts/jwt/login/ HTTP/1.1" 200 636
INFO 2025-12-19 16:46:04,760 views 13704 43124 Dashboard request for user 12: student@zetech.ac.ke, type: student
INFO 2025-12-19 16:46:04,764 basehttp 13704 26128 "GET /api/accounts/notifications/ HTTP/1.1" 200 2
INFO 2025-12-19 16:46:04,771 views 13704 43124 Dashboard data returned for user 12
INFO 2025-12-19 16:46:04,773 basehttp 13704 43124 "GET /api/accounts/dashboard/student/ HTTP/1.1" 200 232
INFO 2025-12-19 16:46:04,776 basehttp 13704 10504 "GET /api/accounts/notifications/ HTTP/1.1" 200 2
INFO 2025-12-19 16:46:04,779 views 13704 35056 Dashboard request for user 12: student@zetech.ac.ke, type: student
INFO 2025-12-19 16:46:04,786 views 13704 35056 Dashboard data returned for user 12
INFO 2025-12-19 16:46:04,789 basehttp 13704 35056 "GET /api/accounts/dashboard/student/ HTTP/1.1" 200 232
INFO 2025-12-19 16:46:09,977 basehttp 13704 44336 "GET /api/accounts/chat/rooms/ HTTP/1.1" 200 68
INFO 2025-12-19 16:46:11,948 basehttp 13704 37052 "GET /api/accounts/chat/messages/1/ HTTP/1.1" 200 944
INFO 2025-12-19 16:46:41,641 basehttp 13704 43408 "POST /api/accounts/chat/send/1/ HTTP/1.1" 201 158
INFO 2025-12-19 16:46:55,200 basehttp 13704 46684 "POST /api/accounts/jwt/login/ HTTP/1.1" 200 639
INFO 2025-12-19 16:46:55,302 views 13704 26052 Dashboard request for user 13: lecturer@zetech.ac.ke, type: lecturer
INFO 2025-12-19 16:46:55,310 views 13704 26052 Dashboard data returned for user 13
INFO 2025-12-19 16:46:55,311 basehttp 13704 26052 "GET /api/accounts/dashboard/lecturer/ HTTP/1.1" 200 222
INFO 2025-12-19 16:46:55,317 views 13704 8564 Dashboard request for user 13: lecturer@zetech.ac.ke, type: lecturer
INFO 2025-12-19 16:46:55,323 views 13704 8564 Dashboard data returned for user 13
INFO 2025-12-19 16:46:55,324 basehttp 13704 8564 "GET /api/accounts/dashboard/lecturer/ HTTP/1.1" 200 222
INFO 2025-12-19 16:46:59,477 views 13704 37952 Dashboard request for user 13: lecturer@zetech.ac.ke, type: lecturer
INFO 2025-12-19 16:46:59,489 basehttp 13704 41628 "GET /api/accounts/students/ HTTP/1.1" 200 464
INFO 2025-12-19 16:46:59,497 views 13704 37952 Dashboard data returned for user 13
INFO 2025-12-19 16:46:59,497 basehttp 13704 43608 "GET /api/accounts/chat/rooms/ HTTP/1.1" 200 122
INFO 2025-12-19 16:46:59,499 basehttp 13704 37952 "GET /api/accounts/dashboard/lecturer/ HTTP/1.1" 200 222
INFO 2025-12-19 16:47:02,666 basehttp 13704 34808 "POST /api/accounts/chat/direct/ HTTP/1.1" 200 65
INFO 2025-12-19 16:47:02,686 basehttp 13704 10352 "GET /api/accounts/chat/messages/1/ HTTP/1.1" 200 1103
INFO 2025-12-19 16:51:17,425 views 13704 45632 Dashboard request for user 13: lecturer@zetech.ac.ke, type: lecturer
INFO 2025-12-19 16:51:17,432 views 13704 45632 Dashboard data returned for user 13
INFO 2025-12-19 16:51:17,433 basehttp 13704 45632 "GET /api/accounts/dashboard/lecturer/ HTTP/1.1" 200 222
INFO 2025-12-19 16:51:17,440 views 13704 22432 Dashboard request for user 13: lecturer@zetech.ac.ke, type: lecturer
INFO 2025-12-19 16:51:17,448 views 13704 22432 Dashboard data returned for user 13
INFO 2025-12-19 16:51:17,449 basehttp 13704 22432 "GET /api/accounts/dashboard/lecturer/ HTTP/1.1" 200 222
INFO 2025-12-19 16:51:30,459 views 13704 44548 Dashboard request for user 13: lecturer@zetech.ac.ke, type: lecturer
INFO 2025-12-19 16:51:30,467 views 13704 44548 Dashboard data returned for user 13
INFO 2025-12-19 16:51:30,468 basehttp 13704 44548 "GET /api/accounts/dashboard/lecturer/ HTTP/1.1" 200 222
INFO 2025-12-19 16:51:30,475 views 13704 44252 Dashboard request for user 13: lecturer@zetech.ac.ke, type: lecturer
INFO 2025-12-19 16:51:30,483 views 13704 44252 Dashboard data returned for user 13
INFO 2025-12-19 16:51:30,484 basehttp 13704 44252 "GET /api/accounts/dashboard/lecturer/ HTTP/1.1" 200 222
INFO 2025-12-19 16:51:46,678 views 13704 38380 Dashboard request for user 13: lecturer@zetech.ac.ke, type: lecturer
INFO 2025-12-19 16:51:46,690 views 13704 38380 Dashboard data returned for user 13
INFO 2025-12-19 16:51:46,691 basehttp 13704 38380 "GET /api/accounts/dashboard/lecturer/ HTTP/1.1" 200 222
INFO 2025-12-19 16:51:46,699 views 13704 37964 Dashboard request for user 13: lecturer@zetech.ac.ke, type: lecturer
INFO 2025-12-19 16:51:46,711 views 13704 37964 Dashboard data returned for user 13
INFO 2025-12-19 16:51:46,744 basehttp 13704 37964 "GET /api/accounts/dashboard/lecturer/ HTTP/1.1" 200 222
WARNING 2025-12-19 16:52:09,556 log 13704 23156 Unauthorized: /api/accounts/dashboard/lecturer/
WARNING 2025-12-19 16:52:09,557 basehttp 13704 23156 "GET /api/accounts/dashboard/lecturer/ HTTP/1.1" 401 172
WARNING 2025-12-19 16:52:09,561 log 13704 44628 Unauthorized: /api/accounts/dashboard/lecturer/
WARNING 2025-12-19 16:52:09,562 basehttp 13704 44628 "GET /api/accounts/dashboard/lecturer/ HTTP/1.1" 401 172
INFO 2026-01-05 09:31:23,927 autoreload 13232 3136 Watching for file changes with StatReloader
INFO 2026-01-05 09:32:32,708 autoreload 148 2760 Watching for file changes with StatReloader
INFO 2026-01-05 09:42:03,578 autoreload 10924 22512 Watching for file changes with StatReloader
INFO 2026-01-05 09:43:11,882 basehttp 148 10556 "POST /api/accounts/jwt/login/ HTTP/1.1" 200 639
INFO 2026-01-05 09:43:11,978 views 148 21556 Dashboard request for user 13: lecturer@zetech.ac.ke, type: lecturer
INFO 2026-01-05 09:43:11,986 views 148 21556 Dashboard data returned for user 13
INFO 2026-01-05 09:43:11,988 basehttp 148 21556 "GET /api/accounts/dashboard/lecturer/ HTTP/1.1" 200 222
INFO 2026-01-05 09:43:11,993 views 148 25180 Dashboard request for user 13: lecturer@zetech.ac.ke, type: lecturer
INFO 2026-01-05 09:43:12,001 views 148 25180 Dashboard data returned for user 13
INFO 2026-01-05 09:43:12,002 basehttp 148 25180 "GET /api/accounts/dashboard/lecturer/ HTTP/1.1" 200 222
INFO 2026-01-05 09:46:06,393 views 148 24180 Dashboard request for user 13: lecturer@zetech.ac.ke, type: lecturer
INFO 2026-01-05 09:46:06,399 views 148 24180 Dashboard data returned for user 13
INFO 2026-01-05 09:46:06,400 basehttp 148 24180 "GET /api/accounts/dashboard/lecturer/ HTTP/1.1" 200 222
INFO 2026-01-05 09:46:08,510 views 148 12668 Dashboard request for user 13: lecturer@zetech.ac.ke, type: lecturer
INFO 2026-01-05 09:46:08,513 views 148 12668 Dashboard data returned for user 13
INFO 2026-01-05 09:46:08,514 basehttp 148 12668 "GET /api/accounts/dashboard/lecturer/ HTTP/1.1" 200 222
INFO 2026-01-05 09:46:10,871 views 148 15524 Dashboard request for user 13: lecturer@zetech.ac.ke, type: lecturer
INFO 2026-01-05 09:46:10,877 basehttp 148 12568 "GET /api/accounts/students/ HTTP/1.1" 200 464
INFO 2026-01-05 09:46:10,880 views 148 15524 Dashboard data returned for user 13
INFO 2026-01-05 09:46:10,881 basehttp 148 15524 "GET /api/accounts/dashboard/lecturer/ HTTP/1.1" 200 222
INFO 2026-01-05 09:46:10,882 basehttp 148 23472 "GET /api/accounts/chat/rooms/ HTTP/1.1" 200 122
INFO 2026-01-05 09:46:15,111 basehttp 148 7320 "POST /api/accounts/chat/direct/ HTTP/1.1" 200 54
INFO 2026-01-05 09:46:15,124 basehttp 148 10836 "GET /api/accounts/chat/messages/2/ HTTP/1.1" 200 2
INFO 2026-01-05 09:46:17,987 basehttp 148 8448 "POST /api/accounts/chat/direct/ HTTP/1.1" 200 65
INFO 2026-01-05 09:46:17,998 basehttp 148 13268 "GET /api/accounts/chat/messages/1/ HTTP/1.1" 200 1103
INFO 2026-01-05 09:47:14,300 basehttp 148 7920 "POST /api/accounts/chat/send/1/ HTTP/1.1" 201 156
WARNING 2026-01-05 09:48:26,210 log 148 22252 Unauthorized: /api/accounts/dashboard/lecturer/
WARNING 2026-01-05 09:48:26,210 basehttp 148 22252 "GET /api/accounts/dashboard/lecturer/ HTTP/1.1" 401 172
INFO 2026-01-05 09:48:51,539 basehttp 148 620 "POST /api/accounts/jwt/login/ HTTP/1.1" 200 636
INFO 2026-01-05 09:48:51,625 views 148 9932 Dashboard request for user 12: student@zetech.ac.ke, type: student
INFO 2026-01-05 09:48:51,629 basehttp 148 12104 "GET /api/accounts/notifications/ HTTP/1.1" 200 2
INFO 2026-01-05 09:48:51,636 views 148 9932 Dashboard data returned for user 12
INFO 2026-01-05 09:48:51,637 basehttp 148 9932 "GET /api/accounts/dashboard/student/ HTTP/1.1" 200 232
INFO 2026-01-05 09:48:51,639 basehttp 148 23688 "GET /api/accounts/notifications/ HTTP/1.1" 200 2
INFO 2026-01-05 09:48:51,642 views 148 3540 Dashboard request for user 12: student@zetech.ac.ke, type: student
INFO 2026-01-05 09:48:51,647 views 148 3540 Dashboard data returned for user 12
INFO 2026-01-05 09:48:51,648 basehttp 148 3540 "GET /api/accounts/dashboard/student/ HTTP/1.1" 200 232
INFO 2026-01-05 09:48:58,976 basehttp 148 11492 "GET /api/accounts/chat/rooms/ HTTP/1.1" 200 68
INFO 2026-01-05 09:49:01,436 basehttp 148 24896 "GET /api/accounts/chat/messages/1/ HTTP/1.1" 200 1260
WARNING 2026-01-05 10:13:14,926 log 148 14452 Unauthorized: /api/accounts/dashboard/student/
WARNING 2026-01-05 10:13:14,928 log 148 680 Unauthorized: /api/accounts/notifications/
WARNING 2026-01-05 10:13:14,929 basehttp 148 680 "GET /api/accounts/notifications/ HTTP/1.1" 401 172
WARNING 2026-01-05 10:13:14,930 basehttp 148 14452 "GET /api/accounts/dashboard/student/ HTTP/1.1" 401 172
WARNING 2026-01-05 10:13:14,940 log 148 16236 Unauthorized: /api/accounts/notifications/
WARNING 2026-01-05 10:13:14,943 log 148 12640 Unauthorized: /api/accounts/dashboard/student/
WARNING 2026-01-05 10:13:14,943 basehttp 148 16236 "GET /api/accounts/notifications/ HTTP/1.1" 401 172
WARNING 2026-01-05 10:13:14,944 basehttp 148 12640 "GET /api/accounts/dashboard/student/ HTTP/1.1" 401 172
INFO 2026-01-05 10:13:27,369 basehttp 148 25296 "POST /api/accounts/jwt/login/ HTTP/1.1" 200 636
INFO 2026-01-05 10:13:27,453 views 148 11252 Dashboard request for user 12: student@zetech.ac.ke, type: student
INFO 2026-01-05 10:13:27,458 basehttp 148 1680 "GET /api/accounts/notifications/ HTTP/1.1" 200 2
INFO 2026-01-05 10:13:27,463 views 148 11252 Dashboard data returned for user 12
INFO 2026-01-05 10:13:27,464 basehttp 148 11252 "GET /api/accounts/dashboard/student/ HTTP/1.1" 200 232
INFO 2026-01-05 10:13:27,467 basehttp 148 17964 "GET /api/accounts/notifications/ HTTP/1.1" 200 2
INFO 2026-01-05 10:13:27,471 views 148 13176 Dashboard request for user 12: student@zetech.ac.ke, type: student
INFO 2026-01-05 10:13:27,476 views 148 13176 Dashboard data returned for user 12
INFO 2026-01-05 10:13:27,477 basehttp 148 13176 "GET /api/accounts/dashboard/student/ HTTP/1.1" 200 232
INFO 2026-01-05 10:32:15,062 autoreload 148 2760 C:\Users\Administrator\Desktop\GroupHub\backend\accounts\views.py changed, reloading.
INFO 2026-01-05 10:32:15,136 autoreload 10924 22512 C:\Users\Administrator\Desktop\GroupHub\backend\accounts\views.py changed, reloading.
INFO 2026-01-05 10:32:17,847 autoreload 1664 21156 Watching for file changes with StatReloader
INFO 2026-01-05 10:32:17,966 autoreload 7616 8440 Watching for file changes with StatReloader
WARNING 2026-01-05 10:32:30,313 log 7616 1656 Unauthorized: /api/accounts/dashboard/student/
WARNING 2026-01-05 10:32:30,313 log 7616 7728 Unauthorized: /api/accounts/notifications/
WARNING 2026-01-05 10:32:30,313 basehttp 7616 1656 "GET /api/accounts/dashboard/student/ HTTP/1.1" 401 172
WARNING 2026-01-05 10:32:30,314 basehttp 7616 7728 "GET /api/accounts/notifications/ HTTP/1.1" 401 172
WARNING 2026-01-05 10:32:30,321 log 7616 17200 Unauthorized: /api/accounts/dashboard/student/
WARNING 2026-01-05 10:32:30,323 log 7616 14032 Unauthorized: /api/accounts/notifications/
WARNING 2026-01-05 10:32:30,324 basehttp 7616 17200 "GET /api/accounts/dashboard/student/ HTTP/1.1" 401 172
WARNING 2026-01-05 10:32:30,326 basehttp 7616 14032 "GET /api/accounts/notifications/ HTTP/1.1" 401 172
INFO 2026-01-05 10:33:14,518 basehttp 7616 3652 "POST /api/accounts/jwt/login/ HTTP/1.1" 200 639
INFO 2026-01-05 10:33:14,612 views 7616 21476 Dashboard request for user 13: lecturer@zetech.ac.ke, type: lecturer
INFO 2026-01-05 10:33:14,620 views 7616 21476 Dashboard data returned for user 13
INFO 2026-01-05 10:33:14,621 basehttp 7616 21476 "GET /api/accounts/dashboard/lecturer/ HTTP/1.1" 200 222
INFO 2026-01-05 10:33:14,628 views 7616 23612 Dashboard request for user 13: lecturer@zetech.ac.ke, type: lecturer
INFO 2026-01-05 10:33:14,633 views 7616 23612 Dashboard data returned for user 13
INFO 2026-01-05 10:33:14,634 basehttp 7616 23612 "GET /api/accounts/dashboard/lecturer/ HTTP/1.1" 200 222
INFO 2026-01-05 10:33:18,215 views 7616 9832 Dashboard request for user 13: lecturer@zetech.ac.ke, type: lecturer
INFO 2026-01-05 10:33:18,221 basehttp 7616 5504 "GET /api/accounts/students/ HTTP/1.1" 200 464
INFO 2026-01-05 10:33:18,225 views 7616 9832 Dashboard data returned for user 13
INFO 2026-01-05 10:33:18,227 basehttp 7616 9832 "GET /api/accounts/dashboard/lecturer/ HTTP/1.1" 200 222
INFO 2026-01-05 10:33:18,232 basehttp 7616 17868 "GET /api/accounts/chat/rooms/ HTTP/1.1" 200 308
INFO 2026-01-05 10:33:45,900 basehttp 7616 20460 "GET /api/accounts/chat/messages/1/ HTTP/1.1" 200 1260
INFO 2026-01-05 10:37:16,176 views 7616 8432 Dashboard request for user 13: lecturer@zetech.ac.ke, type: lecturer
INFO 2026-01-05 10:37:16,182 views 7616 8432 Dashboard data returned for user 13
INFO 2026-01-05 10:37:16,187 basehttp 7616 8432 "GET /api/accounts/dashboard/lecturer/ HTTP/1.1" 200 222
INFO 2026-01-05 10:37:16,194 views 7616 2784 Dashboard request for user 13: lecturer@zetech.ac.ke, type: lecturer
INFO 2026-01-05 10:37:16,206 views 7616 2784 Dashboard data returned for user 13
INFO 2026-01-05 10:37:16,208 basehttp 7616 2784 "GET /api/accounts/dashboard/lecturer/ HTTP/1.1" 200 222
WARNING 2026-01-05 10:38:22,164 log 7616 6008 Unauthorized: /api/accounts/dashboard/lecturer/
WARNING 2026-01-05 10:38:22,165 basehttp 7616 6008 "GET /api/accounts/dashboard/lecturer/ HTTP/1.1" 401 172
WARNING 2026-01-05 10:38:22,170 log 7616 25524 Unauthorized: /api/accounts/dashboard/lecturer/
WARNING 2026-01-05 10:38:22,171 basehttp 7616 25524 "GET /api/accounts/dashboard/lecturer/ HTTP/1.1" 401 172
INFO 2026-01-05 10:38:26,290 basehttp 7616 12216 "POST /api/accounts/jwt/login/ HTTP/1.1" 200 639
INFO 2026-01-05 10:38:26,384 views 7616 14492 Dashboard request for user 13: lecturer@zetech.ac.ke, type: lecturer
INFO 2026-01-05 10:38:26,392 views 7616 14492 Dashboard data returned for user 13
INFO 2026-01-05 10:38:26,393 basehttp 7616 14492 "GET /api/accounts/dashboard/lecturer/ HTTP/1.1" 200 222
INFO 2026-01-05 10:38:26,398 views 7616 2736 Dashboard request for user 13: lecturer@zetech.ac.ke, type: lecturer
INFO 2026-01-05 10:38:26,403 views 7616 2736 Dashboard data returned for user 13
INFO 2026-01-05 10:38:26,404 basehttp 7616 2736 "GET /api/accounts/dashboard/lecturer/ HTTP/1.1" 200 222
INFO 2026-01-05 10:38:28,051 views 7616 21680 Dashboard request for user 13: lecturer@zetech.ac.ke, type: lecturer
INFO 2026-01-05 10:38:28,060 basehttp 7616 23292 "GET /api/accounts/students/ HTTP/1.1" 200 464
INFO 2026-01-05 10:38:28,067 views 7616 21680 Dashboard data returned for user 13
INFO 2026-01-05 10:38:28,070 basehttp 7616 21680 "GET /api/accounts/dashboard/lecturer/ HTTP/1.1" 200 222
INFO 2026-01-05 10:38:28,073 basehttp 7616 10376 "GET /api/accounts/chat/rooms/ HTTP/1.1" 200 308
INFO 2026-01-05 10:38:44,547 basehttp 7616 13936 "GET /api/accounts/chat/messages/1/ HTTP/1.1" 200 1260
INFO 2026-01-05 10:39:35,645 basehttp 7616 21792 "POST /api/accounts/jwt/login/ HTTP/1.1" 200 636
INFO 2026-01-05 10:39:35,739 views 7616 17884 Dashboard request for user 12: student@zetech.ac.ke, type: student
INFO 2026-01-05 10:39:35,745 basehttp 7616 4596 "GET /api/accounts/notifications/ HTTP/1.1" 200 2
INFO 2026-01-05 10:39:35,750 views 7616 17884 Dashboard data returned for user 12
INFO 2026-01-05 10:39:35,750 basehttp 7616 17884 "GET /api/accounts/dashboard/student/ HTTP/1.1" 200 232
INFO 2026-01-05 10:39:35,752 basehttp 7616 24380 "GET /api/accounts/notifications/ HTTP/1.1" 200 2
INFO 2026-01-05 10:39:35,756 views 7616 12796 Dashboard request for user 12: student@zetech.ac.ke, type: student
INFO 2026-01-05 10:39:35,761 views 7616 12796 Dashboard data returned for user 12
INFO 2026-01-05 10:39:35,762 basehttp 7616 12796 "GET /api/accounts/dashboard/student/ HTTP/1.1" 200 232
INFO 2026-01-05 10:39:40,699 basehttp 7616 22724 "GET /api/accounts/chat/rooms/ HTTP/1.1" 200 182
INFO 2026-01-05 10:39:42,248 basehttp 7616 11308 "GET /api/accounts/chat/messages/1/ HTTP/1.1" 200 1260
INFO 2026-01-05 10:41:23,811 basehttp 7616 1396 "POST /api/accounts/jwt/login/ HTTP/1.1" 200 639
INFO 2026-01-05 10:41:23,899 views 7616 20664 Dashboard request for user 13: lecturer@zetech.ac.ke, type: lecturer
INFO 2026-01-05 10:41:23,904 views 7616 20664 Dashboard data returned for user 13
INFO 2026-01-05 10:41:23,904 basehttp 7616 20664 "GET /api/accounts/dashboard/lecturer/ HTTP/1.1" 200 222
INFO 2026-01-05 10:41:23,911 views 7616 6392 Dashboard request for user 13: lecturer@zetech.ac.ke, type: lecturer
INFO 2026-01-05 10:41:23,915 views 7616 6392 Dashboard data returned for user 13
INFO 2026-01-05 10:41:23,916 basehttp 7616 6392 "GET /api/accounts/dashboard/lecturer/ HTTP/1.1" 200 222
INFO 2026-01-05 10:41:27,723 views 7616 22328 Dashboard request for user 13: lecturer@zetech.ac.ke, type: lecturer
INFO 2026-01-05 10:41:27,727 basehttp 7616 25064 "GET /api/accounts/students/ HTTP/1.1" 200 464
INFO 2026-01-05 10:41:27,732 basehttp 7616 12316 "GET /api/accounts/chat/rooms/ HTTP/1.1" 200 308
INFO 2026-01-05 10:41:27,735 views 7616 22328 Dashboard data returned for user 13
INFO 2026-01-05 10:41:27,736 basehttp 7616 22328 "GET /api/accounts/dashboard/lecturer/ HTTP/1.1" 200 222
INFO 2026-01-05 10:45:19,210 views 7616 2660 Dashboard request for user 13: lecturer@zetech.ac.ke, type: lecturer
INFO 2026-01-05 10:45:19,217 views 7616 2660 Dashboard data returned for user 13
INFO 2026-01-05 10:45:19,218 basehttp 7616 2660 "GET /api/accounts/dashboard/lecturer/ HTTP/1.1" 200 222
INFO 2026-01-05 10:45:19,233 views 7616 14356 Dashboard request for user 13: lecturer@zetech.ac.ke, type: lecturer
INFO 2026-01-05 10:45:19,244 views 7616 14356 Dashboard data returned for user 13
INFO 2026-01-05 10:45:19,245 basehttp 7616 14356 "GET /api/accounts/dashboard/lecturer/ HTTP/1.1" 200 222
INFO 2026-01-05 10:45:32,165 views 7616 22000 Dashboard request for user 13: lecturer@zetech.ac.ke, type: lecturer
INFO 2026-01-05 10:45:32,175 views 7616 22000 Dashboard data returned for user 13
INFO 2026-01-05 10:45:32,211 basehttp 7616 22000 "GET /api/accounts/dashboard/lecturer/ HTTP/1.1" 200 222
INFO 2026-01-05 10:45:32,224 views 7616 22396 Dashboard request for user 13: lecturer@zetech.ac.ke, type: lecturer
INFO 2026-01-05 10:45:32,233 views 7616 22396 Dashboard data returned for user 13
INFO 2026-01-05 10:45:32,236 basehttp 7616 22396 "GET /api/accounts/dashboard/lecturer/ HTTP/1.1" 200 222
WARNING 2026-01-05 10:48:01,061 log 7616 7884 Unauthorized: /api/accounts/dashboard/lecturer/
WARNING 2026-01-05 10:48:01,063 log 7616 9964 Unauthorized: /api/accounts/students/
WARNING 2026-01-05 10:48:01,065 log 7616 12076 Unauthorized: /api/accounts/chat/rooms/
WARNING 2026-01-05 10:48:01,066 basehttp 7616 7884 "GET /api/accounts/dashboard/lecturer/ HTTP/1.1" 401 172
WARNING 2026-01-05 10:48:01,066 basehttp 7616 9964 "GET /api/accounts/students/ HTTP/1.1" 401 172
WARNING 2026-01-05 10:48:01,068 basehttp 7616 12076 "GET /api/accounts/chat/rooms/ HTTP/1.1" 401 172
INFO 2026-01-05 10:48:03,887 basehttp 7616 8244 "POST /api/accounts/jwt/login/ HTTP/1.1" 200 639
INFO 2026-01-05 10:48:03,972 views 7616 24808 Dashboard request for user 13: lecturer@zetech.ac.ke, type: lecturer
INFO 2026-01-05 10:48:03,976 views 7616 24808 Dashboard data returned for user 13
INFO 2026-01-05 10:48:03,977 basehttp 7616 24808 "GET /api/accounts/dashboard/lecturer/ HTTP/1.1" 200 222
INFO 2026-01-05 10:48:03,983 views 7616 21592 Dashboard request for user 13: lecturer@zetech.ac.ke, type: lecturer
INFO 2026-01-05 10:48:03,987 views 7616 21592 Dashboard data returned for user 13
INFO 2026-01-05 10:48:03,987 basehttp 7616 21592 "GET /api/accounts/dashboard/lecturer/ HTTP/1.1" 200 222
INFO 2026-01-05 10:48:07,467 views 7616 21332 Dashboard request for user 13: lecturer@zetech.ac.ke, type: lecturer
INFO 2026-01-05 10:48:07,473 basehttp 7616 11024 "GET /api/accounts/students/ HTTP/1.1" 200 464
INFO 2026-01-05 10:48:07,478 views 7616 21332 Dashboard data returned for user 13
INFO 2026-01-05 10:48:07,480 basehttp 7616 21332 "GET /api/accounts/dashboard/lecturer/ HTTP/1.1" 200 222
INFO 2026-01-05 10:48:07,481 basehttp 7616 21392 "GET /api/accounts/chat/rooms/ HTTP/1.1" 200 308
INFO 2026-01-05 10:48:11,735 basehttp 7616 6412 "GET /api/accounts/chat/messages/1/ HTTP/1.1" 200 1260
INFO 2026-01-05 10:48:13,052 basehttp 7616 6068 "GET /api/accounts/chat/messages/2/ HTTP/1.1" 200 2
INFO 2026-01-05 10:48:16,134 basehttp 7616 11640 "GET /api/accounts/chat/messages/2/ HTTP/1.1" 200 2
INFO 2026-01-05 10:48:33,119 basehttp 7616 18844 "POST /api/accounts/jwt/login/ HTTP/1.1" 200 636
INFO 2026-01-05 10:48:33,205 views 7616 5248 Dashboard request for user 12: student@zetech.ac.ke, type: student
INFO 2026-01-05 10:48:33,209 basehttp 7616 4224 "GET /api/accounts/notifications/ HTTP/1.1" 200 2
INFO 2026-01-05 10:48:33,215 views 7616 5248 Dashboard data returned for user 12
INFO 2026-01-05 10:48:33,216 basehttp 7616 5248 "GET /api/accounts/dashboard/student/ HTTP/1.1" 200 232
INFO 2026-01-05 10:48:33,218 basehttp 7616 4380 "GET /api/accounts/notifications/ HTTP/1.1" 200 2
INFO 2026-01-05 10:48:33,221 views 7616 10284 Dashboard request for user 12: student@zetech.ac.ke, type: student
INFO 2026-01-05 10:48:33,227 views 7616 10284 Dashboard data returned for user 12
INFO 2026-01-05 10:48:33,228 basehttp 7616 10284 "GET /api/accounts/dashboard/student/ HTTP/1.1" 200 232
INFO 2026-01-05 10:48:39,053 basehttp 7616 5940 "GET /api/accounts/chat/rooms/ HTTP/1.1" 200 182
INFO 2026-01-05 10:48:40,720 basehttp 7616 20768 "GET /api/accounts/chat/messages/1/ HTTP/1.1" 200 1260
INFO 2026-01-05 10:52:36,133 views 7616 16152 Dashboard request for user 12: student@zetech.ac.ke, type: student
INFO 2026-01-05 10:52:36,139 basehttp 7616 24656 "GET /api/accounts/notifications/ HTTP/1.1" 200 2
INFO 2026-01-05 10:52:36,144 views 7616 16152 Dashboard data returned for user 12
INFO 2026-01-05 10:52:36,145 basehttp 7616 16152 "GET /api/accounts/dashboard/student/ HTTP/1.1" 200 232
INFO 2026-01-05 10:52:36,149 basehttp 7616 5496 "GET /api/accounts/notifications/ HTTP/1.1" 200 2
INFO 2026-01-05 10:52:36,151 views 7616 12392 Dashboard request for user 12: student@zetech.ac.ke, type: student
INFO 2026-01-05 10:52:36,162 views 7616 12392 Dashboard data returned for user 12
INFO 2026-01-05 10:52:36,201 basehttp 7616 12392 "GET /api/accounts/dashboard/student/ HTTP/1.1" 200 232
INFO 2026-01-05 10:52:58,169 views 7616 8808 Dashboard request for user 12: student@zetech.ac.ke, type: student
INFO 2026-01-05 10:52:58,177 basehttp 7616 312 "GET /api/accounts/notifications/ HTTP/1.1" 200 2
INFO 2026-01-05 10:52:58,183 views 7616 8808 Dashboard data returned for user 12
INFO 2026-01-05 10:52:58,186 basehttp 7616 8808 "GET /api/accounts/dashboard/student/ HTTP/1.1" 200 232
INFO 2026-01-05 10:52:58,191 basehttp 7616 2948 "GET /api/accounts/notifications/ HTTP/1.1" 200 2
INFO 2026-01-05 10:52:58,195 views 7616 11060 Dashboard request for user 12: student@zetech.ac.ke, type: student
INFO 2026-01-05 10:52:58,202 views 7616 11060 Dashboard data returned for user 12
INFO 2026-01-05 10:52:58,203 basehttp 7616 11060 "GET /api/accounts/dashboard/student/ HTTP/1.1" 200 232
INFO 2026-01-05 10:53:26,366 basehttp 7616 10372 "GET /api/accounts/chat/rooms/ HTTP/1.1" 200 182
INFO 2026-01-05 10:53:28,258 basehttp 7616 18628 "GET /api/accounts/chat/messages/1/ HTTP/1.1" 200 1260
WARNING 2026-01-05 10:53:45,779 log 7616 16428 Unauthorized: /api/accounts/chat/send/1/
WARNING 2026-01-05 10:53:45,780 basehttp 7616 16428 "POST /api/accounts/chat/send/1/ HTTP/1.1" 401 172
WARNING 2026-01-05 10:53:47,435 log 7616 5348 Unauthorized: /api/accounts/chat/send/1/
WARNING 2026-01-05 10:53:47,436 basehttp 7616 5348 "POST /api/accounts/chat/send/1/ HTTP/1.1" 401 172
WARNING 2026-01-05 10:54:14,617 log 7616 18300 Unauthorized: /api/accounts/chat/send/1/
WARNING 2026-01-05 10:54:14,618 basehttp 7616 18300 "POST /api/accounts/chat/send/1/ HTTP/1.1" 401 172
WARNING 2026-01-05 10:54:14,852 log 7616 22356 Unauthorized: /api/accounts/chat/send/1/
WARNING 2026-01-05 10:54:14,853 basehttp 7616 22356 "POST /api/accounts/chat/send/1/ HTTP/1.1" 401 172
WARNING 2026-01-05 10:54:15,050 log 7616 620 Unauthorized: /api/accounts/chat/send/1/
WARNING 2026-01-05 10:54:15,051 basehttp 7616 620 "POST /api/accounts/chat/send/1/ HTTP/1.1" 401 172
WARNING 2026-01-05 10:54:17,446 log 7616 11400 Unauthorized: /api/accounts/chat/send/1/
WARNING 2026-01-05 10:54:17,447 basehttp 7616 11400 "POST /api/accounts/chat/send/1/ HTTP/1.1" 401 172
WARNING 2026-01-05 10:54:18,385 log 7616 2000 Unauthorized: /api/accounts/chat/send/1/
WARNING 2026-01-05 10:54:18,386 basehttp 7616 2000 "POST /api/accounts/chat/send/1/ HTTP/1.1" 401 172
WARNING 2026-01-05 10:54:18,885 log 7616 25312 Unauthorized: /api/accounts/chat/send/1/
WARNING 2026-01-05 10:54:18,886 basehttp 7616 25312 "POST /api/accounts/chat/send/1/ HTTP/1.1" 401 172
WARNING 2026-01-05 10:54:19,123 log 7616 21232 Unauthorized: /api/accounts/chat/send/1/
WARNING 2026-01-05 10:54:19,125 basehttp 7616 21232 "POST /api/accounts/chat/send/1/ HTTP/1.1" 401 172
WARNING 2026-01-05 10:54:19,298 log 7616 16088 Unauthorized: /api/accounts/chat/send/1/
WARNING 2026-01-05 10:54:19,299 basehttp 7616 16088 "POST /api/accounts/chat/send/1/ HTTP/1.1" 401 172
WARNING 2026-01-05 10:54:19,487 log 7616 22512 Unauthorized: /api/accounts/chat/send/1/
WARNING 2026-01-05 10:54:19,488 basehttp 7616 22512 "POST /api/accounts/chat/send/1/ HTTP/1.1" 401 172
WARNING 2026-01-05 10:54:19,719 log 7616 12056 Unauthorized: /api/accounts/chat/send/1/
WARNING 2026-01-05 10:54:19,721 basehttp 7616 12056 "POST /api/accounts/chat/send/1/ HTTP/1.1" 401 172
WARNING 2026-01-05 10:54:21,844 log 7616 20900 Unauthorized: /api/accounts/chat/send/1/
WARNING 2026-01-05 10:54:21,846 basehttp 7616 20900 "POST /api/accounts/chat/send/1/ HTTP/1.1" 401 172
WARNING 2026-01-05 10:54:22,207 log 7616 22176 Unauthorized: /api/accounts/chat/send/1/
WARNING 2026-01-05 10:54:22,208 basehttp 7616 22176 "POST /api/accounts/chat/send/1/ HTTP/1.1" 401 172
WARNING 2026-01-05 10:54:22,394 log 7616 2772 Unauthorized: /api/accounts/chat/send/1/
WARNING 2026-01-05 10:54:22,396 basehttp 7616 2772 "POST /api/accounts/chat/send/1/ HTTP/1.1" 401 172
WARNING 2026-01-05 10:54:22,619 log 7616 10984 Unauthorized: /api/accounts/chat/send/1/
WARNING 2026-01-05 10:54:22,620 basehttp 7616 10984 "POST /api/accounts/chat/send/1/ HTTP/1.1" 401 172
WARNING 2026-01-05 10:54:22,813 log 7616 16132 Unauthorized: /api/accounts/chat/send/1/
WARNING 2026-01-05 10:54:22,814 basehttp 7616 16132 "POST /api/accounts/chat/send/1/ HTTP/1.1" 401 172
WARNING 2026-01-05 10:54:23,014 log 7616 24940 Unauthorized: /api/accounts/chat/send/1/
WARNING 2026-01-05 10:54:23,014 basehttp 7616 24940 "POST /api/accounts/chat/send/1/ HTTP/1.1" 401 172
WARNING 2026-01-05 10:54:23,196 log 7616 12280 Unauthorized: /api/accounts/chat/send/1/
WARNING 2026-01-05 10:54:23,197 basehttp 7616 12280 "POST /api/accounts/chat/send/1/ HTTP/1.1" 401 172
INFO 2026-01-05 10:54:34,998 basehttp 7616 10116 "POST /api/accounts/jwt/login/ HTTP/1.1" 200 639
INFO 2026-01-05 10:54:35,086 views 7616 5536 Dashboard request for user 13: lecturer@zetech.ac.ke, type: lecturer
INFO 2026-01-05 10:54:35,091 views 7616 5536 Dashboard data returned for user 13
INFO 2026-01-05 10:54:35,092 basehttp 7616 5536 "GET /api/accounts/dashboard/lecturer/ HTTP/1.1" 200 222
INFO 2026-01-05 10:54:35,099 views 7616 12568 Dashboard request for user 13: lecturer@zetech.ac.ke, type: lecturer
INFO 2026-01-05 10:54:35,103 views 7616 12568 Dashboard data returned for user 13
INFO 2026-01-05 10:54:35,104 basehttp 7616 12568 "GET /api/accounts/dashboard/lecturer/ HTTP/1.1" 200 222
INFO 2026-01-05 10:54:39,240 views 7616 24824 Dashboard request for user 13: lecturer@zetech.ac.ke, type: lecturer
INFO 2026-01-05 10:54:39,246 basehttp 7616 23612 "GET /api/accounts/students/ HTTP/1.1" 200 464
INFO 2026-01-05 10:54:39,254 basehttp 7616 21940 "GET /api/accounts/chat/rooms/ HTTP/1.1" 200 308
INFO 2026-01-05 10:54:39,255 views 7616 24824 Dashboard data returned for user 13
INFO 2026-01-05 10:54:39,256 basehttp 7616 24824 "GET /api/accounts/dashboard/lecturer/ HTTP/1.1" 200 222
INFO 2026-01-05 10:54:45,914 basehttp 7616 5804 "GET /api/accounts/chat/messages/1/ HTTP/1.1" 200 1260
INFO 2026-01-05 10:54:52,224 basehttp 7616 24300 "POST /api/accounts/chat/send/1/ HTTP/1.1" 201 156
INFO 2026-01-05 10:54:59,932 basehttp 7616 24804 "POST /api/accounts/chat/direct/ HTTP/1.1" 200 67
INFO 2026-01-05 10:54:59,942 basehttp 7616 6412 "GET /api/accounts/chat/messages/3/ HTTP/1.1" 200 2
INFO 2026-01-05 10:55:04,882 basehttp 7616 12380 "POST /api/accounts/chat/direct/ HTTP/1.1" 200 54
INFO 2026-01-05 10:55:04,892 basehttp 7616 2892 "GET /api/accounts/chat/messages/4/ HTTP/1.1" 200 2
INFO 2026-01-05 10:55:08,870 basehttp 7616 2740 "POST /api/accounts/chat/direct/ HTTP/1.1" 200 65
INFO 2026-01-05 10:55:08,882 basehttp 7616 16332 "GET /api/accounts/chat/messages/1/ HTTP/1.1" 200 1417
INFO 2026-01-05 10:55:12,747 basehttp 7616 11640 "POST /api/accounts/chat/direct/ HTTP/1.1" 200 67
INFO 2026-01-05 10:55:12,757 basehttp 7616 13624 "GET /api/accounts/chat/messages/3/ HTTP/1.1" 200 2
INFO 2026-01-05 10:55:16,193 basehttp 7616 20432 "POST /api/accounts/chat/direct/ HTTP/1.1" 200 67
INFO 2026-01-05 10:55:16,203 basehttp 7616 5148 "GET /api/accounts/chat/messages/5/ HTTP/1.1" 200 2
INFO 2026-01-05 10:55:20,114 basehttp 7616 18892 "GET /api/accounts/chat/messages/2/ HTTP/1.1" 200 2
WARNING 2026-01-05 11:01:31,399 log 7616 16748 Unauthorized: /api/accounts/dashboard/lecturer/
WARNING 2026-01-05 11:01:31,400 basehttp 7616 16748 "GET /api/accounts/dashboard/lecturer/ HTTP/1.1" 401 172
WARNING 2026-01-05 11:01:31,404 log 7616 17176 Unauthorized: /api/accounts/dashboard/lecturer/
WARNING 2026-01-05 11:01:31,405 basehttp 7616 17176 "GET /api/accounts/dashboard/lecturer/ HTTP/1.1" 401 172
INFO 2026-01-05 11:02:00,007 basehttp 7616 20668 "POST /api/accounts/jwt/login/ HTTP/1.1" 200 639
INFO 2026-01-05 11:02:00,097 views 7616 21816 Dashboard request for user 13: lecturer@zetech.ac.ke, type: lecturer
INFO 2026-01-05 11:02:00,103 views 7616 21816 Dashboard data returned for user 13
INFO 2026-01-05 11:02:00,104 basehttp 7616 21816 "GET /api/accounts/dashboard/lecturer/ HTTP/1.1" 200 222
INFO 2026-01-05 11:02:00,110 views 7616 8768 Dashboard request for user 13: lecturer@zetech.ac.ke, type: lecturer
INFO 2026-01-05 11:02:00,114 views 7616 8768 Dashboard data returned for user 13
INFO 2026-01-05 11:02:00,114 basehttp 7616 8768 "GET /api/accounts/dashboard/lecturer/ HTTP/1.1" 200 222
INFO 2026-01-05 11:02:04,438 views 7616 16472 Dashboard request for user 13: lecturer@zetech.ac.ke, type: lecturer
INFO 2026-01-05 11:02:04,444 views 7616 16472 Dashboard data returned for user 13
INFO 2026-01-05 11:02:04,445 basehttp 7616 16472 "GET /api/accounts/dashboard/lecturer/ HTTP/1.1" 200 222
INFO 2026-01-05 11:02:06,004 views 7616 6456 Dashboard request for user 13: lecturer@zetech.ac.ke, type: lecturer
INFO 2026-01-05 11:02:06,012 basehttp 7616 24216 "GET /api/accounts/students/ HTTP/1.1" 200 464
INFO 2026-01-05 11:02:06,017 views 7616 6456 Dashboard data returned for user 13
INFO 2026-01-05 11:02:06,022 basehttp 7616 6456 "GET /api/accounts/dashboard/lecturer/ HTTP/1.1" 200 222
INFO 2026-01-05 11:02:06,028 basehttp 7616 6072 "GET /api/accounts/chat/rooms/ HTTP/1.1" 200 715
WARNING 2026-01-05 11:11:32,992 log 7616 9144 Unauthorized: /api/accounts/dashboard/lecturer/
WARNING 2026-01-05 11:11:32,993 basehttp 7616 9144 "GET /api/accounts/dashboard/lecturer/ HTTP/1.1" 401 172
WARNING 2026-01-05 11:11:33,003 log 7616 21916 Unauthorized: /api/accounts/dashboard/lecturer/
WARNING 2026-01-05 11:11:33,009 basehttp 7616 21916 "GET /api/accounts/dashboard/lecturer/ HTTP/1.1" 401 172
INFO 2026-01-05 11:20:31,018 basehttp 7616 18048 "POST /api/accounts/jwt/login/ HTTP/1.1" 200 639
INFO 2026-01-05 11:20:31,118 views 7616 22796 Dashboard request for user 13: lecturer@zetech.ac.ke, type: lecturer
INFO 2026-01-05 11:20:31,126 views 7616 22796 Dashboard data returned for user 13
INFO 2026-01-05 11:20:31,127 basehttp 7616 22796 "GET /api/accounts/dashboard/lecturer/ HTTP/1.1" 200 222
INFO 2026-01-05 11:20:31,133 views 7616 22120 Dashboard request for user 13: lecturer@zetech.ac.ke, type: lecturer
INFO 2026-01-05 11:20:31,139 views 7616 22120 Dashboard data returned for user 13
INFO 2026-01-05 11:20:31,140 basehttp 7616 22120 "GET /api/accounts/dashboard/lecturer/ HTTP/1.1" 200 222
WARNING 2026-01-05 11:20:31,484 log 7616 11364 Not Found: /socket.io/
WARNING 2026-01-05 11:20:31,484 basehttp 7616 11364 "GET /socket.io/?EIO=4&transport=websocket HTTP/1.1" 404 2392
WARNING 2026-01-05 11:20:32,575 log 7616 24868 Not Found: /socket.io/
WARNING 2026-01-05 11:20:32,576 basehttp 7616 24868 "GET /socket.io/?EIO=4&transport=websocket HTTP/1.1" 404 2392
WARNING 2026-01-05 11:20:34,027 log 7616 3028 Not Found: /socket.io/
WARNING 2026-01-05 11:20:34,028 basehttp 7616 3028 "GET /socket.io/?EIO=4&transport=websocket HTTP/1.1" 404 2392
INFO 2026-01-05 11:20:35,629 views 7616 12064 Dashboard request for user 13: lecturer@zetech.ac.ke, type: lecturer
INFO 2026-01-05 11:20:35,635 basehttp 7616 22808 "GET /api/accounts/students/ HTTP/1.1" 200 464
INFO 2026-01-05 11:20:35,642 views 7616 12064 Dashboard data returned for user 13
INFO 2026-01-05 11:20:35,645 basehttp 7616 12064 "GET /api/accounts/dashboard/lecturer/ HTTP/1.1" 200 222
INFO 2026-01-05 11:20:35,647 basehttp 7616 14812 "GET /api/accounts/chat/rooms/ HTTP/1.1" 200 715
WARNING 2026-01-05 11:20:37,006 log 7616 19176 Not Found: /socket.io/
WARNING 2026-01-05 11:20:37,007 basehttp 7616 19176 "GET /socket.io/?EIO=4&transport=websocket HTTP/1.1" 404 2392
INFO 2026-01-05 11:20:39,293 basehttp 7616 4800 "GET /api/accounts/chat/messages/1/ HTTP/1.1" 200 1417
WARNING 2026-01-05 11:20:39,601 log 7616 1192 Not Found: /socket.io/
WARNING 2026-01-05 11:20:39,602 basehttp 7616 1192 "GET /socket.io/?EIO=4&transport=websocket HTTP/1.1" 404 2392
WARNING 2026-01-05 11:20:40,474 log 7616 18092 Not Found: /socket.io/
WARNING 2026-01-05 11:20:40,475 basehttp 7616 18092 "GET /socket.io/?EIO=4&transport=websocket HTTP/1.1" 404 2392
WARNING 2026-01-05 11:20:42,133 log 7616 17928 Not Found: /socket.io/
WARNING 2026-01-05 11:20:42,134 basehttp 7616 17928 "GET /socket.io/?EIO=4&transport=websocket HTTP/1.1" 404 2392
INFO 2026-01-05 11:20:43,538 basehttp 7616 24204 "POST /api/accounts/chat/send/1/ HTTP/1.1" 201 156
WARNING 2026-01-05 11:20:47,198 log 7616 11776 Not Found: /socket.io/
WARNING 2026-01-05 11:20:47,200 basehttp 7616 11776 "GET /socket.io/?EIO=4&transport=websocket HTTP/1.1" 404 2392
INFO 2026-01-05 11:20:55,028 basehttp 7616 9148 "POST /api/accounts/jwt/login/ HTTP/1.1" 200 636
INFO 2026-01-05 11:20:55,110 views 7616 22468 Dashboard request for user 12: student@zetech.ac.ke, type: student
INFO 2026-01-05 11:20:55,116 basehttp 7616 5876 "GET /api/accounts/notifications/ HTTP/1.1" 200 2
INFO 2026-01-05 11:20:55,122 views 7616 22468 Dashboard data returned for user 12
INFO 2026-01-05 11:20:55,123 basehttp 7616 22468 "GET /api/accounts/dashboard/student/ HTTP/1.1" 200 232
INFO 2026-01-05 11:20:55,126 basehttp 7616 23304 "GET /api/accounts/notifications/ HTTP/1.1" 200 2
INFO 2026-01-05 11:20:55,129 views 7616 10048 Dashboard request for user 12: student@zetech.ac.ke, type: student
INFO 2026-01-05 11:20:55,133 views 7616 10048 Dashboard data returned for user 12
INFO 2026-01-05 11:20:55,134 basehttp 7616 10048 "GET /api/accounts/dashboard/student/ HTTP/1.1" 200 232
INFO 2026-01-05 11:20:59,190 basehttp 7616 3060 "GET /api/accounts/chat/rooms/ HTTP/1.1" 200 181
INFO 2026-01-05 11:21:00,718 basehttp 7616 19396 "GET /api/accounts/chat/messages/1/ HTTP/1.1" 200 1574
INFO 2026-01-05 11:21:07,575 basehttp 7616 24748 "POST /api/accounts/chat/send/1/ HTTP/1.1" 201 155
INFO 2026-01-05 11:21:39,757 basehttp 7616 1872 "POST /api/accounts/jwt/login/ HTTP/1.1" 200 639
INFO 2026-01-05 11:21:39,844 views 7616 16144 Dashboard request for user 13: lecturer@zetech.ac.ke, type: lecturer
INFO 2026-01-05 11:21:39,849 views 7616 16144 Dashboard data returned for user 13
INFO 2026-01-05 11:21:39,849 basehttp 7616 16144 "GET /api/accounts/dashboard/lecturer/ HTTP/1.1" 200 222
INFO 2026-01-05 11:21:39,854 views 7616 1240 Dashboard request for user 13: lecturer@zetech.ac.ke, type: lecturer
INFO 2026-01-05 11:21:39,862 views 7616 1240 Dashboard data returned for user 13
INFO 2026-01-05 11:21:39,903 basehttp 7616 1240 "GET /api/accounts/dashboard/lecturer/ HTTP/1.1" 200 222
WARNING 2026-01-05 11:21:40,159 log 7616 22812 Not Found: /socket.io/
WARNING 2026-01-05 11:21:40,160 basehttp 7616 22812 "GET /socket.io/?EIO=4&transport=websocket HTTP/1.1" 404 2392
WARNING 2026-01-05 11:21:41,767 log 7616 296 Not Found: /socket.io/
WARNING 2026-01-05 11:21:41,768 basehttp 7616 296 "GET /socket.io/?EIO=4&transport=websocket HTTP/1.1" 404 2392
INFO 2026-01-05 11:21:43,231 views 7616 23388 Dashboard request for user 13: lecturer@zetech.ac.ke, type: lecturer
INFO 2026-01-05 11:21:43,235 basehttp 7616 22280 "GET /api/accounts/students/ HTTP/1.1" 200 464
INFO 2026-01-05 11:21:43,246 views 7616 23388 Dashboard data returned for user 13
INFO 2026-01-05 11:21:43,249 basehttp 7616 23388 "GET /api/accounts/dashboard/lecturer/ HTTP/1.1" 200 222
INFO 2026-01-05 11:21:43,250 basehttp 7616 13588 "GET /api/accounts/chat/rooms/ HTTP/1.1" 200 714
WARNING 2026-01-05 11:21:44,637 log 7616 21972 Not Found: /socket.io/
WARNING 2026-01-05 11:21:44,637 basehttp 7616 21972 "GET /socket.io/?EIO=4&transport=websocket HTTP/1.1" 404 2392
WARNING 2026-01-05 11:21:50,326 log 7616 25152 Not Found: /socket.io/
WARNING 2026-01-05 11:21:50,326 basehttp 7616 25152 "GET /socket.io/?EIO=4&transport=websocket HTTP/1.1" 404 2392
WARNING 2026-01-05 11:21:56,327 log 7616 23452 Not Found: /socket.io/
WARNING 2026-01-05 11:21:56,327 basehttp 7616 23452 "GET /socket.io/?EIO=4&transport=websocket HTTP/1.1" 404 2392
WARNING 2026-01-05 11:22:02,328 log 7616 13404 Not Found: /socket.io/
WARNING 2026-01-05 11:22:02,329 basehttp 7616 13404 "GET /socket.io/?EIO=4&transport=websocket HTTP/1.1" 404 2392
WARNING 2026-01-05 11:22:08,326 log 7616 21728 Not Found: /socket.io/
WARNING 2026-01-05 11:22:08,328 basehttp 7616 21728 "GET /socket.io/?EIO=4&transport=websocket HTTP/1.1" 404 2392
WARNING 2026-01-05 11:22:14,328 log 7616 23088 Not Found: /socket.io/
WARNING 2026-01-05 11:22:14,329 basehttp 7616 23088 "GET /socket.io/?EIO=4&transport=websocket HTTP/1.1" 404 2392
WARNING 2026-01-05 11:22:20,317 log 7616 11072 Not Found: /socket.io/
WARNING 2026-01-05 11:22:20,317 basehttp 7616 11072 "GET /socket.io/?EIO=4&transport=websocket HTTP/1.1" 404 2392
WARNING 2026-01-05 11:22:26,336 log 7616 20896 Not Found: /socket.io/
WARNING 2026-01-05 11:22:26,337 basehttp 7616 20896 "GET /socket.io/?EIO=4&transport=websocket HTTP/1.1" 404 2392
WARNING 2026-01-05 11:22:32,319 log 7616 10556 Not Found: /socket.io/
WARNING 2026-01-05 11:22:32,320 basehttp 7616 10556 "GET /socket.io/?EIO=4&transport=websocket HTTP/1.1" 404 2392
WARNING 2026-01-05 11:22:38,340 log 7616 7184 Not Found: /socket.io/
WARNING 2026-01-05 11:22:38,341 basehttp 7616 7184 "GET /socket.io/?EIO=4&transport=websocket HTTP/1.1" 404 2392
WARNING 2026-01-05 11:22:44,326 log 7616 16980 Not Found: /socket.io/
WARNING 2026-01-05 11:22:44,326 basehttp 7616 16980 "GET /socket.io/?EIO=4&transport=websocket HTTP/1.1" 404 2392
WARNING 2026-01-05 11:22:50,321 log 7616 11648 Not Found: /socket.io/
WARNING 2026-01-05 11:22:50,321 basehttp 7616 11648 "GET /socket.io/?EIO=4&transport=websocket HTTP/1.1" 404 2392
WARNING 2026-01-05 11:22:56,321 log 7616 22364 Not Found: /socket.io/
WARNING 2026-01-05 11:22:56,321 basehttp 7616 22364 "GET /socket.io/?EIO=4&transport=websocket HTTP/1.1" 404 2392
WARNING 2026-01-05 11:23:02,342 log 7616 2092 Not Found: /socket.io/
WARNING 2026-01-05 11:23:02,342 basehttp 7616 2092 "GET /socket.io/?EIO=4&transport=websocket HTTP/1.1" 404 2392
WARNING 2026-01-05 11:23:08,331 log 7616 2988 Not Found: /socket.io/
WARNING 2026-01-05 11:23:08,332 basehttp 7616 2988 "GET /socket.io/?EIO=4&transport=websocket HTTP/1.1" 404 2392
WARNING 2026-01-05 11:23:14,321 log 7616 5160 Not Found: /socket.io/
WARNING 2026-01-05 11:23:14,321 basehttp 7616 5160 "GET /socket.io/?EIO=4&transport=websocket HTTP/1.1" 404 2392
WARNING 2026-01-05 11:23:20,332 log 7616 4596 Not Found: /socket.io/
WARNING 2026-01-05 11:23:20,332 basehttp 7616 4596 "GET /socket.io/?EIO=4&transport=websocket HTTP/1.1" 404 2392
WARNING 2026-01-05 11:23:26,339 log 7616 13932 Not Found: /socket.io/
WARNING 2026-01-05 11:23:26,340 basehttp 7616 13932 "GET /socket.io/?EIO=4&transport=websocket HTTP/1.1" 404 2392
WARNING 2026-01-05 11:23:32,344 log 7616 16268 Not Found: /socket.io/
WARNING 2026-01-05 11:23:32,345 basehttp 7616 16268 "GET /socket.io/?EIO=4&transport=websocket HTTP/1.1" 404 2392
WARNING 2026-01-05 11:23:38,345 log 7616 24176 Not Found: /socket.io/
WARNING 2026-01-05 11:23:38,346 basehttp 7616 24176 "GET /socket.io/?EIO=4&transport=websocket HTTP/1.1" 404 2392
WARNING 2026-01-05 11:23:44,329 log 7616 20348 Not Found: /socket.io/
WARNING 2026-01-05 11:23:44,330 basehttp 7616 20348 "GET /socket.io/?EIO=4&transport=websocket HTTP/1.1" 404 2392
WARNING 2026-01-05 11:23:50,331 log 7616 14476 Not Found: /socket.io/
WARNING 2026-01-05 11:23:50,332 basehttp 7616 14476 "GET /socket.io/?EIO=4&transport=websocket HTTP/1.1" 404 2392
WARNING 2026-01-05 11:23:56,347 log 7616 19324 Not Found: /socket.io/
WARNING 2026-01-05 11:23:56,348 basehttp 7616 19324 "GET /socket.io/?EIO=4&transport=websocket HTTP/1.1" 404 2392
WARNING 2026-01-05 11:24:02,340 log 7616 1484 Not Found: /socket.io/
WARNING 2026-01-05 11:24:02,341 basehttp 7616 1484 "GET /socket.io/?EIO=4&transport=websocket HTTP/1.1" 404 2392
WARNING 2026-01-05 11:24:08,337 log 7616 8964 Not Found: /socket.io/
WARNING 2026-01-05 11:24:08,337 basehttp 7616 8964 "GET /socket.io/?EIO=4&transport=websocket HTTP/1.1" 404 2392
WARNING 2026-01-05 11:24:14,349 log 7616 4240 Not Found: /socket.io/
WARNING 2026-01-05 11:24:14,349 basehttp 7616 4240 "GET /socket.io/?EIO=4&transport=websocket HTTP/1.1" 404 2392
WARNING 2026-01-05 11:24:20,338 log 7616 19568 Not Found: /socket.io/
WARNING 2026-01-05 11:24:20,338 basehttp 7616 19568 "GET /socket.io/?EIO=4&transport=websocket HTTP/1.1" 404 2392
WARNING 2026-01-05 11:24:26,342 log 7616 23364 Not Found: /socket.io/
WARNING 2026-01-05 11:24:26,343 basehttp 7616 23364 "GET /socket.io/?EIO=4&transport=websocket HTTP/1.1" 404 2392
WARNING 2026-01-05 11:24:32,318 log 7616 11464 Not Found: /socket.io/
WARNING 2026-01-05 11:24:32,319 basehttp 7616 11464 "GET /socket.io/?EIO=4&transport=websocket HTTP/1.1" 404 2392
WARNING 2026-01-05 11:24:38,329 log 7616 24936 Not Found: /socket.io/
WARNING 2026-01-05 11:24:38,330 basehttp 7616 24936 "GET /socket.io/?EIO=4&transport=websocket HTTP/1.1" 404 2392
WARNING 2026-01-05 11:24:44,332 log 7616 23772 Not Found: /socket.io/
WARNING 2026-01-05 11:24:44,332 basehttp 7616 23772 "GET /socket.io/?EIO=4&transport=websocket HTTP/1.1" 404 2392
WARNING 2026-01-05 11:24:50,314 log 7616 22036 Not Found: /socket.io/
WARNING 2026-01-05 11:24:50,315 basehttp 7616 22036 "GET /socket.io/?EIO=4&transport=websocket HTTP/1.1" 404 2392
WARNING 2026-01-05 11:24:56,316 log 7616 13636 Not Found: /socket.io/
WARNING 2026-01-05 11:24:56,317 basehttp 7616 13636 "GET /socket.io/?EIO=4&transport=websocket HTTP/1.1" 404 2392
WARNING 2026-01-05 11:25:02,334 log 7616 12140 Not Found: /socket.io/
WARNING 2026-01-05 11:25:02,334 basehttp 7616 12140 "GET /socket.io/?EIO=4&transport=websocket HTTP/1.1" 404 2392
WARNING 2026-01-05 11:25:08,338 log 7616 9236 Not Found: /socket.io/
WARNING 2026-01-05 11:25:08,338 basehttp 7616 9236 "GET /socket.io/?EIO=4&transport=websocket HTTP/1.1" 404 2392
WARNING 2026-01-05 11:25:14,332 log 7616 22276 Not Found: /socket.io/
WARNING 2026-01-05 11:25:14,333 basehttp 7616 22276 "GET /socket.io/?EIO=4&transport=websocket HTTP/1.1" 404 2392
WARNING 2026-01-05 11:25:20,335 log 7616 25372 Not Found: /socket.io/
WARNING 2026-01-05 11:25:20,335 basehttp 7616 25372 "GET /socket.io/?EIO=4&transport=websocket HTTP/1.1" 404 2392
WARNING 2026-01-05 11:25:26,360 log 7616 2800 Not Found: /socket.io/
WARNING 2026-01-05 11:25:26,360 basehttp 7616 2800 "GET /socket.io/?EIO=4&transport=websocket HTTP/1.1" 404 2392
WARNING 2026-01-05 11:25:32,378 log 7616 19632 Not Found: /socket.io/
WARNING 2026-01-05 11:25:32,378 basehttp 7616 19632 "GET /socket.io/?EIO=4&transport=websocket HTTP/1.1" 404 2392
WARNING 2026-01-05 11:25:38,399 log 7616 15336 Not Found: /socket.io/
WARNING 2026-01-05 11:25:38,399 basehttp 7616 15336 "GET /socket.io/?EIO=4&transport=websocket HTTP/1.1" 404 2392
WARNING 2026-01-05 11:25:44,446 log 7616 23468 Not Found: /socket.io/
WARNING 2026-01-05 11:25:44,447 basehttp 7616 23468 "GET /socket.io/?EIO=4&transport=websocket HTTP/1.1" 404 2392
WARNING 2026-01-05 11:25:50,818 log 7616 23580 Not Found: /socket.io/
WARNING 2026-01-05 11:25:50,819 basehttp 7616 23580 "GET /socket.io/?EIO=4&transport=websocket HTTP/1.1" 404 2392
WARNING 2026-01-05 11:25:56,738 log 7616 16180 Not Found: /socket.io/
WARNING 2026-01-05 11:25:56,739 basehttp 7616 16180 "GET /socket.io/?EIO=4&transport=websocket HTTP/1.1" 404 2392
WARNING 2026-01-05 11:26:02,966 log 7616 16472 Not Found: /socket.io/
WARNING 2026-01-05 11:26:02,966 basehttp 7616 16472 "GET /socket.io/?EIO=4&transport=websocket HTTP/1.1" 404 2392
WARNING 2026-01-05 11:26:09,567 log 7616 12544 Not Found: /socket.io/
WARNING 2026-01-05 11:26:09,568 basehttp 7616 12544 "GET /socket.io/?EIO=4&transport=websocket HTTP/1.1" 404 2392
WARNING 2026-01-05 11:26:17,264 log 7616 24244 Not Found: /socket.io/
WARNING 2026-01-05 11:26:17,266 basehttp 7616 24244 "GET /socket.io/?EIO=4&transport=websocket HTTP/1.1" 404 2392
WARNING 2026-01-05 11:26:26,357 log 7616 1192 Not Found: /socket.io/
WARNING 2026-01-05 11:26:26,357 basehttp 7616 1192 "GET /socket.io/?EIO=4&transport=websocket HTTP/1.1" 404 2392
WARNING 2026-01-05 11:26:32,336 log 7616 2520 Not Found: /socket.io/
WARNING 2026-01-05 11:26:32,338 basehttp 7616 2520 "GET /socket.io/?EIO=4&transport=websocket HTTP/1.1" 404 2392
WARNING 2026-01-05 11:26:38,326 log 7616 21000 Not Found: /socket.io/
WARNING 2026-01-05 11:26:38,326 basehttp 7616 21000 "GET /socket.io/?EIO=4&transport=websocket HTTP/1.1" 404 2392
WARNING 2026-01-05 11:26:44,331 log 7616 13424 Not Found: /socket.io/
WARNING 2026-01-05 11:26:44,332 basehttp 7616 13424 "GET /socket.io/?EIO=4&transport=websocket HTTP/1.1" 404 2392
WARNING 2026-01-05 11:26:50,326 log 7616 18004 Not Found: /socket.io/
WARNING 2026-01-05 11:26:50,326 basehttp 7616 18004 "GET /socket.io/?EIO=4&transport=websocket HTTP/1.1" 404 2392
WARNING 2026-01-05 11:26:56,322 log 7616 18600 Not Found: /socket.io/
WARNING 2026-01-05 11:26:56,322 basehttp 7616 18600 "GET /socket.io/?EIO=4&transport=websocket HTTP/1.1" 404 2392
WARNING 2026-01-05 11:27:02,343 log 7616 22620 Not Found: /socket.io/
WARNING 2026-01-05 11:27:02,343 basehttp 7616 22620 "GET /socket.io/?EIO=4&transport=websocket HTTP/1.1" 404 2392
WARNING 2026-01-05 11:27:08,333 log 7616 23352 Not Found: /socket.io/
WARNING 2026-01-05 11:27:08,333 basehttp 7616 23352 "GET /socket.io/?EIO=4&transport=websocket HTTP/1.1" 404 2392
INFO 2026-01-05 11:27:13,943 autoreload 7616 8440 C:\Users\Administrator\Desktop\GroupHub\backend\accounts\models.py changed, reloading.
INFO 2026-01-05 11:27:13,945 autoreload 1664 21156 C:\Users\Administrator\Desktop\GroupHub\backend\accounts\models.py changed, reloading.
INFO 2026-01-05 11:27:14,921 autoreload 24928 11200 Watching for file changes with StatReloader
INFO 2026-01-05 11:27:14,922 autoreload 11944 21488 Watching for file changes with StatReloader
WARNING 2026-01-05 11:27:15,350 log 11944 16980 Not Found: /socket.io/
WARNING 2026-01-05 11:27:15,350 basehttp 11944 16980 "GET /socket.io/?EIO=4&transport=websocket HTTP/1.1" 404 2392
WARNING 2026-01-05 11:27:21,347 log 11944 23060 Not Found: /socket.io/
WARNING 2026-01-05 11:27:21,348 basehttp 11944 23060 "GET /socket.io/?EIO=4&transport=websocket HTTP/1.1" 404 2392
WARNING 2026-01-05 11:27:27,393 log 11944 8640 Not Found: /socket.io/
WARNING 2026-01-05 11:27:27,395 basehttp 11944 8640 "GET /socket.io/?EIO=4&transport=websocket HTTP/1.1" 404 2392
WARNING 2026-01-05 11:27:33,405 log 11944 21692 Not Found: /socket.io/
WARNING 2026-01-05 11:27:33,406 basehttp 11944 21692 "GET /socket.io/?EIO=4&transport=websocket HTTP/1.1" 404 2392
WARNING 2026-01-05 11:27:39,380 log 11944 24604 Not Found: /socket.io/
WARNING 2026-01-05 11:27:39,380 basehttp 11944 24604 "GET /socket.io/?EIO=4&transport=websocket HTTP/1.1" 404 2392
WARNING 2026-01-05 11:27:45,586 log 11944 21188 Not Found: /socket.io/
WARNING 2026-01-05 11:27:45,587 basehttp 11944 21188 "GET /socket.io/?EIO=4&transport=websocket HTTP/1.1" 404 2392
WARNING 2026-01-05 11:27:51,602 log 11944 2948 Not Found: /socket.io/
WARNING 2026-01-05 11:27:51,603 basehttp 11944 2948 "GET /socket.io/?EIO=4&transport=websocket HTTP/1.1" 404 2392
WARNING 2026-01-05 11:27:57,561 log 11944 24180 Not Found: /socket.io/
WARNING 2026-01-05 11:27:57,562 basehttp 11944 24180 "GET /socket.io/?EIO=4&transport=websocket HTTP/1.1" 404 2392
WARNING 2026-01-05 11:28:02,656 log 11944 19408 Unauthorized: /api/accounts/dashboard/lecturer/
WARNING 2026-01-05 11:28:02,656 basehttp 11944 19408 "GET /api/accounts/dashboard/lecturer/ HTTP/1.1" 401 172
INFO 2026-01-05 11:28:06,410 basehttp 11944 18504 "POST /api/accounts/jwt/login/ HTTP/1.1" 200 639
INFO 2026-01-05 11:28:06,497 views 11944 10252 Dashboard request for user 13: lecturer@zetech.ac.ke, type: lecturer
INFO 2026-01-05 11:28:06,509 views 11944 10252 Dashboard data returned for user 13
INFO 2026-01-05 11:28:06,510 basehttp 11944 10252 "GET /api/accounts/dashboard/lecturer/ HTTP/1.1" 200 222
INFO 2026-01-05 11:28:06,518 views 11944 11496 Dashboard request for user 13: lecturer@zetech.ac.ke, type: lecturer
INFO 2026-01-05 11:28:06,524 views 11944 11496 Dashboard data returned for user 13
INFO 2026-01-05 11:28:06,525 basehttp 11944 11496 "GET /api/accounts/dashboard/lecturer/ HTTP/1.1" 200 222
WARNING 2026-01-05 11:28:09,412 log 11944 18244 Not Found: /socket.io/
WARNING 2026-01-05 11:28:09,413 basehttp 11944 18244 "GET /socket.io/?EIO=4&transport=websocket HTTP/1.1" 404 2392
INFO 2026-01-05 11:28:10,198 views 11944 24316 Dashboard request for user 13: lecturer@zetech.ac.ke, type: lecturer
INFO 2026-01-05 11:28:10,207 views 11944 24316 Dashboard data returned for user 13
INFO 2026-01-05 11:28:10,208 basehttp 11944 24316 "GET /api/accounts/dashboard/lecturer/ HTTP/1.1" 200 222
WARNING 2026-01-05 11:28:11,230 log 11944 9240 Not Found: /socket.io/
WARNING 2026-01-05 11:28:11,231 basehttp 11944 9240 "GET /socket.io/?EIO=4&transport=websocket HTTP/1.1" 404 2392
INFO 2026-01-05 11:28:11,825 views 11944 18596 Dashboard request for user 13: lecturer@zetech.ac.ke, type: lecturer
INFO 2026-01-05 11:28:11,831 views 11944 18596 Dashboard data returned for user 13
INFO 2026-01-05 11:28:11,832 basehttp 11944 18596 "GET /api/accounts/dashboard/lecturer/ HTTP/1.1" 200 222
INFO 2026-01-05 11:28:12,361 autoreload 24928 11200 C:\Users\Administrator\Desktop\GroupHub\backend\accounts\views.py changed, reloading.
INFO 2026-01-05 11:28:12,519 autoreload 11944 21488 C:\Users\Administrator\Desktop\GroupHub\backend\accounts\views.py changed, reloading.
INFO 2026-01-05 11:28:13,612 autoreload 13340 11868 Watching for file changes with StatReloader
INFO 2026-01-05 11:28:13,662 autoreload 5256 5844 Watching for file changes with StatReloader
WARNING 2026-01-05 11:28:13,975 log 13340 19640 Not Found: /socket.io/
WARNING 2026-01-05 11:28:13,976 basehttp 13340 19640 "GET /socket.io/?EIO=4&transport=websocket HTTP/1.1" 404 2392
INFO 2026-01-05 11:28:15,789 views 13340 16984 Dashboard request for user 13: lecturer@zetech.ac.ke, type: lecturer
INFO 2026-01-05 11:28:15,794 views 13340 16984 Dashboard data returned for user 13
INFO 2026-01-05 11:28:15,795 basehttp 13340 16984 "GET /api/accounts/dashboard/lecturer/ HTTP/1.1" 200 222
INFO 2026-01-05 11:28:16,643 views 13340 10340 Dashboard request for user 13: lecturer@zetech.ac.ke, type: lecturer
INFO 2026-01-05 11:28:16,647 views 13340 10340 Dashboard data returned for user 13
INFO 2026-01-05 11:28:16,648 basehttp 13340 10340 "GET /api/accounts/dashboard/lecturer/ HTTP/1.1" 200 222
INFO 2026-01-05 11:28:17,510 views 13340 2996 Dashboard request for user 13: lecturer@zetech.ac.ke, type: lecturer
INFO 2026-01-05 11:28:17,521 views 13340 2996 Dashboard data returned for user 13
INFO 2026-01-05 11:28:17,523 basehttp 13340 2996 "GET /api/accounts/dashboard/lecturer/ HTTP/1.1" 200 222
WARNING 2026-01-05 11:28:17,542 log 13340 6016 Not Found: /socket.io/
WARNING 2026-01-05 11:28:17,544 basehttp 13340 6016 "GET /socket.io/?EIO=4&transport=websocket HTTP/1.1" 404 2392
INFO 2026-01-05 11:28:17,993 views 13340 15056 Dashboard request for user 13: lecturer@zetech.ac.ke, type: lecturer
INFO 2026-01-05 11:28:18,001 views 13340 15056 Dashboard data returned for user 13
INFO 2026-01-05 11:28:18,002 basehttp 13340 15056 "GET /api/accounts/dashboard/lecturer/ HTTP/1.1" 200 222
INFO 2026-01-05 11:28:18,178 views 13340 25284 Dashboard request for user 13: lecturer@zetech.ac.ke, type: lecturer
INFO 2026-01-05 11:28:18,184 views 13340 25284 Dashboard data returned for user 13
INFO 2026-01-05 11:28:18,185 basehttp 13340 25284 "GET /api/accounts/dashboard/lecturer/ HTTP/1.1" 200 222
INFO 2026-01-05 11:28:18,366 views 13340 7884 Dashboard request for user 13: lecturer@zetech.ac.ke, type: lecturer
INFO 2026-01-05 11:28:18,382 views 13340 7884 Dashboard data returned for user 13
INFO 2026-01-05 11:28:18,385 basehttp 13340 7884 "GET /api/accounts/dashboard/lecturer/ HTTP/1.1" 200 222
INFO 2026-01-05 11:28:18,547 views 13340 19420 Dashboard request for user 13: lecturer@zetech.ac.ke, type: lecturer
INFO 2026-01-05 11:28:18,564 views 13340 19420 Dashboard data returned for user 13
INFO 2026-01-05 11:28:18,567 basehttp 13340 19420 "GET /api/accounts/dashboard/lecturer/ HTTP/1.1" 200 222
INFO 2026-01-05 11:28:18,756 views 13340 24188 Dashboard request for user 13: lecturer@zetech.ac.ke, type: lecturer
INFO 2026-01-05 11:28:18,760 views 13340 24188 Dashboard data returned for user 13
INFO 2026-01-05 11:28:18,761 basehttp 13340 24188 "GET /api/accounts/dashboard/lecturer/ HTTP/1.1" 200 222
INFO 2026-01-05 11:28:18,955 views 13340 10912 Dashboard request for user 13: lecturer@zetech.ac.ke, type: lecturer
INFO 2026-01-05 11:28:18,959 views 13340 10912 Dashboard data returned for user 13
INFO 2026-01-05 11:28:18,959 basehttp 13340 10912 "GET /api/accounts/dashboard/lecturer/ HTTP/1.1" 200 222
INFO 2026-01-05 11:28:19,176 views 13340 6056 Dashboard request for user 13: lecturer@zetech.ac.ke, type: lecturer
INFO 2026-01-05 11:28:19,180 views 13340 6056 Dashboard data returned for user 13
INFO 2026-01-05 11:28:19,180 basehttp 13340 6056 "GET /api/accounts/dashboard/lecturer/ HTTP/1.1" 200 222
INFO 2026-01-05 11:28:19,428 views 13340 2540 Dashboard request for user 13: lecturer@zetech.ac.ke, type: lecturer
INFO 2026-01-05 11:28:19,436 views 13340 2540 Dashboard data returned for user 13
INFO 2026-01-05 11:28:19,437 basehttp 13340 2540 "GET /api/accounts/dashboard/lecturer/ HTTP/1.1" 200 222
INFO 2026-01-05 11:28:19,643 views 13340 6464 Dashboard request for user 13: lecturer@zetech.ac.ke, type: lecturer
INFO 2026-01-05 11:28:19,647 views 13340 6464 Dashboard data returned for user 13
INFO 2026-01-05 11:28:19,648 basehttp 13340 6464 "GET /api/accounts/dashboard/lecturer/ HTTP/1.1" 200 222
WARNING 2026-01-05 11:28:23,014 log 13340 2588 Not Found: /socket.io/
WARNING 2026-01-05 11:28:23,017 basehttp 13340 2588 "GET /socket.io/?EIO=4&transport=websocket HTTP/1.1" 404 2392
WARNING 2026-01-05 11:28:28,494 log 13340 5608 Not Found: /socket.io/
WARNING 2026-01-05 11:28:28,494 basehttp 13340 5608 "GET /socket.io/?EIO=4&transport=websocket HTTP/1.1" 404 2392
WARNING 2026-01-05 11:28:34,095 log 13340 24024 Not Found: /socket.io/
WARNING 2026-01-05 11:28:34,095 basehttp 13340 24024 "GET /socket.io/?EIO=4&transport=websocket HTTP/1.1" 404 2392
WARNING 2026-01-05 11:28:39,611 log 13340 17712 Not Found: /socket.io/
WARNING 2026-01-05 11:28:39,612 basehttp 13340 17712 "GET /socket.io/?EIO=4&transport=websocket HTTP/1.1" 404 2392
WARNING 2026-01-05 11:28:45,395 log 13340 20328 Not Found: /socket.io/
WARNING 2026-01-05 11:28:45,396 basehttp 13340 20328 "GET /socket.io/?EIO=4&transport=websocket HTTP/1.1" 404 2392
INFO 2026-01-05 11:28:47,682 views 13340 20648 Dashboard request for user 13: lecturer@zetech.ac.ke, type: lecturer
INFO 2026-01-05 11:28:47,730 views 13340 20648 Dashboard data returned for user 13
INFO 2026-01-05 11:28:47,734 basehttp 13340 20648 "GET /api/accounts/dashboard/lecturer/ HTTP/1.1" 200 222
INFO 2026-01-05 11:28:47,761 views 13340 5884 Dashboard request for user 13: lecturer@zetech.ac.ke, type: lecturer
INFO 2026-01-05 11:28:47,783 views 13340 5884 Dashboard data returned for user 13
INFO 2026-01-05 11:28:47,785 basehttp 13340 5884 "GET /api/accounts/dashboard/lecturer/ HTTP/1.1" 200 222
WARNING 2026-01-05 11:28:48,963 log 13340 18912 Not Found: /socket.io/
WARNING 2026-01-05 11:28:48,965 basehttp 13340 18912 "GET /socket.io/?EIO=4&transport=websocket HTTP/1.1" 404 2392
WARNING 2026-01-05 11:28:50,308 log 13340 1096 Not Found: /socket.io/
WARNING 2026-01-05 11:28:50,308 basehttp 13340 1096 "GET /socket.io/?EIO=4&transport=websocket HTTP/1.1" 404 2392
WARNING 2026-01-05 11:28:53,417 log 13340 1844 Not Found: /socket.io/
WARNING 2026-01-05 11:28:53,417 basehttp 13340 1844 "GET /socket.io/?EIO=4&transport=websocket HTTP/1.1" 404 2392
WARNING 2026-01-05 11:28:56,612 log 13340 5632 Not Found: /socket.io/
WARNING 2026-01-05 11:28:56,612 basehttp 13340 5632 "GET /socket.io/?EIO=4&transport=websocket HTTP/1.1" 404 2392
INFO 2026-01-05 11:28:59,480 views 13340 6508 Dashboard request for user 13: lecturer@zetech.ac.ke, type: lecturer
INFO 2026-01-05 11:28:59,492 views 13340 6508 Dashboard data returned for user 13
INFO 2026-01-05 11:28:59,494 basehttp 13340 6508 "GET /api/accounts/dashboard/lecturer/ HTTP/1.1" 200 222
INFO 2026-01-05 11:28:59,501 views 13340 708 Dashboard request for user 13: lecturer@zetech.ac.ke, type: lecturer
INFO 2026-01-05 11:28:59,511 views 13340 708 Dashboard data returned for user 13
INFO 2026-01-05 11:28:59,513 basehttp 13340 708 "GET /api/accounts/dashboard/lecturer/ HTTP/1.1" 200 222
WARNING 2026-01-05 11:28:59,809 log 13340 7484 Not Found: /socket.io/
WARNING 2026-01-05 11:28:59,810 basehttp 13340 7484 "GET /socket.io/?EIO=4&transport=websocket HTTP/1.1" 404 2392
WARNING 2026-01-05 11:29:01,642 log 13340 23868 Not Found: /socket.io/
WARNING 2026-01-05 11:29:01,642 basehttp 13340 23868 "GET /socket.io/?EIO=4&transport=websocket HTTP/1.1" 404 2392
WARNING 2026-01-05 11:29:04,320 log 13340 25364 Not Found: /socket.io/
WARNING 2026-01-05 11:29:04,322 basehttp 13340 25364 "GET /socket.io/?EIO=4&transport=websocket HTTP/1.1" 404 2392
WARNING 2026-01-05 11:29:09,660 log 13340 10176 Not Found: /socket.io/
WARNING 2026-01-05 11:29:09,660 basehttp 13340 10176 "GET /socket.io/?EIO=4&transport=websocket HTTP/1.1" 404 2392
WARNING 2026-01-05 11:29:15,018 log 13340 19368 Not Found: /socket.io/
WARNING 2026-01-05 11:29:15,019 basehttp 13340 19368 "GET /socket.io/?EIO=4&transport=websocket HTTP/1.1" 404 2392
INFO 2026-01-05 11:29:15,887 views 13340 21284 Dashboard request for user 13: lecturer@zetech.ac.ke, type: lecturer
INFO 2026-01-05 11:29:15,900 views 13340 21284 Dashboard data returned for user 13
INFO 2026-01-05 11:29:15,903 basehttp 13340 21284 "GET /api/accounts/dashboard/lecturer/ HTTP/1.1" 200 222
INFO 2026-01-05 11:29:15,939 views 13340 296 Dashboard request for user 13: lecturer@zetech.ac.ke, type: lecturer
INFO 2026-01-05 11:29:15,950 views 13340 296 Dashboard data returned for user 13
INFO 2026-01-05 11:29:15,951 basehttp 13340 296 "GET /api/accounts/dashboard/lecturer/ HTTP/1.1" 200 222
WARNING 2026-01-05 11:29:16,203 log 13340 23668 Not Found: /socket.io/
WARNING 2026-01-05 11:29:16,204 basehttp 13340 23668 "GET /socket.io/?EIO=4&transport=websocket HTTP/1.1" 404 2392
WARNING 2026-01-05 11:29:17,523 log 13340 23972 Not Found: /socket.io/
WARNING 2026-01-05 11:29:17,525 basehttp 13340 23972 "GET /socket.io/?EIO=4&transport=websocket HTTP/1.1" 404 2392
WARNING 2026-01-05 11:29:20,431 log 13340 16604 Not Found: /socket.io/
WARNING 2026-01-05 11:29:20,432 basehttp 13340 16604 "GET /socket.io/?EIO=4&transport=websocket HTTP/1.1" 404 2392
WARNING 2026-01-05 11:29:25,817 log 13340 680 Not Found: /socket.io/
WARNING 2026-01-05 11:29:25,829 basehttp 13340 680 "GET /socket.io/?EIO=4&transport=websocket HTTP/1.1" 404 2392
INFO 2026-01-05 11:29:27,702 views 13340 2440 Dashboard request for user 13: lecturer@zetech.ac.ke, type: lecturer
INFO 2026-01-05 11:29:27,712 views 13340 2440 Dashboard data returned for user 13
INFO 2026-01-05 11:29:27,713 basehttp 13340 2440 "GET /api/accounts/dashboard/lecturer/ HTTP/1.1" 200 222
INFO 2026-01-05 11:29:27,720 views 13340 12776 Dashboard request for user 13: lecturer@zetech.ac.ke, type: lecturer
INFO 2026-01-05 11:29:27,729 views 13340 12776 Dashboard data returned for user 13
INFO 2026-01-05 11:29:27,730 basehttp 13340 12776 "GET /api/accounts/dashboard/lecturer/ HTTP/1.1" 200 222
WARNING 2026-01-05 11:29:28,030 log 13340 11648 Not Found: /socket.io/
WARNING 2026-01-05 11:29:28,031 basehttp 13340 11648 "GET /socket.io/?EIO=4&transport=websocket HTTP/1.1" 404 2392
WARNING 2026-01-05 11:29:29,747 log 13340 25068 Not Found: /socket.io/
WARNING 2026-01-05 11:29:29,747 basehttp 13340 25068 "GET /socket.io/?EIO=4&transport=websocket HTTP/1.1" 404 2392
WARNING 2026-01-05 11:29:32,874 log 13340 23852 Not Found: /socket.io/
WARNING 2026-01-05 11:29:32,874 basehttp 13340 23852 "GET /socket.io/?EIO=4&transport=websocket HTTP/1.1" 404 2392
WARNING 2026-01-05 11:29:38,220 log 13340 3056 Not Found: /socket.io/
WARNING 2026-01-05 11:29:38,221 basehttp 13340 3056 "GET /socket.io/?EIO=4&transport=websocket HTTP/1.1" 404 2392
WARNING 2026-01-05 11:29:43,596 log 13340 21936 Not Found: /socket.io/
WARNING 2026-01-05 11:29:43,597 basehttp 13340 21936 "GET /socket.io/?EIO=4&transport=websocket HTTP/1.1" 404 2392
WARNING 2026-01-05 11:29:48,951 log 13340 7400 Not Found: /socket.io/
WARNING 2026-01-05 11:29:48,951 basehttp 13340 7400 "GET /socket.io/?EIO=4&transport=websocket HTTP/1.1" 404 2392
WARNING 2026-01-05 11:29:54,323 log 13340 9672 Not Found: /socket.io/
WARNING 2026-01-05 11:29:54,325 basehttp 13340 9672 "GET /socket.io/?EIO=4&transport=websocket HTTP/1.1" 404 2392
WARNING 2026-01-05 11:30:00,355 log 13340 23692 Not Found: /socket.io/
WARNING 2026-01-05 11:30:00,355 basehttp 13340 23692 "GET /socket.io/?EIO=4&transport=websocket HTTP/1.1" 404 2392
WARNING 2026-01-05 11:30:06,341 log 13340 21188 Not Found: /socket.io/
WARNING 2026-01-05 11:30:06,343 basehttp 13340 21188 "GET /socket.io/?EIO=4&transport=websocket HTTP/1.1" 404 2392
WARNING 2026-01-05 11:30:12,327 log 13340 3868 Not Found: /socket.io/
WARNING 2026-01-05 11:30:12,328 basehttp 13340 3868 "GET /socket.io/?EIO=4&transport=websocket HTTP/1.1" 404 2392
WARNING 2026-01-05 11:30:18,350 log 13340 13100 Not Found: /socket.io/
WARNING 2026-01-05 11:30:18,351 basehttp 13340 13100 "GET /socket.io/?EIO=4&transport=websocket HTTP/1.1" 404 2392
WARNING 2026-01-05 11:30:24,356 log 13340 25060 Not Found: /socket.io/
WARNING 2026-01-05 11:30:24,357 basehttp 13340 25060 "GET /socket.io/?EIO=4&transport=websocket HTTP/1.1" 404 2392
WARNING 2026-01-05 11:30:30,372 log 13340 16332 Not Found: /socket.io/
WARNING 2026-01-05 11:30:30,373 basehttp 13340 16332 "GET /socket.io/?EIO=4&transport=websocket HTTP/1.1" 404 2392
WARNING 2026-01-05 11:30:36,346 log 13340 23424 Not Found: /socket.io/
WARNING 2026-01-05 11:30:36,347 basehttp 13340 23424 "GET /socket.io/?EIO=4&transport=websocket HTTP/1.1" 404 2392
WARNING 2026-01-05 11:30:42,339 log 13340 13636 Not Found: /socket.io/
WARNING 2026-01-05 11:30:42,339 basehttp 13340 13636 "GET /socket.io/?EIO=4&transport=websocket HTTP/1.1" 404 2392
WARNING 2026-01-05 11:30:48,343 log 13340 23660 Not Found: /socket.io/
WARNING 2026-01-05 11:30:48,343 basehttp 13340 23660 "GET /socket.io/?EIO=4&transport=websocket HTTP/1.1" 404 2392
WARNING 2026-01-05 11:30:54,338 log 13340 15236 Not Found: /socket.io/
WARNING 2026-01-05 11:30:54,338 basehttp 13340 15236 "GET /socket.io/?EIO=4&transport=websocket HTTP/1.1" 404 2392
WARNING 2026-01-05 11:31:00,337 log 13340 23892 Not Found: /socket.io/
WARNING 2026-01-05 11:31:00,338 basehttp 13340 23892 "GET /socket.io/?EIO=4&transport=websocket HTTP/1.1" 404 2392
WARNING 2026-01-05 11:31:06,342 log 13340 2740 Not Found: /socket.io/
WARNING 2026-01-05 11:31:06,342 basehttp 13340 2740 "GET /socket.io/?EIO=4&transport=websocket HTTP/1.1" 404 2392
WARNING 2026-01-05 11:31:12,339 log 13340 4656 Not Found: /socket.io/
WARNING 2026-01-05 11:31:12,340 basehttp 13340 4656 "GET /socket.io/?EIO=4&transport=websocket HTTP/1.1" 404 2392
WARNING 2026-01-05 11:31:18,338 log 13340 11332 Not Found: /socket.io/
WARNING 2026-01-05 11:31:18,338 basehttp 13340 11332 "GET /socket.io/?EIO=4&transport=websocket HTTP/1.1" 404 2392
WARNING 2026-01-05 11:31:24,335 log 13340 21252 Not Found: /socket.io/
WARNING 2026-01-05 11:31:24,336 basehttp 13340 21252 "GET /socket.io/?EIO=4&transport=websocket HTTP/1.1" 404 2392
WARNING 2026-01-05 11:31:30,366 log 13340 7940 Not Found: /socket.io/
WARNING 2026-01-05 11:31:30,366 basehttp 13340 7940 "GET /socket.io/?EIO=4&transport=websocket HTTP/1.1" 404 2392
WARNING 2026-01-05 11:31:36,347 log 13340 24080 Not Found: /socket.io/
WARNING 2026-01-05 11:31:36,348 basehttp 13340 24080 "GET /socket.io/?EIO=4&transport=websocket HTTP/1.1" 404 2392
WARNING 2026-01-05 11:31:42,331 log 13340 2996 Not Found: /socket.io/
WARNING 2026-01-05 11:31:42,331 basehttp 13340 2996 "GET /socket.io/?EIO=4&transport=websocket HTTP/1.1" 404 2392
WARNING 2026-01-05 11:31:48,354 log 13340 10312 Not Found: /socket.io/
WARNING 2026-01-05 11:31:48,355 basehttp 13340 10312 "GET /socket.io/?EIO=4&transport=websocket HTTP/1.1" 404 2392
WARNING 2026-01-05 11:31:54,320 log 13340 6056 Not Found: /socket.io/
WARNING 2026-01-05 11:31:54,320 basehttp 13340 6056 "GET /socket.io/?EIO=4&transport=websocket HTTP/1.1" 404 2392
WARNING 2026-01-05 11:32:00,372 log 13340 22784 Not Found: /socket.io/
WARNING 2026-01-05 11:32:00,372 basehttp 13340 22784 "GET /socket.io/?EIO=4&transport=websocket HTTP/1.1" 404 2392
WARNING 2026-01-05 11:32:06,351 log 13340 22732 Not Found: /socket.io/
WARNING 2026-01-05 11:32:06,352 basehttp 13340 22732 "GET /socket.io/?EIO=4&transport=websocket HTTP/1.1" 404 2392
WARNING 2026-01-05 11:32:12,356 log 13340 13152 Not Found: /socket.io/
WARNING 2026-01-05 11:32:12,357 basehttp 13340 13152 "GET /socket.io/?EIO=4&transport=websocket HTTP/1.1" 404 2392
WARNING 2026-01-05 11:32:18,401 log 13340 11524 Not Found: /socket.io/
WARNING 2026-01-05 11:32:18,401 basehttp 13340 11524 "GET /socket.io/?EIO=4&transport=websocket HTTP/1.1" 404 2392
WARNING 2026-01-05 11:32:24,373 log 13340 8120 Not Found: /socket.io/
WARNING 2026-01-05 11:32:24,375 basehttp 13340 8120 "GET /socket.io/?EIO=4&transport=websocket HTTP/1.1" 404 2392
WARNING 2026-01-05 11:32:30,374 log 13340 24024 Not Found: /socket.io/
WARNING 2026-01-05 11:32:30,375 basehttp 13340 24024 "GET /socket.io/?EIO=4&transport=websocket HTTP/1.1" 404 2392
WARNING 2026-01-05 11:32:36,327 log 13340 21768 Not Found: /socket.io/
WARNING 2026-01-05 11:32:36,328 basehttp 13340 21768 "GET /socket.io/?EIO=4&transport=websocket HTTP/1.1" 404 2392
WARNING 2026-01-05 11:32:42,332 log 13340 22048 Not Found: /socket.io/
WARNING 2026-01-05 11:32:42,333 basehttp 13340 22048 "GET /socket.io/?EIO=4&transport=websocket HTTP/1.1" 404 2392
WARNING 2026-01-05 11:32:48,317 log 13340 2932 Not Found: /socket.io/
WARNING 2026-01-05 11:32:48,318 basehttp 13340 2932 "GET /socket.io/?EIO=4&transport=websocket HTTP/1.1" 404 2392
WARNING 2026-01-05 11:32:54,327 log 13340 5400 Not Found: /socket.io/
WARNING 2026-01-05 11:32:54,328 basehttp 13340 5400 "GET /socket.io/?EIO=4&transport=websocket HTTP/1.1" 404 2392
WARNING 2026-01-05 11:33:00,329 log 13340 24140 Not Found: /socket.io/
WARNING 2026-01-05 11:33:00,330 basehttp 13340 24140 "GET /socket.io/?EIO=4&transport=websocket HTTP/1.1" 404 2392
WARNING 2026-01-05 11:33:06,331 log 13340 24868 Not Found: /socket.io/
WARNING 2026-01-05 11:33:06,332 basehttp 13340 24868 "GET /socket.io/?EIO=4&transport=websocket HTTP/1.1" 404 2392
WARNING 2026-01-05 11:33:12,327 log 13340 19412 Not Found: /socket.io/
WARNING 2026-01-05 11:33:12,328 basehttp 13340 19412 "GET /socket.io/?EIO=4&transport=websocket HTTP/1.1" 404 2392
WARNING 2026-01-05 11:33:18,341 log 13340 22544 Not Found: /socket.io/
WARNING 2026-01-05 11:33:18,341 basehttp 13340 22544 "GET /socket.io/?EIO=4&transport=websocket HTTP/1.1" 404 2392
WARNING 2026-01-05 11:33:24,353 log 13340 17928 Not Found: /socket.io/
WARNING 2026-01-05 11:33:24,353 basehttp 13340 17928 "GET /socket.io/?EIO=4&transport=websocket HTTP/1.1" 404 2392
WARNING 2026-01-05 11:33:30,350 log 13340 1192 Not Found: /socket.io/
WARNING 2026-01-05 11:33:30,350 basehttp 13340 1192 "GET /socket.io/?EIO=4&transport=websocket HTTP/1.1" 404 2392
WARNING 2026-01-05 11:33:36,397 log 13340 6260 Not Found: /socket.io/
WARNING 2026-01-05 11:33:36,398 basehttp 13340 6260 "GET /socket.io/?EIO=4&transport=websocket HTTP/1.1" 404 2392
WARNING 2026-01-05 11:33:42,416 log 13340 6904 Not Found: /socket.io/
WARNING 2026-01-05 11:33:42,418 basehttp 13340 6904 "GET /socket.io/?EIO=4&transport=websocket HTTP/1.1" 404 2392
WARNING 2026-01-05 11:33:48,528 log 13340 25592 Not Found: /socket.io/
WARNING 2026-01-05 11:33:48,528 basehttp 13340 25592 "GET /socket.io/?EIO=4&transport=websocket HTTP/1.1" 404 2392
WARNING 2026-01-05 11:33:54,620 log 13340 21344 Not Found: /socket.io/
WARNING 2026-01-05 11:33:54,621 basehttp 13340 21344 "GET /socket.io/?EIO=4&transport=websocket HTTP/1.1" 404 2392
WARNING 2026-01-05 11:34:01,564 log 13340 1808 Not Found: /socket.io/
WARNING 2026-01-05 11:34:01,564 basehttp 13340 1808 "GET /socket.io/?EIO=4&transport=websocket HTTP/1.1" 404 2392
WARNING 2026-01-05 11:34:08,662 log 13340 4228 Not Found: /socket.io/
WARNING 2026-01-05 11:34:08,663 basehttp 13340 4228 "GET /socket.io/?EIO=4&transport=websocket HTTP/1.1" 404 2392
WARNING 2026-01-05 11:34:18,552 log 13340 3460 Not Found: /socket.io/
WARNING 2026-01-05 11:34:18,553 basehttp 13340 3460 "GET /socket.io/?EIO=4&transport=websocket HTTP/1.1" 404 2392
WARNING 2026-01-05 11:34:28,785 log 13340 20792 Not Found: /socket.io/
WARNING 2026-01-05 11:34:28,786 basehttp 13340 20792 "GET /socket.io/?EIO=4&transport=websocket HTTP/1.1" 404 2392
WARNING 2026-01-05 11:34:34,328 log 13340 23048 Not Found: /socket.io/
WARNING 2026-01-05 11:34:34,329 basehttp 13340 23048 "GET /socket.io/?EIO=4&transport=websocket HTTP/1.1" 404 2392
WARNING 2026-01-05 11:34:40,331 log 13340 9644 Not Found: /socket.io/
WARNING 2026-01-05 11:34:40,333 basehttp 13340 9644 "GET /socket.io/?EIO=4&transport=websocket HTTP/1.1" 404 2392
WARNING 2026-01-05 11:34:46,331 log 13340 17848 Not Found: /socket.io/
WARNING 2026-01-05 11:34:46,331 basehttp 13340 17848 "GET /socket.io/?EIO=4&transport=websocket HTTP/1.1" 404 2392
WARNING 2026-01-05 11:34:52,328 log 13340 9136 Not Found: /socket.io/
WARNING 2026-01-05 11:34:52,329 basehttp 13340 9136 "GET /socket.io/?EIO=4&transport=websocket HTTP/1.1" 404 2392
WARNING 2026-01-05 11:34:58,312 log 13340 14808 Not Found: /socket.io/
WARNING 2026-01-05 11:34:58,312 basehttp 13340 14808 "GET /socket.io/?EIO=4&transport=websocket HTTP/1.1" 404 2392
WARNING 2026-01-05 11:35:04,336 log 13340 5444 Not Found: /socket.io/
WARNING 2026-01-05 11:35:04,337 basehttp 13340 5444 "GET /socket.io/?EIO=4&transport=websocket HTTP/1.1" 404 2392
WARNING 2026-01-05 11:35:10,344 log 13340 4592 Not Found: /socket.io/
WARNING 2026-01-05 11:35:10,344 basehttp 13340 4592 "GET /socket.io/?EIO=4&transport=websocket HTTP/1.1" 404 2392
WARNING 2026-01-05 11:35:16,347 log 13340 21828 Not Found: /socket.io/
WARNING 2026-01-05 11:35:16,347 basehttp 13340 21828 "GET /socket.io/?EIO=4&transport=websocket HTTP/1.1" 404 2392
WARNING 2026-01-05 11:35:22,361 log 13340 16300 Not Found: /socket.io/
WARNING 2026-01-05 11:35:22,362 basehttp 13340 16300 "GET /socket.io/?EIO=4&transport=websocket HTTP/1.1" 404 2392
WARNING 2026-01-05 11:35:28,359 log 13340 4376 Not Found: /socket.io/
WARNING 2026-01-05 11:35:28,360 basehttp 13340 4376 "GET /socket.io/?EIO=4&transport=websocket HTTP/1.1" 404 2392
WARNING 2026-01-05 11:35:34,359 log 13340 13588 Not Found: /socket.io/
WARNING 2026-01-05 11:35:34,360 basehttp 13340 13588 "GET /socket.io/?EIO=4&transport=websocket HTTP/1.1" 404 2392
WARNING 2026-01-05 11:35:40,399 log 13340 24128 Not Found: /socket.io/
WARNING 2026-01-05 11:35:40,399 basehttp 13340 24128 "GET /socket.io/?EIO=4&transport=websocket HTTP/1.1" 404 2392
WARNING 2026-01-05 11:35:46,452 log 13340 12872 Not Found: /socket.io/
WARNING 2026-01-05 11:35:46,452 basehttp 13340 12872 "GET /socket.io/?EIO=4&transport=websocket HTTP/1.1" 404 2392
WARNING 2026-01-05 11:35:52,599 log 13340 25212 Not Found: /socket.io/
WARNING 2026-01-05 11:35:52,600 basehttp 13340 25212 "GET /socket.io/?EIO=4&transport=websocket HTTP/1.1" 404 2392
WARNING 2026-01-05 11:35:59,020 log 13340 1636 Not Found: /socket.io/
WARNING 2026-01-05 11:35:59,020 basehttp 13340 1636 "GET /socket.io/?EIO=4&transport=websocket HTTP/1.1" 404 2392
WARNING 2026-01-05 11:36:06,432 log 13340 20440 Not Found: /socket.io/
WARNING 2026-01-05 11:36:06,433 basehttp 13340 20440 "GET /socket.io/?EIO=4&transport=websocket HTTP/1.1" 404 2392
WARNING 2026-01-05 11:36:16,445 log 13340 7432 Not Found: /socket.io/
WARNING 2026-01-05 11:36:16,445 basehttp 13340 7432 "GET /socket.io/?EIO=4&transport=websocket HTTP/1.1" 404 2392
WARNING 2026-01-05 11:36:24,505 log 13340 21028 Not Found: /socket.io/
WARNING 2026-01-05 11:36:24,507 basehttp 13340 21028 "GET /socket.io/?EIO=4&transport=websocket HTTP/1.1" 404 2392
WARNING 2026-01-05 11:36:34,941 log 13340 24640 Not Found: /socket.io/
WARNING 2026-01-05 11:36:34,942 basehttp 13340 24640 "GET /socket.io/?EIO=4&transport=websocket HTTP/1.1" 404 2392
WARNING 2026-01-05 11:36:44,940 log 13340 4012 Not Found: /socket.io/
WARNING 2026-01-05 11:36:44,940 basehttp 13340 4012 "GET /socket.io/?EIO=4&transport=websocket HTTP/1.1" 404 2392
WARNING 2026-01-05 11:36:53,772 log 13340 6036 Not Found: /socket.io/
WARNING 2026-01-05 11:36:53,773 basehttp 13340 6036 "GET /socket.io/?EIO=4&transport=websocket HTTP/1.1" 404 2392
WARNING 2026-01-05 11:37:02,160 log 13340 8560 Not Found: /socket.io/
WARNING 2026-01-05 11:37:02,162 basehttp 13340 8560 "GET /socket.io/?EIO=4&transport=websocket HTTP/1.1" 404 2392
WARNING 2026-01-05 11:37:09,555 log 13340 9800 Not Found: /socket.io/
WARNING 2026-01-05 11:37:09,555 basehttp 13340 9800 "GET /socket.io/?EIO=4&transport=websocket HTTP/1.1" 404 2392
WARNING 2026-01-05 11:37:18,084 log 13340 21328 Not Found: /socket.io/
WARNING 2026-01-05 11:37:18,084 basehttp 13340 21328 "GET /socket.io/?EIO=4&transport=websocket HTTP/1.1" 404 2392
WARNING 2026-01-05 11:37:26,907 log 13340 23736 Not Found: /socket.io/
WARNING 2026-01-05 11:37:26,907 basehttp 13340 23736 "GET /socket.io/?EIO=4&transport=websocket HTTP/1.1" 404 2392
WARNING 2026-01-05 11:37:36,000 log 13340 3036 Not Found: /socket.io/
WARNING 2026-01-05 11:37:36,000 basehttp 13340 3036 "GET /socket.io/?EIO=4&transport=websocket HTTP/1.1" 404 2392
WARNING 2026-01-05 11:37:45,992 log 13340 19632 Not Found: /socket.io/
WARNING 2026-01-05 11:37:45,993 basehttp 13340 19632 "GET /socket.io/?EIO=4&transport=websocket HTTP/1.1" 404 2392
WARNING 2026-01-05 11:37:54,248 log 13340 24840 Not Found: /socket.io/
WARNING 2026-01-05 11:37:54,248 basehttp 13340 24840 "GET /socket.io/?EIO=4&transport=websocket HTTP/1.1" 404 2392
WARNING 2026-01-05 11:38:04,269 log 13340 12640 Not Found: /socket.io/
WARNING 2026-01-05 11:38:04,270 basehttp 13340 12640 "GET /socket.io/?EIO=4&transport=websocket HTTP/1.1" 404 2392
WARNING 2026-01-05 11:38:13,616 log 13340 17700 Not Found: /socket.io/
WARNING 2026-01-05 11:38:13,618 basehttp 13340 17700 "GET /socket.io/?EIO=4&transport=websocket HTTP/1.1" 404 2392
WARNING 2026-01-05 11:38:20,631 log 13340 24508 Not Found: /socket.io/
WARNING 2026-01-05 11:38:20,631 basehttp 13340 24508 "GET /socket.io/?EIO=4&transport=websocket HTTP/1.1" 404 2392
WARNING 2026-01-05 11:38:30,481 log 13340 2056 Not Found: /socket.io/
WARNING 2026-01-05 11:38:30,481 basehttp 13340 2056 "GET /socket.io/?EIO=4&transport=websocket HTTP/1.1" 404 2392
WARNING 2026-01-05 11:38:36,331 log 13340 6428 Not Found: /socket.io/
WARNING 2026-01-05 11:38:36,332 basehttp 13340 6428 "GET /socket.io/?EIO=4&transport=websocket HTTP/1.1" 404 2392
WARNING 2026-01-05 11:38:42,330 log 13340 23980 Not Found: /socket.io/
WARNING 2026-01-05 11:38:42,331 basehttp 13340 23980 "GET /socket.io/?EIO=4&transport=websocket HTTP/1.1" 404 2392
WARNING 2026-01-05 11:38:48,322 log 13340 23924 Not Found: /socket.io/
WARNING 2026-01-05 11:38:48,323 basehttp 13340 23924 "GET /socket.io/?EIO=4&transport=websocket HTTP/1.1" 404 2392
WARNING 2026-01-05 11:38:54,330 log 13340 25540 Not Found: /socket.io/
WARNING 2026-01-05 11:38:54,330 basehttp 13340 25540 "GET /socket.io/?EIO=4&transport=websocket HTTP/1.1" 404 2392
WARNING 2026-01-05 11:39:00,345 log 13340 9036 Not Found: /socket.io/
WARNING 2026-01-05 11:39:00,345 basehttp 13340 9036 "GET /socket.io/?EIO=4&transport=websocket HTTP/1.1" 404 2392
WARNING 2026-01-05 11:39:06,345 log 13340 9104 Not Found: /socket.io/
WARNING 2026-01-05 11:39:06,345 basehttp 13340 9104 "GET /socket.io/?EIO=4&transport=websocket HTTP/1.1" 404 2392
WARNING 2026-01-05 11:39:12,337 log 13340 1716 Not Found: /socket.io/
WARNING 2026-01-05 11:39:12,337 basehttp 13340 1716 "GET /socket.io/?EIO=4&transport=websocket HTTP/1.1" 404 2392
WARNING 2026-01-05 11:39:18,343 log 13340 22488 Not Found: /socket.io/
WARNING 2026-01-05 11:39:18,343 basehttp 13340 22488 "GET /socket.io/?EIO=4&transport=websocket HTTP/1.1" 404 2392
WARNING 2026-01-05 11:39:24,362 log 13340 8736 Not Found: /socket.io/
WARNING 2026-01-05 11:39:24,362 basehttp 13340 8736 "GET /socket.io/?EIO=4&transport=websocket HTTP/1.1" 404 2392
WARNING 2026-01-05 11:39:30,350 log 13340 23400 Not Found: /socket.io/
WARNING 2026-01-05 11:39:30,350 basehttp 13340 23400 "GET /socket.io/?EIO=4&transport=websocket HTTP/1.1" 404 2392
WARNING 2026-01-05 11:39:36,418 log 13340 2616 Not Found: /socket.io/
WARNING 2026-01-05 11:39:36,418 basehttp 13340 2616 "GET /socket.io/?EIO=4&transport=websocket HTTP/1.1" 404 2392
WARNING 2026-01-05 11:39:42,363 log 13340 25432 Not Found: /socket.io/
WARNING 2026-01-05 11:39:42,364 basehttp 13340 25432 "GET /socket.io/?EIO=4&transport=websocket HTTP/1.1" 404 2392
WARNING 2026-01-05 11:39:48,409 log 13340 24936 Not Found: /socket.io/
WARNING 2026-01-05 11:39:48,410 basehttp 13340 24936 "GET /socket.io/?EIO=4&transport=websocket HTTP/1.1" 404 2392
WARNING 2026-01-05 11:39:54,821 log 13340 25244 Not Found: /socket.io/
WARNING 2026-01-05 11:39:54,822 basehttp 13340 25244 "GET /socket.io/?EIO=4&transport=websocket HTTP/1.1" 404 2392
WARNING 2026-01-05 11:40:01,366 log 13340 2932 Not Found: /socket.io/
WARNING 2026-01-05 11:40:01,367 basehttp 13340 2932 "GET /socket.io/?EIO=4&transport=websocket HTTP/1.1" 404 2392
WARNING 2026-01-05 11:40:09,105 log 13340 24976 Not Found: /socket.io/
WARNING 2026-01-05 11:40:09,105 basehttp 13340 24976 "GET /socket.io/?EIO=4&transport=websocket HTTP/1.1" 404 2392
WARNING 2026-01-05 11:40:19,363 log 13340 10144 Not Found: /socket.io/
WARNING 2026-01-05 11:40:19,364 basehttp 13340 10144 "GET /socket.io/?EIO=4&transport=websocket HTTP/1.1" 404 2392
WARNING 2026-01-05 11:40:27,786 log 13340 25100 Not Found: /socket.io/
WARNING 2026-01-05 11:40:27,786 basehttp 13340 25100 "GET /socket.io/?EIO=4&transport=websocket HTTP/1.1" 404 2392
WARNING 2026-01-05 11:40:36,810 log 13340 24420 Not Found: /socket.io/
WARNING 2026-01-05 11:40:36,811 basehttp 13340 24420 "GET /socket.io/?EIO=4&transport=websocket HTTP/1.1" 404 2392
WARNING 2026-01-05 11:40:46,231 log 13340 12380 Not Found: /socket.io/
WARNING 2026-01-05 11:40:46,232 basehttp 13340 12380 "GET /socket.io/?EIO=4&transport=websocket HTTP/1.1" 404 2392
WARNING 2026-01-05 11:40:54,789 log 13340 5608 Not Found: /socket.io/
WARNING 2026-01-05 11:40:54,790 basehttp 13340 5608 "GET /socket.io/?EIO=4&transport=websocket HTTP/1.1" 404 2392
WARNING 2026-01-05 11:41:03,970 log 13340 17108 Not Found: /socket.io/
WARNING 2026-01-05 11:41:03,971 basehttp 13340 17108 "GET /socket.io/?EIO=4&transport=websocket HTTP/1.1" 404 2392
WARNING 2026-01-05 11:41:11,822 log 13340 21764 Not Found: /socket.io/
WARNING 2026-01-05 11:41:11,822 basehttp 13340 21764 "GET /socket.io/?EIO=4&transport=websocket HTTP/1.1" 404 2392
WARNING 2026-01-05 11:41:21,780 log 13340 6480 Not Found: /socket.io/
WARNING 2026-01-05 11:41:21,781 basehttp 13340 6480 "GET /socket.io/?EIO=4&transport=websocket HTTP/1.1" 404 2392
WARNING 2026-01-05 11:41:31,765 log 13340 13516 Not Found: /socket.io/
WARNING 2026-01-05 11:41:31,765 basehttp 13340 13516 "GET /socket.io/?EIO=4&transport=websocket HTTP/1.1" 404 2392
WARNING 2026-01-05 11:41:41,407 log 13340 14616 Not Found: /socket.io/
WARNING 2026-01-05 11:41:41,408 basehttp 13340 14616 "GET /socket.io/?EIO=4&transport=websocket HTTP/1.1" 404 2392
WARNING 2026-01-05 11:41:52,048 log 13340 23944 Not Found: /socket.io/
WARNING 2026-01-05 11:41:52,049 basehttp 13340 23944 "GET /socket.io/?EIO=4&transport=websocket HTTP/1.1" 404 2392
WARNING 2026-01-05 11:42:02,341 log 13340 12140 Not Found: /socket.io/
WARNING 2026-01-05 11:42:02,341 basehttp 13340 12140 "GET /socket.io/?EIO=4&transport=websocket HTTP/1.1" 404 2392
WARNING 2026-01-05 11:42:12,487 log 13340 14340 Not Found: /socket.io/
WARNING 2026-01-05 11:42:12,488 basehttp 13340 14340 "GET /socket.io/?EIO=4&transport=websocket HTTP/1.1" 404 2392
WARNING 2026-01-05 11:42:22,069 log 13340 17912 Not Found: /socket.io/
WARNING 2026-01-05 11:42:22,070 basehttp 13340 17912 "GET /socket.io/?EIO=4&transport=websocket HTTP/1.1" 404 2392
WARNING 2026-01-05 11:42:31,632 log 13340 18380 Not Found: /socket.io/
WARNING 2026-01-05 11:42:31,632 basehttp 13340 18380 "GET /socket.io/?EIO=4&transport=websocket HTTP/1.1" 404 2392
WARNING 2026-01-05 11:42:37,321 log 13340 23636 Not Found: /socket.io/
WARNING 2026-01-05 11:42:37,322 basehttp 13340 23636 "GET /socket.io/?EIO=4&transport=websocket HTTP/1.1" 404 2392
WARNING 2026-01-05 11:42:43,323 log 13340 25388 Not Found: /socket.io/
WARNING 2026-01-05 11:42:43,324 basehttp 13340 25388 "GET /socket.io/?EIO=4&transport=websocket HTTP/1.1" 404 2392
WARNING 2026-01-05 11:42:49,333 log 13340 12808 Not Found: /socket.io/
WARNING 2026-01-05 11:42:49,333 basehttp 13340 12808 "GET /socket.io/?EIO=4&transport=websocket HTTP/1.1" 404 2392
WARNING 2026-01-05 11:42:55,319 log 13340 23244 Not Found: /socket.io/
WARNING 2026-01-05 11:42:55,319 basehttp 13340 23244 "GET /socket.io/?EIO=4&transport=websocket HTTP/1.1" 404 2392
WARNING 2026-01-05 11:43:01,332 log 13340 3080 Not Found: /socket.io/
WARNING 2026-01-05 11:43:01,332 basehttp 13340 3080 "GET /socket.io/?EIO=4&transport=websocket HTTP/1.1" 404 2392
WARNING 2026-01-05 11:43:07,330 log 13340 16776 Not Found: /socket.io/
WARNING 2026-01-05 11:43:07,331 basehttp 13340 16776 "GET /socket.io/?EIO=4&transport=websocket HTTP/1.1" 404 2392
WARNING 2026-01-05 11:43:13,339 log 13340 17956 Not Found: /socket.io/
WARNING 2026-01-05 11:43:13,340 basehttp 13340 17956 "GET /socket.io/?EIO=4&transport=websocket HTTP/1.1" 404 2392
WARNING 2026-01-05 11:43:19,350 log 13340 24508 Not Found: /socket.io/
WARNING 2026-01-05 11:43:19,352 basehttp 13340 24508 "GET /socket.io/?EIO=4&transport=websocket HTTP/1.1" 404 2392
WARNING 2026-01-05 11:43:25,354 log 13340 15400 Not Found: /socket.io/
WARNING 2026-01-05 11:43:25,355 basehttp 13340 15400 "GET /socket.io/?EIO=4&transport=websocket HTTP/1.1" 404 2392
WARNING 2026-01-05 11:43:31,359 log 13340 19312 Not Found: /socket.io/
WARNING 2026-01-05 11:43:31,361 basehttp 13340 19312 "GET /socket.io/?EIO=4&transport=websocket HTTP/1.1" 404 2392
WARNING 2026-01-05 11:43:37,369 log 13340 23304 Not Found: /socket.io/
WARNING 2026-01-05 11:43:37,371 basehttp 13340 23304 "GET /socket.io/?EIO=4&transport=websocket HTTP/1.1" 404 2392
WARNING 2026-01-05 11:43:43,398 log 13340 5716 Not Found: /socket.io/
WARNING 2026-01-05 11:43:43,399 basehttp 13340 5716 "GET /socket.io/?EIO=4&transport=websocket HTTP/1.1" 404 2392
WARNING 2026-01-05 11:43:49,617 log 13340 23868 Not Found: /socket.io/
WARNING 2026-01-05 11:43:49,618 basehttp 13340 23868 "GET /socket.io/?EIO=4&transport=websocket HTTP/1.1" 404 2392
WARNING 2026-01-05 11:43:55,589 log 13340 12076 Not Found: /socket.io/
WARNING 2026-01-05 11:43:55,590 basehttp 13340 12076 "GET /socket.io/?EIO=4&transport=websocket HTTP/1.1" 404 2392
WARNING 2026-01-05 11:44:02,525 log 13340 11888 Not Found: /socket.io/
WARNING 2026-01-05 11:44:02,525 basehttp 13340 11888 "GET /socket.io/?EIO=4&transport=websocket HTTP/1.1" 404 2392
WARNING 2026-01-05 11:44:09,645 log 13340 21784 Not Found: /socket.io/
WARNING 2026-01-05 11:44:09,646 basehttp 13340 21784 "GET /socket.io/?EIO=4&transport=websocket HTTP/1.1" 404 2392
WARNING 2026-01-05 11:44:19,879 log 13340 12568 Not Found: /socket.io/
WARNING 2026-01-05 11:44:19,879 basehttp 13340 12568 "GET /socket.io/?EIO=4&transport=websocket HTTP/1.1" 404 2392
WARNING 2026-01-05 11:44:27,422 log 13340 23412 Not Found: /socket.io/
WARNING 2026-01-05 11:44:27,423 basehttp 13340 23412 "GET /socket.io/?EIO=4&transport=websocket HTTP/1.1" 404 2392
WARNING 2026-01-05 11:44:36,277 log 13340 21716 Not Found: /socket.io/
WARNING 2026-01-05 11:44:36,278 basehttp 13340 21716 "GET /socket.io/?EIO=4&transport=websocket HTTP/1.1" 404 2392
WARNING 2026-01-05 11:44:42,317 log 13340 23992 Not Found: /socket.io/
WARNING 2026-01-05 11:44:42,318 basehttp 13340 23992 "GET /socket.io/?EIO=4&transport=websocket HTTP/1.1" 404 2392
WARNING 2026-01-05 11:44:48,323 log 13340 19720 Not Found: /socket.io/
WARNING 2026-01-05 11:44:48,325 basehttp 13340 19720 "GET /socket.io/?EIO=4&transport=websocket HTTP/1.1" 404 2392
WARNING 2026-01-05 11:44:54,326 log 13340 7940 Not Found: /socket.io/
WARNING 2026-01-05 11:44:54,327 basehttp 13340 7940 "GET /socket.io/?EIO=4&transport=websocket HTTP/1.1" 404 2392
WARNING 2026-01-05 11:45:00,319 log 13340 9104 Not Found: /socket.io/
WARNING 2026-01-05 11:45:00,319 basehttp 13340 9104 "GET /socket.io/?EIO=4&transport=websocket HTTP/1.1" 404 2392
WARNING 2026-01-05 11:45:06,324 log 13340 16288 Not Found: /socket.io/
WARNING 2026-01-05 11:45:06,325 basehttp 13340 16288 "GET /socket.io/?EIO=4&transport=websocket HTTP/1.1" 404 2392
WARNING 2026-01-05 11:45:12,331 log 13340 11300 Not Found: /socket.io/
WARNING 2026-01-05 11:45:12,332 basehttp 13340 11300 "GET /socket.io/?EIO=4&transport=websocket HTTP/1.1" 404 2392
WARNING 2026-01-05 11:45:18,334 log 13340 22364 Not Found: /socket.io/
WARNING 2026-01-05 11:45:18,334 basehttp 13340 22364 "GET /socket.io/?EIO=4&transport=websocket HTTP/1.1" 404 2392
WARNING 2026-01-05 11:45:24,343 log 13340 1972 Not Found: /socket.io/
WARNING 2026-01-05 11:45:24,344 basehttp 13340 1972 "GET /socket.io/?EIO=4&transport=websocket HTTP/1.1" 404 2392
WARNING 2026-01-05 11:45:30,358 log 13340 23708 Not Found: /socket.io/
WARNING 2026-01-05 11:45:30,359 basehttp 13340 23708 "GET /socket.io/?EIO=4&transport=websocket HTTP/1.1" 404 2392
WARNING 2026-01-05 11:45:36,362 log 13340 24812 Not Found: /socket.io/
WARNING 2026-01-05 11:45:36,362 basehttp 13340 24812 "GET /socket.io/?EIO=4&transport=websocket HTTP/1.1" 404 2392
WARNING 2026-01-05 11:45:42,392 log 13340 23672 Not Found: /socket.io/
WARNING 2026-01-05 11:45:42,393 basehttp 13340 23672 "GET /socket.io/?EIO=4&transport=websocket HTTP/1.1" 404 2392
WARNING 2026-01-05 11:45:48,485 log 13340 24824 Not Found: /socket.io/
WARNING 2026-01-05 11:45:48,486 basehttp 13340 24824 "GET /socket.io/?EIO=4&transport=websocket HTTP/1.1" 404 2392
WARNING 2026-01-05 11:45:54,455 log 13340 22620 Not Found: /socket.io/
WARNING 2026-01-05 11:45:54,455 basehttp 13340 22620 "GET /socket.io/?EIO=4&transport=websocket HTTP/1.1" 404 2392
WARNING 2026-01-05 11:46:00,676 log 13340 8528 Not Found: /socket.io/
WARNING 2026-01-05 11:46:00,677 basehttp 13340 8528 "GET /socket.io/?EIO=4&transport=websocket HTTP/1.1" 404 2392
WARNING 2026-01-05 11:46:06,665 log 13340 18628 Not Found: /socket.io/
WARNING 2026-01-05 11:46:06,665 basehttp 13340 18628 "GET /socket.io/?EIO=4&transport=websocket HTTP/1.1" 404 2392
WARNING 2026-01-05 11:46:13,128 log 13340 17200 Not Found: /socket.io/
WARNING 2026-01-05 11:46:13,129 basehttp 13340 17200 "GET /socket.io/?EIO=4&transport=websocket HTTP/1.1" 404 2392
WARNING 2026-01-05 11:46:22,565 log 13340 8676 Not Found: /socket.io/
WARNING 2026-01-05 11:46:22,566 basehttp 13340 8676 "GET /socket.io/?EIO=4&transport=websocket HTTP/1.1" 404 2392
WARNING 2026-01-05 11:46:31,568 log 13340 12892 Not Found: /socket.io/
WARNING 2026-01-05 11:46:31,570 basehttp 13340 12892 "GET /socket.io/?EIO=4&transport=websocket HTTP/1.1" 404 2392
WARNING 2026-01-05 11:46:38,640 log 13340 5504 Not Found: /socket.io/
WARNING 2026-01-05 11:46:38,641 basehttp 13340 5504 "GET /socket.io/?EIO=4&transport=websocket HTTP/1.1" 404 2392
WARNING 2026-01-05 11:46:44,317 log 13340 22916 Not Found: /socket.io/
WARNING 2026-01-05 11:46:44,317 basehttp 13340 22916 "GET /socket.io/?EIO=4&transport=websocket HTTP/1.1" 404 2392
WARNING 2026-01-05 11:46:50,334 log 13340 12172 Not Found: /socket.io/
WARNING 2026-01-05 11:46:50,335 basehttp 13340 12172 "GET /socket.io/?EIO=4&transport=websocket HTTP/1.1" 404 2392
WARNING 2026-01-05 11:46:56,329 log 13340 24128 Not Found: /socket.io/
WARNING 2026-01-05 11:46:56,330 basehttp 13340 24128 "GET /socket.io/?EIO=4&transport=websocket HTTP/1.1" 404 2392
WARNING 2026-01-05 11:47:02,323 log 13340 19188 Not Found: /socket.io/
WARNING 2026-01-05 11:47:02,323 basehttp 13340 19188 "GET /socket.io/?EIO=4&transport=websocket HTTP/1.1" 404 2392
WARNING 2026-01-05 11:47:08,328 log 13340 1664 Not Found: /socket.io/
WARNING 2026-01-05 11:47:08,328 basehttp 13340 1664 "GET /socket.io/?EIO=4&transport=websocket HTTP/1.1" 404 2392
WARNING 2026-01-05 11:47:14,341 log 13340 6012 Not Found: /socket.io/
WARNING 2026-01-05 11:47:14,342 basehttp 13340 6012 "GET /socket.io/?EIO=4&transport=websocket HTTP/1.1" 404 2392
WARNING 2026-01-05 11:47:20,354 log 13340 6584 Not Found: /socket.io/
WARNING 2026-01-05 11:47:20,355 basehttp 13340 6584 "GET /socket.io/?EIO=4&transport=websocket HTTP/1.1" 404 2392
WARNING 2026-01-05 11:47:26,331 log 13340 8752 Not Found: /socket.io/
WARNING 2026-01-05 11:47:26,332 basehttp 13340 8752 "GET /socket.io/?EIO=4&transport=websocket HTTP/1.1" 404 2392
WARNING 2026-01-05 11:47:32,332 log 13340 14616 Not Found: /socket.io/
WARNING 2026-01-05 11:47:32,332 basehttp 13340 14616 "GET /socket.io/?EIO=4&transport=websocket HTTP/1.1" 404 2392
WARNING 2026-01-05 11:47:38,351 log 13340 21828 Not Found: /socket.io/
WARNING 2026-01-05 11:47:38,351 basehttp 13340 21828 "GET /socket.io/?EIO=4&transport=websocket HTTP/1.1" 404 2392
WARNING 2026-01-05 11:47:44,366 log 13340 14456 Not Found: /socket.io/
WARNING 2026-01-05 11:47:44,367 basehttp 13340 14456 "GET /socket.io/?EIO=4&transport=websocket HTTP/1.1" 404 2392
WARNING 2026-01-05 11:47:50,379 log 13340 23204 Not Found: /socket.io/
WARNING 2026-01-05 11:47:50,380 basehttp 13340 23204 "GET /socket.io/?EIO=4&transport=websocket HTTP/1.1" 404 2392
WARNING 2026-01-05 11:47:56,497 log 13340 25212 Not Found: /socket.io/
WARNING 2026-01-05 11:47:56,497 basehttp 13340 25212 "GET /socket.io/?EIO=4&transport=websocket HTTP/1.1" 404 2392
WARNING 2026-01-05 11:48:02,722 log 13340 23024 Not Found: /socket.io/
WARNING 2026-01-05 11:48:02,722 basehttp 13340 23024 "GET /socket.io/?EIO=4&transport=websocket HTTP/1.1" 404 2392
WARNING 2026-01-05 11:48:09,581 log 13340 11440 Not Found: /socket.io/
WARNING 2026-01-05 11:48:09,583 basehttp 13340 11440 "GET /socket.io/?EIO=4&transport=websocket HTTP/1.1" 404 2392
WARNING 2026-01-05 11:48:17,568 log 13340 22644 Not Found: /socket.io/
WARNING 2026-01-05 11:48:17,568 basehttp 13340 22644 "GET /socket.io/?EIO=4&transport=websocket HTTP/1.1" 404 2392
WARNING 2026-01-05 11:48:25,695 log 13340 24924 Not Found: /socket.io/
WARNING 2026-01-05 11:48:25,697 basehttp 13340 24924 "GET /socket.io/?EIO=4&transport=websocket HTTP/1.1" 404 2392
WARNING 2026-01-05 11:48:34,328 log 13340 20404 Not Found: /socket.io/
WARNING 2026-01-05 11:48:34,329 basehttp 13340 20404 "GET /socket.io/?EIO=4&transport=websocket HTTP/1.1" 404 2392
WARNING 2026-01-05 11:48:44,913 log 13340 22188 Not Found: /socket.io/
WARNING 2026-01-05 11:48:44,915 basehttp 13340 22188 "GET /socket.io/?EIO=4&transport=websocket HTTP/1.1" 404 2392
WARNING 2026-01-05 11:48:51,473 log 13340 15044 Not Found: /socket.io/
WARNING 2026-01-05 11:48:51,473 basehttp 13340 15044 "GET /socket.io/?EIO=4&transport=websocket HTTP/1.1" 404 2392
WARNING 2026-01-05 11:48:59,252 log 13340 8340 Not Found: /socket.io/
WARNING 2026-01-05 11:48:59,253 basehttp 13340 8340 "GET /socket.io/?EIO=4&transport=websocket HTTP/1.1" 404 2392
WARNING 2026-01-05 11:49:08,376 log 13340 11464 Not Found: /socket.io/
WARNING 2026-01-05 11:49:08,377 basehttp 13340 11464 "GET /socket.io/?EIO=4&transport=websocket HTTP/1.1" 404 2392
WARNING 2026-01-05 11:49:15,971 log 13340 24256 Not Found: /socket.io/
WARNING 2026-01-05 11:49:15,972 basehttp 13340 24256 "GET /socket.io/?EIO=4&transport=websocket HTTP/1.1" 404 2392
WARNING 2026-01-05 11:49:23,246 log 13340 21860 Not Found: /socket.io/
WARNING 2026-01-05 11:49:23,247 basehttp 13340 21860 "GET /socket.io/?EIO=4&transport=websocket HTTP/1.1" 404 2392
WARNING 2026-01-05 11:49:34,029 log 13340 13424 Not Found: /socket.io/
WARNING 2026-01-05 11:49:34,030 basehttp 13340 13424 "GET /socket.io/?EIO=4&transport=websocket HTTP/1.1" 404 2392
WARNING 2026-01-05 11:49:44,956 log 13340 24680 Not Found: /socket.io/
WARNING 2026-01-05 11:49:44,957 basehttp 13340 24680 "GET /socket.io/?EIO=4&transport=websocket HTTP/1.1" 404 2392
WARNING 2026-01-05 11:49:53,954 log 13340 22980 Not Found: /socket.io/
WARNING 2026-01-05 11:49:53,955 basehttp 13340 22980 "GET /socket.io/?EIO=4&transport=websocket HTTP/1.1" 404 2392
WARNING 2026-01-05 11:50:03,367 log 13340 23772 Not Found: /socket.io/
WARNING 2026-01-05 11:50:03,368 basehttp 13340 23772 "GET /socket.io/?EIO=4&transport=websocket HTTP/1.1" 404 2392
WARNING 2026-01-05 11:50:13,273 log 13340 4268 Not Found: /socket.io/
WARNING 2026-01-05 11:50:13,274 basehttp 13340 4268 "GET /socket.io/?EIO=4&transport=websocket HTTP/1.1" 404 2392
WARNING 2026-01-05 11:50:24,212 log 13340 23312 Not Found: /socket.io/
WARNING 2026-01-05 11:50:24,212 basehttp 13340 23312 "GET /socket.io/?EIO=4&transport=websocket HTTP/1.1" 404 2392
WARNING 2026-01-05 11:50:33,667 log 13340 22220 Not Found: /socket.io/
WARNING 2026-01-05 11:50:33,668 basehttp 13340 22220 "GET /socket.io/?EIO=4&transport=websocket HTTP/1.1" 404 2392
WARNING 2026-01-05 11:50:43,440 log 13340 4004 Not Found: /socket.io/
WARNING 2026-01-05 11:50:43,441 basehttp 13340 4004 "GET /socket.io/?EIO=4&transport=websocket HTTP/1.1" 404 2392
WARNING 2026-01-05 11:50:49,936 log 13340 2916 Not Found: /socket.io/
WARNING 2026-01-05 11:50:49,937 basehttp 13340 2916 "GET /socket.io/?EIO=4&transport=websocket HTTP/1.1" 404 2392
WARNING 2026-01-05 11:50:56,905 log 13340 620 Not Found: /socket.io/
WARNING 2026-01-05 11:50:56,905 basehttp 13340 620 "GET /socket.io/?EIO=4&transport=websocket HTTP/1.1" 404 2392
WARNING 2026-01-05 11:51:03,653 log 13340 25052 Not Found: /socket.io/
WARNING 2026-01-05 11:51:03,655 basehttp 13340 25052 "GET /socket.io/?EIO=4&transport=websocket HTTP/1.1" 404 2392
WARNING 2026-01-05 11:51:13,690 log 13340 23584 Not Found: /socket.io/
WARNING 2026-01-05 11:51:13,691 basehttp 13340 23584 "GET /socket.io/?EIO=4&transport=websocket HTTP/1.1" 404 2392
WARNING 2026-01-05 11:51:21,222 log 13340 21836 Not Found: /socket.io/
WARNING 2026-01-05 11:51:21,223 basehttp 13340 21836 "GET /socket.io/?EIO=4&transport=websocket HTTP/1.1" 404 2392
WARNING 2026-01-05 11:51:31,911 log 13340 8408 Not Found: /socket.io/
WARNING 2026-01-05 11:51:31,912 basehttp 13340 8408 "GET /socket.io/?EIO=4&transport=websocket HTTP/1.1" 404 2392
WARNING 2026-01-05 11:51:40,683 log 13340 18504 Not Found: /socket.io/
WARNING 2026-01-05 11:51:40,684 basehttp 13340 18504 "GET /socket.io/?EIO=4&transport=websocket HTTP/1.1" 404 2392
WARNING 2026-01-05 11:51:48,633 log 13340 9040 Not Found: /socket.io/
WARNING 2026-01-05 11:51:48,634 basehttp 13340 9040 "GET /socket.io/?EIO=4&transport=websocket HTTP/1.1" 404 2392
WARNING 2026-01-05 11:51:57,426 log 13340 24176 Not Found: /socket.io/
WARNING 2026-01-05 11:51:57,426 basehttp 13340 24176 "GET /socket.io/?EIO=4&transport=websocket HTTP/1.1" 404 2392
WARNING 2026-01-05 11:52:06,351 log 13340 6392 Not Found: /socket.io/
WARNING 2026-01-05 11:52:06,351 basehttp 13340 6392 "GET /socket.io/?EIO=4&transport=websocket HTTP/1.1" 404 2392
WARNING 2026-01-05 11:52:13,635 log 13340 22840 Not Found: /socket.io/
WARNING 2026-01-05 11:52:13,636 basehttp 13340 22840 "GET /socket.io/?EIO=4&transport=websocket HTTP/1.1" 404 2392
WARNING 2026-01-05 11:52:23,775 log 13340 15508 Not Found: /socket.io/
WARNING 2026-01-05 11:52:23,775 basehttp 13340 15508 "GET /socket.io/?EIO=4&transport=websocket HTTP/1.1" 404 2392
WARNING 2026-01-05 11:52:32,935 log 13340 24544 Not Found: /socket.io/
WARNING 2026-01-05 11:52:32,936 basehttp 13340 24544 "GET /socket.io/?EIO=4&transport=websocket HTTP/1.1" 404 2392
WARNING 2026-01-05 11:52:40,684 log 13340 22140 Not Found: /socket.io/
WARNING 2026-01-05 11:52:40,684 basehttp 13340 22140 "GET /socket.io/?EIO=4&transport=websocket HTTP/1.1" 404 2392
WARNING 2026-01-05 11:52:46,327 log 13340 352 Not Found: /socket.io/
WARNING 2026-01-05 11:52:46,327 basehttp 13340 352 "GET /socket.io/?EIO=4&transport=websocket HTTP/1.1" 404 2392
WARNING 2026-01-05 11:52:52,315 log 13340 23640 Not Found: /socket.io/
WARNING 2026-01-05 11:52:52,315 basehttp 13340 23640 "GET /socket.io/?EIO=4&transport=websocket HTTP/1.1" 404 2392
WARNING 2026-01-05 11:52:58,323 log 13340 13472 Not Found: /socket.io/
WARNING 2026-01-05 11:52:58,324 basehttp 13340 13472 "GET /socket.io/?EIO=4&transport=websocket HTTP/1.1" 404 2392
WARNING 2026-01-05 11:53:04,330 log 13340 5768 Not Found: /socket.io/
WARNING 2026-01-05 11:53:04,331 basehttp 13340 5768 "GET /socket.io/?EIO=4&transport=websocket HTTP/1.1" 404 2392
WARNING 2026-01-05 11:53:10,331 log 13340 12904 Not Found: /socket.io/
WARNING 2026-01-05 11:53:10,332 basehttp 13340 12904 "GET /socket.io/?EIO=4&transport=websocket HTTP/1.1" 404 2392
WARNING 2026-01-05 11:53:16,345 log 13340 20664 Not Found: /socket.io/
WARNING 2026-01-05 11:53:16,345 basehttp 13340 20664 "GET /socket.io/?EIO=4&transport=websocket HTTP/1.1" 404 2392
WARNING 2026-01-05 11:53:22,346 log 13340 5124 Not Found: /socket.io/
WARNING 2026-01-05 11:53:22,347 basehttp 13340 5124 "GET /socket.io/?EIO=4&transport=websocket HTTP/1.1" 404 2392
WARNING 2026-01-05 11:53:28,335 log 13340 11588 Not Found: /socket.io/
WARNING 2026-01-05 11:53:28,336 basehttp 13340 11588 "GET /socket.io/?EIO=4&transport=websocket HTTP/1.1" 404 2392
WARNING 2026-01-05 11:53:34,351 log 13340 25528 Not Found: /socket.io/
WARNING 2026-01-05 11:53:34,352 basehttp 13340 25528 "GET /socket.io/?EIO=4&transport=websocket HTTP/1.1" 404 2392
WARNING 2026-01-05 11:53:40,341 log 13340 7648 Not Found: /socket.io/
WARNING 2026-01-05 11:53:40,342 basehttp 13340 7648 "GET /socket.io/?EIO=4&transport=websocket HTTP/1.1" 404 2392
WARNING 2026-01-05 11:53:46,373 log 13340 19352 Not Found: /socket.io/
WARNING 2026-01-05 11:53:46,373 basehttp 13340 19352 "GET /socket.io/?EIO=4&transport=websocket HTTP/1.1" 404 2392
WARNING 2026-01-05 11:53:52,395 log 13340 456 Not Found: /socket.io/
WARNING 2026-01-05 11:53:52,396 basehttp 13340 456 "GET /socket.io/?EIO=4&transport=websocket HTTP/1.1" 404 2392
WARNING 2026-01-05 11:53:58,599 log 13340 14396 Not Found: /socket.io/
WARNING 2026-01-05 11:53:58,600 basehttp 13340 14396 "GET /socket.io/?EIO=4&transport=websocket HTTP/1.1" 404 2392
WARNING 2026-01-05 11:54:04,679 log 13340 8752 Not Found: /socket.io/
WARNING 2026-01-05 11:54:04,679 basehttp 13340 8752 "GET /socket.io/?EIO=4&transport=websocket HTTP/1.1" 404 2392
WARNING 2026-01-05 11:54:10,687 log 13340 6220 Not Found: /socket.io/
WARNING 2026-01-05 11:54:10,688 basehttp 13340 6220 "GET /socket.io/?EIO=4&transport=websocket HTTP/1.1" 404 2392
WARNING 2026-01-05 11:54:18,269 log 13340 21668 Not Found: /socket.io/
WARNING 2026-01-05 11:54:18,270 basehttp 13340 21668 "GET /socket.io/?EIO=4&transport=websocket HTTP/1.1" 404 2392
WARNING 2026-01-05 11:54:27,507 log 13340 3232 Not Found: /socket.io/
WARNING 2026-01-05 11:54:27,508 basehttp 13340 3232 "GET /socket.io/?EIO=4&transport=websocket HTTP/1.1" 404 2392
WARNING 2026-01-05 11:54:38,303 log 13340 2808 Not Found: /socket.io/
WARNING 2026-01-05 11:54:38,304 basehttp 13340 2808 "GET /socket.io/?EIO=4&transport=websocket HTTP/1.1" 404 2392
WARNING 2026-01-05 11:54:46,782 log 13340 23944 Not Found: /socket.io/
WARNING 2026-01-05 11:54:46,783 basehttp 13340 23944 "GET /socket.io/?EIO=4&transport=websocket HTTP/1.1" 404 2392
WARNING 2026-01-05 11:54:57,015 log 13340 24568 Not Found: /socket.io/
WARNING 2026-01-05 11:54:57,016 basehttp 13340 24568 "GET /socket.io/?EIO=4&transport=websocket HTTP/1.1" 404 2392
WARNING 2026-01-05 11:55:05,709 log 13340 21200 Not Found: /socket.io/
WARNING 2026-01-05 11:55:05,709 basehttp 13340 21200 "GET /socket.io/?EIO=4&transport=websocket HTTP/1.1" 404 2392
WARNING 2026-01-05 11:55:14,332 log 13340 5852 Not Found: /socket.io/
WARNING 2026-01-05 11:55:14,333 basehttp 13340 5852 "GET /socket.io/?EIO=4&transport=websocket HTTP/1.1" 404 2392
WARNING 2026-01-05 11:55:22,056 log 13340 17676 Not Found: /socket.io/
WARNING 2026-01-05 11:55:22,057 basehttp 13340 17676 "GET /socket.io/?EIO=4&transport=websocket HTTP/1.1" 404 2392
WARNING 2026-01-05 11:55:30,776 log 13340 7884 Not Found: /socket.io/
WARNING 2026-01-05 11:55:30,778 basehttp 13340 7884 "GET /socket.io/?EIO=4&transport=websocket HTTP/1.1" 404 2392
WARNING 2026-01-05 11:55:37,475 log 13340 20296 Not Found: /socket.io/
WARNING 2026-01-05 11:55:37,475 basehttp 13340 20296 "GET /socket.io/?EIO=4&transport=websocket HTTP/1.1" 404 2392
WARNING 2026-01-05 11:55:46,883 log 13340 23416 Not Found: /socket.io/
WARNING 2026-01-05 11:55:46,884 basehttp 13340 23416 "GET /socket.io/?EIO=4&transport=websocket HTTP/1.1" 404 2392
WARNING 2026-01-05 11:55:55,662 log 13340 15172 Not Found: /socket.io/
WARNING 2026-01-05 11:55:55,662 basehttp 13340 15172 "GET /socket.io/?EIO=4&transport=websocket HTTP/1.1" 404 2392
WARNING 2026-01-05 11:56:06,255 log 13340 21556 Not Found: /socket.io/
WARNING 2026-01-05 11:56:06,255 basehttp 13340 21556 "GET /socket.io/?EIO=4&transport=websocket HTTP/1.1" 404 2392
WARNING 2026-01-05 11:56:16,248 log 13340 16292 Not Found: /socket.io/
WARNING 2026-01-05 11:56:16,249 basehttp 13340 16292 "GET /socket.io/?EIO=4&transport=websocket HTTP/1.1" 404 2392
WARNING 2026-01-05 11:56:25,394 log 13340 19596 Not Found: /socket.io/
WARNING 2026-01-05 11:56:25,394 basehttp 13340 19596 "GET /socket.io/?EIO=4&transport=websocket HTTP/1.1" 404 2392
WARNING 2026-01-05 11:56:33,796 log 13340 6364 Not Found: /socket.io/
WARNING 2026-01-05 11:56:33,797 basehttp 13340 6364 "GET /socket.io/?EIO=4&transport=websocket HTTP/1.1" 404 2392
WARNING 2026-01-05 11:56:41,279 log 13340 21712 Not Found: /socket.io/
WARNING 2026-01-05 11:56:41,279 basehttp 13340 21712 "GET /socket.io/?EIO=4&transport=websocket HTTP/1.1" 404 2392
WARNING 2026-01-05 11:56:47,318 log 13340 13160 Not Found: /socket.io/
WARNING 2026-01-05 11:56:47,319 basehttp 13340 13160 "GET /socket.io/?EIO=4&transport=websocket HTTP/1.1" 404 2392
WARNING 2026-01-05 11:56:53,322 log 13340 2056 Not Found: /socket.io/
WARNING 2026-01-05 11:56:53,323 basehttp 13340 2056 "GET /socket.io/?EIO=4&transport=websocket HTTP/1.1" 404 2392
WARNING 2026-01-05 11:56:59,321 log 13340 20384 Not Found: /socket.io/
WARNING 2026-01-05 11:56:59,321 basehttp 13340 20384 "GET /socket.io/?EIO=4&transport=websocket HTTP/1.1" 404 2392
WARNING 2026-01-05 11:57:05,323 log 13340 2852 Not Found: /socket.io/
WARNING 2026-01-05 11:57:05,324 basehttp 13340 2852 "GET /socket.io/?EIO=4&transport=websocket HTTP/1.1" 404 2392
WARNING 2026-01-05 11:57:11,355 log 13340 9228 Not Found: /socket.io/
WARNING 2026-01-05 11:57:11,356 basehttp 13340 9228 "GET /socket.io/?EIO=4&transport=websocket HTTP/1.1" 404 2392
WARNING 2026-01-05 11:57:17,346 log 13340 7252 Not Found: /socket.io/
WARNING 2026-01-05 11:57:17,346 basehttp 13340 7252 "GET /socket.io/?EIO=4&transport=websocket HTTP/1.1" 404 2392
WARNING 2026-01-05 11:57:23,331 log 13340 4380 Not Found: /socket.io/
WARNING 2026-01-05 11:57:23,331 basehttp 13340 4380 "GET /socket.io/?EIO=4&transport=websocket HTTP/1.1" 404 2392
WARNING 2026-01-05 11:57:29,338 log 13340 16776 Not Found: /socket.io/
WARNING 2026-01-05 11:57:29,339 basehttp 13340 16776 "GET /socket.io/?EIO=4&transport=websocket HTTP/1.1" 404 2392
WARNING 2026-01-05 11:57:35,346 log 13340 22468 Not Found: /socket.io/
WARNING 2026-01-05 11:57:35,347 basehttp 13340 22468 "GET /socket.io/?EIO=4&transport=websocket HTTP/1.1" 404 2392
WARNING 2026-01-05 11:57:41,375 log 13340 22316 Not Found: /socket.io/
WARNING 2026-01-05 11:57:41,375 basehttp 13340 22316 "GET /socket.io/?EIO=4&transport=websocket HTTP/1.1" 404 2392
WARNING 2026-01-05 11:57:47,405 log 13340 8440 Not Found: /socket.io/
WARNING 2026-01-05 11:57:47,406 basehttp 13340 8440 "GET /socket.io/?EIO=4&transport=websocket HTTP/1.1" 404 2392
WARNING 2026-01-05 11:57:53,412 log 13340 1888 Not Found: /socket.io/
WARNING 2026-01-05 11:57:53,412 basehttp 13340 1888 "GET /socket.io/?EIO=4&transport=websocket HTTP/1.1" 404 2392
WARNING 2026-01-05 11:57:59,403 log 13340 14228 Not Found: /socket.io/
WARNING 2026-01-05 11:57:59,403 basehttp 13340 14228 "GET /socket.io/?EIO=4&transport=websocket HTTP/1.1" 404 2392
WARNING 2026-01-05 11:58:05,792 log 13340 13172 Not Found: /socket.io/
WARNING 2026-01-05 11:58:05,793 basehttp 13340 13172 "GET /socket.io/?EIO=4&transport=websocket HTTP/1.1" 404 2392
WARNING 2026-01-05 11:58:11,867 log 13340 17668 Not Found: /socket.io/
WARNING 2026-01-05 11:58:11,868 basehttp 13340 17668 "GET /socket.io/?EIO=4&transport=websocket HTTP/1.1" 404 2392
WARNING 2026-01-05 11:58:19,760 log 13340 4936 Not Found: /socket.io/
WARNING 2026-01-05 11:58:19,760 basehttp 13340 4936 "GET /socket.io/?EIO=4&transport=websocket HTTP/1.1" 404 2392
WARNING 2026-01-05 11:58:27,371 log 13340 3224 Not Found: /socket.io/
WARNING 2026-01-05 11:58:27,371 basehttp 13340 3224 "GET /socket.io/?EIO=4&transport=websocket HTTP/1.1" 404 2392
WARNING 2026-01-05 11:58:35,689 log 13340 17628 Not Found: /socket.io/
WARNING 2026-01-05 11:58:35,690 basehttp 13340 17628 "GET /socket.io/?EIO=4&transport=websocket HTTP/1.1" 404 2392
WARNING 2026-01-05 11:58:46,228 log 13340 5596 Not Found: /socket.io/
WARNING 2026-01-05 11:58:46,229 basehttp 13340 5596 "GET /socket.io/?EIO=4&transport=websocket HTTP/1.1" 404 2392
WARNING 2026-01-05 11:58:52,321 log 13340 16280 Not Found: /socket.io/
WARNING 2026-01-05 11:58:52,321 basehttp 13340 16280 "GET /socket.io/?EIO=4&transport=websocket HTTP/1.1" 404 2392
WARNING 2026-01-05 11:58:58,319 log 13340 14052 Not Found: /socket.io/
WARNING 2026-01-05 11:58:58,319 basehttp 13340 14052 "GET /socket.io/?EIO=4&transport=websocket HTTP/1.1" 404 2392
WARNING 2026-01-05 11:59:04,320 log 13340 18308 Not Found: /socket.io/
WARNING 2026-01-05 11:59:04,321 basehttp 13340 18308 "GET /socket.io/?EIO=4&transport=websocket HTTP/1.1" 404 2392
WARNING 2026-01-05 11:59:10,321 log 13340 20312 Not Found: /socket.io/
WARNING 2026-01-05 11:59:10,321 basehttp 13340 20312 "GET /socket.io/?EIO=4&transport=websocket HTTP/1.1" 404 2392
WARNING 2026-01-05 11:59:16,326 log 13340 19260 Not Found: /socket.io/
WARNING 2026-01-05 11:59:16,326 basehttp 13340 19260 "GET /socket.io/?EIO=4&transport=websocket HTTP/1.1" 404 2392
WARNING 2026-01-05 11:59:22,346 log 13340 23992 Not Found: /socket.io/
WARNING 2026-01-05 11:59:22,346 basehttp 13340 23992 "GET /socket.io/?EIO=4&transport=websocket HTTP/1.1" 404 2392
WARNING 2026-01-05 11:59:28,342 log 13340 20948 Not Found: /socket.io/
WARNING 2026-01-05 11:59:28,343 basehttp 13340 20948 "GET /socket.io/?EIO=4&transport=websocket HTTP/1.1" 404 2392
WARNING 2026-01-05 11:59:34,341 log 13340 21072 Not Found: /socket.io/
WARNING 2026-01-05 11:59:34,343 basehttp 13340 21072 "GET /socket.io/?EIO=4&transport=websocket HTTP/1.1" 404 2392
WARNING 2026-01-05 11:59:40,365 log 13340 6168 Not Found: /socket.io/
WARNING 2026-01-05 11:59:40,368 basehttp 13340 6168 "GET /socket.io/?EIO=4&transport=websocket HTTP/1.1" 404 2392
INFO 2026-01-05 11:59:40,369 basehttp 13340 6168 - Broken pipe from ('127.0.0.1', 50042)
WARNING 2026-01-05 11:59:46,360 log 13340 25404 Not Found: /socket.io/
WARNING 2026-01-05 11:59:46,362 basehttp 13340 25404 "GET /socket.io/?EIO=4&transport=websocket HTTP/1.1" 404 2392
WARNING 2026-01-05 11:59:52,410 log 13340 12532 Not Found: /socket.io/
WARNING 2026-01-05 11:59:52,411 basehttp 13340 12532 "GET /socket.io/?EIO=4&transport=websocket HTTP/1.1" 404 2392
WARNING 2026-01-05 11:59:58,455 log 13340 19036 Not Found: /socket.io/
WARNING 2026-01-05 11:59:58,455 basehttp 13340 19036 "GET /socket.io/?EIO=4&transport=websocket HTTP/1.1" 404 2392
WARNING 2026-01-05 12:00:04,546 log 13340 24740 Not Found: /socket.io/
WARNING 2026-01-05 12:00:04,546 basehttp 13340 24740 "GET /socket.io/?EIO=4&transport=websocket HTTP/1.1" 404 2392
WARNING 2026-01-05 12:00:10,715 log 13340 23196 Not Found: /socket.io/
WARNING 2026-01-05 12:00:10,716 basehttp 13340 23196 "GET /socket.io/?EIO=4&transport=websocket HTTP/1.1" 404 2392
WARNING 2026-01-05 12:00:17,021 log 13340 14340 Not Found: /socket.io/
WARNING 2026-01-05 12:00:17,022 basehttp 13340 14340 "GET /socket.io/?EIO=4&transport=websocket HTTP/1.1" 404 2392
WARNING 2026-01-05 12:00:25,642 log 13340 5132 Not Found: /socket.io/
WARNING 2026-01-05 12:00:25,642 basehttp 13340 5132 "GET /socket.io/?EIO=4&transport=websocket HTTP/1.1" 404 2392
WARNING 2026-01-05 12:00:35,947 log 13340 22140 Not Found: /socket.io/
WARNING 2026-01-05 12:00:35,948 basehttp 13340 22140 "GET /socket.io/?EIO=4&transport=websocket HTTP/1.1" 404 2392
WARNING 2026-01-05 12:00:44,563 log 13340 23028 Not Found: /socket.io/
WARNING 2026-01-05 12:00:44,564 basehttp 13340 23028 "GET /socket.io/?EIO=4&transport=websocket HTTP/1.1" 404 2392
WARNING 2026-01-05 12:00:54,826 log 13340 9976 Not Found: /socket.io/
WARNING 2026-01-05 12:00:54,827 basehttp 13340 9976 "GET /socket.io/?EIO=4&transport=websocket HTTP/1.1" 404 2392
WARNING 2026-01-05 12:01:04,561 log 13340 1524 Not Found: /socket.io/
WARNING 2026-01-05 12:01:04,561 basehttp 13340 1524 "GET /socket.io/?EIO=4&transport=websocket HTTP/1.1" 404 2392
WARNING 2026-01-05 12:01:12,155 log 13340 8700 Not Found: /socket.io/
WARNING 2026-01-05 12:01:12,155 basehttp 13340 8700 "GET /socket.io/?EIO=4&transport=websocket HTTP/1.1" 404 2392
WARNING 2026-01-05 12:01:20,533 log 13340 11776 Not Found: /socket.io/
WARNING 2026-01-05 12:01:20,534 basehttp 13340 11776 "GET /socket.io/?EIO=4&transport=websocket HTTP/1.1" 404 2392
WARNING 2026-01-05 12:01:27,985 log 13340 9832 Not Found: /socket.io/
WARNING 2026-01-05 12:01:27,986 basehttp 13340 9832 "GET /socket.io/?EIO=4&transport=websocket HTTP/1.1" 404 2392
WARNING 2026-01-05 12:01:37,505 log 13340 7780 Not Found: /socket.io/
WARNING 2026-01-05 12:01:37,506 basehttp 13340 7780 "GET /socket.io/?EIO=4&transport=websocket HTTP/1.1" 404 2392
WARNING 2026-01-05 12:01:45,442 log 13340 22196 Not Found: /socket.io/
WARNING 2026-01-05 12:01:45,442 basehttp 13340 22196 "GET /socket.io/?EIO=4&transport=websocket HTTP/1.1" 404 2392
WARNING 2026-01-05 12:01:55,947 log 13340 25360 Not Found: /socket.io/
WARNING 2026-01-05 12:01:55,949 basehttp 13340 25360 "GET /socket.io/?EIO=4&transport=websocket HTTP/1.1" 404 2392
WARNING 2026-01-05 12:02:06,187 log 13340 24940 Not Found: /socket.io/
WARNING 2026-01-05 12:02:06,187 basehttp 13340 24940 "GET /socket.io/?EIO=4&transport=websocket HTTP/1.1" 404 2392
WARNING 2026-01-05 12:02:14,456 log 13340 19596 Not Found: /socket.io/
WARNING 2026-01-05 12:02:14,457 basehttp 13340 19596 "GET /socket.io/?EIO=4&transport=websocket HTTP/1.1" 404 2392
WARNING 2026-01-05 12:02:23,507 log 13340 20464 Not Found: /socket.io/
WARNING 2026-01-05 12:02:23,508 basehttp 13340 20464 "GET /socket.io/?EIO=4&transport=websocket HTTP/1.1" 404 2392
WARNING 2026-01-05 12:02:33,863 log 13340 11484 Not Found: /socket.io/
WARNING 2026-01-05 12:02:33,864 basehttp 13340 11484 "GET /socket.io/?EIO=4&transport=websocket HTTP/1.1" 404 2392
WARNING 2026-01-05 12:02:42,494 log 13340 2592 Not Found: /socket.io/
WARNING 2026-01-05 12:02:42,494 basehttp 13340 2592 "GET /socket.io/?EIO=4&transport=websocket HTTP/1.1" 404 2392
WARNING 2026-01-05 12:02:49,651 log 13340 21188 Not Found: /socket.io/
WARNING 2026-01-05 12:02:49,652 basehttp 13340 21188 "GET /socket.io/?EIO=4&transport=websocket HTTP/1.1" 404 2392
WARNING 2026-01-05 12:02:55,325 log 13340 12140 Not Found: /socket.io/
WARNING 2026-01-05 12:02:55,326 basehttp 13340 12140 "GET /socket.io/?EIO=4&transport=websocket HTTP/1.1" 404 2392
WARNING 2026-01-05 12:03:01,333 log 13340 22304 Not Found: /socket.io/
WARNING 2026-01-05 12:03:01,334 basehttp 13340 22304 "GET /socket.io/?EIO=4&transport=websocket HTTP/1.1" 404 2392
WARNING 2026-01-05 12:03:07,328 log 13340 7384 Not Found: /socket.io/
WARNING 2026-01-05 12:03:07,329 basehttp 13340 7384 "GET /socket.io/?EIO=4&transport=websocket HTTP/1.1" 404 2392
WARNING 2026-01-05 12:03:13,329 log 13340 1828 Not Found: /socket.io/
WARNING 2026-01-05 12:03:13,329 basehttp 13340 1828 "GET /socket.io/?EIO=4&transport=websocket HTTP/1.1" 404 2392
WARNING 2026-01-05 12:03:19,316 log 13340 1268 Not Found: /socket.io/
WARNING 2026-01-05 12:03:19,317 basehttp 13340 1268 "GET /socket.io/?EIO=4&transport=websocket HTTP/1.1" 404 2392
WARNING 2026-01-05 12:03:25,340 log 13340 24724 Not Found: /socket.io/
WARNING 2026-01-05 12:03:25,341 basehttp 13340 24724 "GET /socket.io/?EIO=4&transport=websocket HTTP/1.1" 404 2392
WARNING 2026-01-05 12:03:31,341 log 13340 22740 Not Found: /socket.io/
WARNING 2026-01-05 12:03:31,342 basehttp 13340 22740 "GET /socket.io/?EIO=4&transport=websocket HTTP/1.1" 404 2392
WARNING 2026-01-05 12:03:37,331 log 13340 3120 Not Found: /socket.io/
WARNING 2026-01-05 12:03:37,332 basehttp 13340 3120 "GET /socket.io/?EIO=4&transport=websocket HTTP/1.1" 404 2392
WARNING 2026-01-05 12:03:43,338 log 13340 5876 Not Found: /socket.io/
WARNING 2026-01-05 12:03:43,339 basehttp 13340 5876 "GET /socket.io/?EIO=4&transport=websocket HTTP/1.1" 404 2392
WARNING 2026-01-05 12:03:49,349 log 13340 24504 Not Found: /socket.io/
WARNING 2026-01-05 12:03:49,350 basehttp 13340 24504 "GET /socket.io/?EIO=4&transport=websocket HTTP/1.1" 404 2392
WARNING 2026-01-05 12:03:55,368 log 13340 20040 Not Found: /socket.io/
WARNING 2026-01-05 12:03:55,369 basehttp 13340 20040 "GET /socket.io/?EIO=4&transport=websocket HTTP/1.1" 404 2392
WARNING 2026-01-05 12:04:01,457 log 13340 14052 Not Found: /socket.io/
WARNING 2026-01-05 12:04:01,458 basehttp 13340 14052 "GET /socket.io/?EIO=4&transport=websocket HTTP/1.1" 404 2392
WARNING 2026-01-05 12:04:07,605 log 13340 22036 Not Found: /socket.io/
WARNING 2026-01-05 12:04:07,606 basehttp 13340 22036 "GET /socket.io/?EIO=4&transport=websocket HTTP/1.1" 404 2392
WARNING 2026-01-05 12:04:13,483 log 13340 19260 Not Found: /socket.io/
WARNING 2026-01-05 12:04:13,483 basehttp 13340 19260 "GET /socket.io/?EIO=4&transport=websocket HTTP/1.1" 404 2392
WARNING 2026-01-05 12:04:20,254 log 13340 25200 Not Found: /socket.io/
WARNING 2026-01-05 12:04:20,255 basehttp 13340 25200 "GET /socket.io/?EIO=4&transport=websocket HTTP/1.1" 404 2392
WARNING 2026-01-05 12:04:27,923 log 13340 14792 Not Found: /socket.io/
WARNING 2026-01-05 12:04:27,923 basehttp 13340 14792 "GET /socket.io/?EIO=4&transport=websocket HTTP/1.1" 404 2392
WARNING 2026-01-05 12:04:37,395 log 13340 6016 Not Found: /socket.io/
WARNING 2026-01-05 12:04:37,395 basehttp 13340 6016 "GET /socket.io/?EIO=4&transport=websocket HTTP/1.1" 404 2392
WARNING 2026-01-05 12:04:45,995 log 13340 22128 Not Found: /socket.io/
WARNING 2026-01-05 12:04:45,995 basehttp 13340 22128 "GET /socket.io/?EIO=4&transport=websocket HTTP/1.1" 404 2392
WARNING 2026-01-05 12:04:53,758 log 13340 19000 Not Found: /socket.io/
WARNING 2026-01-05 12:04:53,758 basehttp 13340 19000 "GET /socket.io/?EIO=4&transport=websocket HTTP/1.1" 404 2392
WARNING 2026-01-05 12:04:59,321 log 13340 22644 Not Found: /socket.io/
WARNING 2026-01-05 12:04:59,322 basehttp 13340 22644 "GET /socket.io/?EIO=4&transport=websocket HTTP/1.1" 404 2392
WARNING 2026-01-05 12:05:05,327 log 13340 8768 Not Found: /socket.io/
WARNING 2026-01-05 12:05:05,327 basehttp 13340 8768 "GET /socket.io/?EIO=4&transport=websocket HTTP/1.1" 404 2392
WARNING 2026-01-05 12:05:11,324 log 13340 4588 Not Found: /socket.io/
WARNING 2026-01-05 12:05:11,325 basehttp 13340 4588 "GET /socket.io/?EIO=4&transport=websocket HTTP/1.1" 404 2392
WARNING 2026-01-05 12:05:17,334 log 13340 3080 Not Found: /socket.io/
WARNING 2026-01-05 12:05:17,336 basehttp 13340 3080 "GET /socket.io/?EIO=4&transport=websocket HTTP/1.1" 404 2392
WARNING 2026-01-05 12:05:23,328 log 13340 24304 Not Found: /socket.io/
WARNING 2026-01-05 12:05:23,328 basehttp 13340 24304 "GET /socket.io/?EIO=4&transport=websocket HTTP/1.1" 404 2392
WARNING 2026-01-05 12:05:29,342 log 13340 22328 Not Found: /socket.io/
WARNING 2026-01-05 12:05:29,343 basehttp 13340 22328 "GET /socket.io/?EIO=4&transport=websocket HTTP/1.1" 404 2392
WARNING 2026-01-05 12:05:35,345 log 13340 25236 Not Found: /socket.io/
WARNING 2026-01-05 12:05:35,346 basehttp 13340 25236 "GET /socket.io/?EIO=4&transport=websocket HTTP/1.1" 404 2392
WARNING 2026-01-05 12:05:41,339 log 13340 17204 Not Found: /socket.io/
WARNING 2026-01-05 12:05:41,339 basehttp 13340 17204 "GET /socket.io/?EIO=4&transport=websocket HTTP/1.1" 404 2392
WARNING 2026-01-05 12:05:47,358 log 13340 3648 Not Found: /socket.io/
WARNING 2026-01-05 12:05:47,359 basehttp 13340 3648 "GET /socket.io/?EIO=4&transport=websocket HTTP/1.1" 404 2392
WARNING 2026-01-05 12:05:50,514 log 13340 6028 Unauthorized: /api/accounts/dashboard/lecturer/
WARNING 2026-01-05 12:05:50,517 log 13340 23692 Unauthorized: /api/accounts/students/
WARNING 2026-01-05 12:05:50,519 log 13340 3652 Unauthorized: /api/accounts/chat/rooms/
WARNING 2026-01-05 12:05:50,519 basehttp 13340 6028 "GET /api/accounts/dashboard/lecturer/ HTTP/1.1" 401 172
WARNING 2026-01-05 12:05:50,520 basehttp 13340 3652 "GET /api/accounts/chat/rooms/ HTTP/1.1" 401 172
WARNING 2026-01-05 12:05:50,521 basehttp 13340 23692 "GET /api/accounts/students/ HTTP/1.1" 401 172
WARNING 2026-01-05 12:05:50,528 log 13340 19320 Not Found: /api/accounts/chat/unread-counts/
WARNING 2026-01-05 12:05:50,528 basehttp 13340 19320 "GET /api/accounts/chat/unread-counts/ HTTP/1.1" 404 7504
INFO 2026-01-05 12:05:53,124 basehttp 13340 18104 "POST /api/accounts/jwt/login/ HTTP/1.1" 200 639
INFO 2026-01-05 12:05:53,200 views 13340 22980 Dashboard request for user 13: lecturer@zetech.ac.ke, type: lecturer
INFO 2026-01-05 12:05:53,209 views 13340 22980 Dashboard data returned for user 13
INFO 2026-01-05 12:05:53,210 basehttp 13340 22980 "GET /api/accounts/dashboard/lecturer/ HTTP/1.1" 200 222
INFO 2026-01-05 12:05:53,214 views 13340 24256 Dashboard request for user 13: lecturer@zetech.ac.ke, type: lecturer
INFO 2026-01-05 12:05:53,218 views 13340 24256 Dashboard data returned for user 13
INFO 2026-01-05 12:05:53,219 basehttp 13340 24256 "GET /api/accounts/dashboard/lecturer/ HTTP/1.1" 200 222
WARNING 2026-01-05 12:05:53,521 log 13340 24528 Not Found: /socket.io/
WARNING 2026-01-05 12:05:53,522 basehttp 13340 24528 "GET /socket.io/?EIO=4&transport=websocket HTTP/1.1" 404 2392
WARNING 2026-01-05 12:05:55,014 log 13340 18244 Not Found: /socket.io/
WARNING 2026-01-05 12:05:55,015 basehttp 13340 18244 "GET /socket.io/?EIO=4&transport=websocket HTTP/1.1" 404 2392
WARNING 2026-01-05 12:05:56,684 log 13340 24760 Not Found: /socket.io/
WARNING 2026-01-05 12:05:56,684 basehttp 13340 24760 "GET /socket.io/?EIO=4&transport=websocket HTTP/1.1" 404 2392
WARNING 2026-01-05 12:05:57,479 log 13340 23976 Not Found: /api/accounts/chat/unread-counts/
WARNING 2026-01-05 12:05:57,480 basehttp 13340 23976 "GET /api/accounts/chat/unread-counts/ HTTP/1.1" 404 7504
INFO 2026-01-05 12:05:57,482 views 13340 6336 Dashboard request for user 13: lecturer@zetech.ac.ke, type: lecturer
INFO 2026-01-05 12:05:57,487 basehttp 13340 10432 "GET /api/accounts/students/ HTTP/1.1" 200 464
INFO 2026-01-05 12:05:57,492 views 13340 6336 Dashboard data returned for user 13
INFO 2026-01-05 12:05:57,493 basehttp 13340 6336 "GET /api/accounts/dashboard/lecturer/ HTTP/1.1" 200 222
INFO 2026-01-05 12:05:57,497 basehttp 13340 2744 "GET /api/accounts/chat/rooms/ HTTP/1.1" 200 714
WARNING 2026-01-05 12:06:00,015 log 13340 6480 Not Found: /socket.io/
WARNING 2026-01-05 12:06:00,016 basehttp 13340 6480 "GET /socket.io/?EIO=4&transport=websocket HTTP/1.1" 404 2392
WARNING 2026-01-05 12:06:05,343 log 13340 24388 Not Found: /socket.io/
WARNING 2026-01-05 12:06:05,344 basehttp 13340 24388 "GET /socket.io/?EIO=4&transport=websocket HTTP/1.1" 404 2392
INFO 2026-01-05 12:06:06,445 basehttp 13340 8612 "GET /api/accounts/chat/messages/3/ HTTP/1.1" 200 2
WARNING 2026-01-05 12:06:06,764 log 13340 9620 Not Found: /socket.io/
WARNING 2026-01-05 12:06:06,764 basehttp 13340 9620 "GET /socket.io/?EIO=4&transport=websocket HTTP/1.1" 404 2392
WARNING 2026-01-05 12:06:07,974 log 13340 1348 Not Found: /socket.io/
WARNING 2026-01-05 12:06:07,975 basehttp 13340 1348 "GET /socket.io/?EIO=4&transport=websocket HTTP/1.1" 404 2392
INFO 2026-01-05 12:06:08,974 basehttp 13340 15040 "GET /api/accounts/chat/messages/1/ HTTP/1.1" 200 1730
WARNING 2026-01-05 12:06:09,285 log 13340 19632 Not Found: /socket.io/
WARNING 2026-01-05 12:06:09,285 basehttp 13340 19632 "GET /socket.io/?EIO=4&transport=websocket HTTP/1.1" 404 2392
WARNING 2026-01-05 12:06:10,880 log 13340 6640 Not Found: /socket.io/
WARNING 2026-01-05 12:06:10,881 basehttp 13340 6640 "GET /socket.io/?EIO=4&transport=websocket HTTP/1.1" 404 2392
WARNING 2026-01-05 12:06:13,947 log 13340 19444 Not Found: /socket.io/
WARNING 2026-01-05 12:06:13,947 basehttp 13340 19444 "GET /socket.io/?EIO=4&transport=websocket HTTP/1.1" 404 2392
INFO 2026-01-05 12:06:14,214 basehttp 13340 7280 "POST /api/accounts/chat/send/1/ HTTP/1.1" 201 157
WARNING 2026-01-05 12:06:18,511 log 13340 21792 Not Found: /socket.io/
WARNING 2026-01-05 12:06:18,511 basehttp 13340 21792 "GET /socket.io/?EIO=4&transport=websocket HTTP/1.1" 404 2392
INFO 2026-01-05 12:06:27,784 basehttp 13340 3064 "POST /api/accounts/jwt/login/ HTTP/1.1" 200 636
INFO 2026-01-05 12:06:27,871 views 13340 20476 Dashboard request for user 12: student@zetech.ac.ke, type: student
ERROR 2026-01-05 12:06:27,874 views 13340 1524 Error in get_notifications: no such column: accounts_notification.related_chat_room_id
ERROR 2026-01-05 12:06:27,875 log 13340 1524 Internal Server Error: /api/accounts/notifications/
ERROR 2026-01-05 12:06:27,876 basehttp 13340 1524 "GET /api/accounts/notifications/ HTTP/1.1" 500 33
INFO 2026-01-05 12:06:27,879 views 13340 20476 Dashboard data returned for user 12
INFO 2026-01-05 12:06:27,881 basehttp 13340 20476 "GET /api/accounts/dashboard/student/ HTTP/1.1" 200 232
ERROR 2026-01-05 12:06:27,884 views 13340 12928 Error in get_notifications: no such column: accounts_notification.related_chat_room_id
ERROR 2026-01-05 12:06:27,885 log 13340 12928 Internal Server Error: /api/accounts/notifications/
ERROR 2026-01-05 12:06:27,886 basehttp 13340 12928 "GET /api/accounts/notifications/ HTTP/1.1" 500 33
INFO 2026-01-05 12:06:27,888 views 13340 22840 Dashboard request for user 12: student@zetech.ac.ke, type: student
INFO 2026-01-05 12:06:27,892 views 13340 22840 Dashboard data returned for user 12
INFO 2026-01-05 12:06:27,892 basehttp 13340 22840 "GET /api/accounts/dashboard/student/ HTTP/1.1" 200 232
INFO 2026-01-05 12:06:32,543 basehttp 13340 300 "GET /api/accounts/chat/rooms/ HTTP/1.1" 200 182
INFO 2026-01-05 12:06:34,841 basehttp 13340 8700 "GET /api/accounts/chat/messages/1/ HTTP/1.1" 200 1888
INFO 2026-01-05 12:06:35,798 basehttp 13340 21716 "GET /api/accounts/chat/messages/1/ HTTP/1.1" 200 1888
WARNING 2026-01-05 14:51:09,223 log 13340 22488 Unauthorized: /api/accounts/dashboard/student/
WARNING 2026-01-05 14:51:09,227 log 13340 4588 Unauthorized: /api/accounts/notifications/
WARNING 2026-01-05 14:51:09,228 basehttp 13340 22488 "GET /api/accounts/dashboard/student/ HTTP/1.1" 401 172
WARNING 2026-01-05 14:51:09,228 basehttp 13340 4588 "GET /api/accounts/notifications/ HTTP/1.1" 401 172
WARNING 2026-01-05 14:51:09,233 log 13340 24200 Unauthorized: /api/accounts/dashboard/student/
WARNING 2026-01-05 14:51:09,235 log 13340 10248 Unauthorized: /api/accounts/notifications/
WARNING 2026-01-05 14:51:09,235 basehttp 13340 24200 "GET /api/accounts/dashboard/student/ HTTP/1.1" 401 172
WARNING 2026-01-05 14:51:09,236 basehttp 13340 10248 "GET /api/accounts/notifications/ HTTP/1.1" 401 172
INFO 2026-01-05 14:51:11,788 basehttp 13340 18372 "POST /api/accounts/jwt/login/ HTTP/1.1" 200 636
INFO 2026-01-05 14:51:11,875 views 13340 23988 Dashboard request for user 12: student@zetech.ac.ke, type: student
ERROR 2026-01-05 14:51:11,879 views 13340 8280 Error in get_notifications: no such column: accounts_notification.related_chat_room_id
ERROR 2026-01-05 14:51:11,879 log 13340 8280 Internal Server Error: /api/accounts/notifications/
ERROR 2026-01-05 14:51:11,880 basehttp 13340 8280 "GET /api/accounts/notifications/ HTTP/1.1" 500 33
INFO 2026-01-05 14:51:11,885 views 13340 23988 Dashboard data returned for user 12
INFO 2026-01-05 14:51:11,886 basehttp 13340 23988 "GET /api/accounts/dashboard/student/ HTTP/1.1" 200 232
ERROR 2026-01-05 14:51:11,887 views 13340 7908 Error in get_notifications: no such column: accounts_notification.related_chat_room_id
ERROR 2026-01-05 14:51:11,888 log 13340 7908 Internal Server Error: /api/accounts/notifications/
ERROR 2026-01-05 14:51:11,890 basehttp 13340 7908 "GET /api/accounts/notifications/ HTTP/1.1" 500 33
INFO 2026-01-05 14:51:11,892 views 13340 1096 Dashboard request for user 12: student@zetech.ac.ke, type: student
INFO 2026-01-05 14:51:11,897 views 13340 1096 Dashboard data returned for user 12
INFO 2026-01-05 14:51:11,898 basehttp 13340 1096 "GET /api/accounts/dashboard/student/ HTTP/1.1" 200 232
INFO 2026-01-05 14:51:18,988 basehttp 13340 2996 "GET /api/accounts/chat/rooms/ HTTP/1.1" 200 182
INFO 2026-01-05 14:51:20,735 basehttp 13340 18180 "GET /api/accounts/chat/messages/1/ HTTP/1.1" 200 1888
INFO 2026-01-05 14:51:47,318 basehttp 13340 22980 "POST /api/accounts/chat/send/1/ HTTP/1.1" 201 154
WARNING 2026-01-05 15:13:52,724 log 13340 10924 Unauthorized: /api/accounts/dashboard/student/
WARNING 2026-01-05 15:13:52,726 log 13340 14188 Unauthorized: /api/accounts/notifications/
WARNING 2026-01-05 15:13:52,726 basehttp 13340 10924 "GET /api/accounts/dashboard/student/ HTTP/1.1" 401 172
WARNING 2026-01-05 15:13:52,727 basehttp 13340 14188 "GET /api/accounts/notifications/ HTTP/1.1" 401 172
WARNING 2026-01-05 15:13:52,734 log 13340 5804 Unauthorized: /api/accounts/dashboard/student/
WARNING 2026-01-05 15:13:52,735 log 13340 10468 Unauthorized: /api/accounts/notifications/
WARNING 2026-01-05 15:13:52,736 basehttp 13340 10468 "GET /api/accounts/notifications/ HTTP/1.1" 401 172
WARNING 2026-01-05 15:13:52,736 basehttp 13340 5804 "GET /api/accounts/dashboard/student/ HTTP/1.1" 401 172
INFO 2026-01-05 15:14:09,183 basehttp 13340 19000 "POST /api/accounts/jwt/login/ HTTP/1.1" 200 636
INFO 2026-01-05 15:14:09,264 views 13340 10056 Dashboard request for user 12: student@zetech.ac.ke, type: student
ERROR 2026-01-05 15:14:09,266 views 13340 24216 Error in get_notifications: no such column: accounts_notification.related_chat_room_id
ERROR 2026-01-05 15:14:09,268 log 13340 24216 Internal Server Error: /api/accounts/notifications/
ERROR 2026-01-05 15:14:09,269 basehttp 13340 24216 "GET /api/accounts/notifications/ HTTP/1.1" 500 33
INFO 2026-01-05 15:14:09,273 views 13340 10056 Dashboard data returned for user 12
INFO 2026-01-05 15:14:09,274 basehttp 13340 10056 "GET /api/accounts/dashboard/student/ HTTP/1.1" 200 232
ERROR 2026-01-05 15:14:09,276 views 13340 21456 Error in get_notifications: no such column: accounts_notification.related_chat_room_id
ERROR 2026-01-05 15:14:09,276 log 13340 21456 Internal Server Error: /api/accounts/notifications/
ERROR 2026-01-05 15:14:09,278 basehttp 13340 21456 "GET /api/accounts/notifications/ HTTP/1.1" 500 33
INFO 2026-01-05 15:14:09,280 views 13340 3880 Dashboard request for user 12: student@zetech.ac.ke, type: student
INFO 2026-01-05 15:14:09,286 views 13340 3880 Dashboard data returned for user 12
INFO 2026-01-05 15:14:09,286 basehttp 13340 3880 "GET /api/accounts/dashboard/student/ HTTP/1.1" 200 232
WARNING 2026-01-05 15:40:01,560 log 13340 13472 Unauthorized: /api/accounts/dashboard/student/
WARNING 2026-01-05 15:40:01,563 log 13340 24584 Unauthorized: /api/accounts/notifications/
WARNING 2026-01-05 15:40:01,564 basehttp 13340 13472 "GET /api/accounts/dashboard/student/ HTTP/1.1" 401 172
WARNING 2026-01-05 15:40:01,564 basehttp 13340 24584 "GET /api/accounts/notifications/ HTTP/1.1" 401 172
WARNING 2026-01-05 15:40:01,570 log 13340 10672 Unauthorized: /api/accounts/dashboard/student/
WARNING 2026-01-05 15:40:01,573 log 13340 22852 Unauthorized: /api/accounts/notifications/
WARNING 2026-01-05 15:40:01,573 basehttp 13340 10672 "GET /api/accounts/dashboard/student/ HTTP/1.1" 401 172
WARNING 2026-01-05 15:40:01,573 basehttp 13340 22852 "GET /api/accounts/notifications/ HTTP/1.1" 401 172
INFO 2026-01-05 16:10:13,130 basehttp 13340 22032 "POST /api/accounts/jwt/login/ HTTP/1.1" 200 636
INFO 2026-01-05 16:10:13,224 views 13340 25464 Dashboard request for user 12: student@zetech.ac.ke, type: student
ERROR 2026-01-05 16:10:13,230 views 13340 2052 Error in get_notifications: no such column: accounts_notification.related_chat_room_id
ERROR 2026-01-05 16:10:13,231 log 13340 2052 Internal Server Error: /api/accounts/notifications/
ERROR 2026-01-05 16:10:13,232 basehttp 13340 2052 "GET /api/accounts/notifications/ HTTP/1.1" 500 33
INFO 2026-01-05 16:10:13,235 views 13340 25464 Dashboard data returned for user 12
INFO 2026-01-05 16:10:13,238 basehttp 13340 25464 "GET /api/accounts/dashboard/student/ HTTP/1.1" 200 232
ERROR 2026-01-05 16:10:13,241 views 13340 21728 Error in get_notifications: no such column: accounts_notification.related_chat_room_id
ERROR 2026-01-05 16:10:13,243 log 13340 21728 Internal Server Error: /api/accounts/notifications/
ERROR 2026-01-05 16:10:13,244 basehttp 13340 21728 "GET /api/accounts/notifications/ HTTP/1.1" 500 33
INFO 2026-01-05 16:10:13,245 views 13340 24884 Dashboard request for user 12: student@zetech.ac.ke, type: student
INFO 2026-01-05 16:10:13,250 views 13340 24884 Dashboard data returned for user 12
INFO 2026-01-05 16:10:13,251 basehttp 13340 24884 "GET /api/accounts/dashboard/student/ HTTP/1.1" 200 232
INFO 2026-01-05 16:15:02,998 basehttp 13340 21180 "GET /api/accounts/chat/rooms/ HTTP/1.1" 200 180
INFO 2026-01-05 16:15:05,490 basehttp 13340 24140 "GET /api/accounts/chat/messages/1/ HTTP/1.1" 200 2043
WARNING 2026-01-05 16:16:09,181 log 13340 23836 Unauthorized: /api/accounts/chat/send/1/
WARNING 2026-01-05 16:16:09,182 basehttp 13340 23836 "POST /api/accounts/chat/send/1/ HTTP/1.1" 401 172
WARNING 2026-01-05 16:16:09,867 log 13340 3912 Unauthorized: /api/accounts/chat/send/1/
WARNING 2026-01-05 16:16:09,868 basehttp 13340 3912 "POST /api/accounts/chat/send/1/ HTTP/1.1" 401 172
WARNING 2026-01-05 16:16:10,212 log 13340 7204 Unauthorized: /api/accounts/chat/send/1/
WARNING 2026-01-05 16:16:10,213 basehttp 13340 7204 "POST /api/accounts/chat/send/1/ HTTP/1.1" 401 172
WARNING 2026-01-05 16:16:10,565 log 13340 6056 Unauthorized: /api/accounts/chat/send/1/
WARNING 2026-01-05 16:16:10,566 basehttp 13340 6056 "POST /api/accounts/chat/send/1/ HTTP/1.1" 401 172
WARNING 2026-01-05 16:16:10,784 log 13340 15032 Unauthorized: /api/accounts/chat/send/1/
WARNING 2026-01-05 16:16:10,785 basehttp 13340 15032 "POST /api/accounts/chat/send/1/ HTTP/1.1" 401 172
WARNING 2026-01-05 16:16:11,290 log 13340 21972 Unauthorized: /api/accounts/chat/send/1/
WARNING 2026-01-05 16:16:11,291 basehttp 13340 21972 "POST /api/accounts/chat/send/1/ HTTP/1.1" 401 172
WARNING 2026-01-05 16:16:11,876 log 13340 3788 Unauthorized: /api/accounts/chat/send/1/
WARNING 2026-01-05 16:16:11,877 basehttp 13340 3788 "POST /api/accounts/chat/send/1/ HTTP/1.1" 401 172
WARNING 2026-01-05 16:16:12,206 log 13340 23308 Unauthorized: /api/accounts/chat/send/1/
WARNING 2026-01-05 16:16:12,207 basehttp 13340 23308 "POST /api/accounts/chat/send/1/ HTTP/1.1" 401 172
WARNING 2026-01-05 16:16:12,431 log 13340 18048 Unauthorized: /api/accounts/chat/send/1/
WARNING 2026-01-05 16:16:12,431 basehttp 13340 18048 "POST /api/accounts/chat/send/1/ HTTP/1.1" 401 172
WARNING 2026-01-05 16:16:12,642 log 13340 8008 Unauthorized: /api/accounts/chat/send/1/
WARNING 2026-01-05 16:16:12,642 basehttp 13340 8008 "POST /api/accounts/chat/send/1/ HTTP/1.1" 401 172
WARNING 2026-01-05 16:16:41,979 log 13340 13808 Unauthorized: /api/accounts/chat/send/1/
WARNING 2026-01-05 16:16:41,980 basehttp 13340 13808 "POST /api/accounts/chat/send/1/ HTTP/1.1" 401 172
WARNING 2026-01-05 16:16:44,594 log 13340 18240 Unauthorized: /api/accounts/chat/send/1/
WARNING 2026-01-05 16:16:44,595 basehttp 13340 18240 "POST /api/accounts/chat/send/1/ HTTP/1.1" 401 172
WARNING 2026-01-05 16:16:44,889 log 13340 25024 Unauthorized: /api/accounts/chat/send/1/
WARNING 2026-01-05 16:16:44,890 basehttp 13340 25024 "POST /api/accounts/chat/send/1/ HTTP/1.1" 401 172
WARNING 2026-01-05 16:16:45,098 log 13340 9780 Unauthorized: /api/accounts/chat/send/1/
WARNING 2026-01-05 16:16:45,098 basehttp 13340 9780 "POST /api/accounts/chat/send/1/ HTTP/1.1" 401 172
INFO 2026-01-05 16:17:02,440 basehttp 13340 10056 "POST /api/accounts/jwt/login/ HTTP/1.1" 200 639
INFO 2026-01-05 16:17:02,537 views 13340 23688 Dashboard request for user 13: lecturer@zetech.ac.ke, type: lecturer
INFO 2026-01-05 16:17:02,548 views 13340 23688 Dashboard data returned for user 13
INFO 2026-01-05 16:17:02,549 basehttp 13340 23688 "GET /api/accounts/dashboard/lecturer/ HTTP/1.1" 200 222
INFO 2026-01-05 16:17:02,554 views 13340 10416 Dashboard request for user 13: lecturer@zetech.ac.ke, type: lecturer
INFO 2026-01-05 16:17:02,559 views 13340 10416 Dashboard data returned for user 13
INFO 2026-01-05 16:17:02,559 basehttp 13340 10416 "GET /api/accounts/dashboard/lecturer/ HTTP/1.1" 200 222
WARNING 2026-01-05 16:17:02,890 log 13340 9136 Not Found: /socket.io/
WARNING 2026-01-05 16:17:02,891 basehttp 13340 9136 "GET /socket.io/?EIO=4&transport=websocket HTTP/1.1" 404 2392
WARNING 2026-01-05 16:17:03,997 log 13340 24812 Not Found: /socket.io/
WARNING 2026-01-05 16:17:03,998 basehttp 13340 24812 "GET /socket.io/?EIO=4&transport=websocket HTTP/1.1" 404 2392
WARNING 2026-01-05 16:17:05,717 log 13340 19412 Not Found: /socket.io/
WARNING 2026-01-05 16:17:05,718 basehttp 13340 19412 "GET /socket.io/?EIO=4&transport=websocket HTTP/1.1" 404 2392
INFO 2026-01-05 16:17:09,094 views 13340 14588 Dashboard request for user 13: lecturer@zetech.ac.ke, type: lecturer
INFO 2026-01-05 16:17:09,112 views 13340 14588 Dashboard data returned for user 13
WARNING 2026-01-05 16:17:09,117 log 13340 24112 Not Found: /api/accounts/chat/unread-counts/
INFO 2026-01-05 16:17:09,118 basehttp 13340 14588 "GET /api/accounts/dashboard/lecturer/ HTTP/1.1" 200 222
WARNING 2026-01-05 16:17:09,122 basehttp 13340 24112 "GET /api/accounts/chat/unread-counts/ HTTP/1.1" 404 7504
INFO 2026-01-05 16:17:09,124 basehttp 13340 23272 "GET /api/accounts/students/ HTTP/1.1" 200 464
INFO 2026-01-05 16:17:09,134 basehttp 13340 22944 "GET /api/accounts/chat/rooms/ HTTP/1.1" 200 713
WARNING 2026-01-05 16:17:10,268 log 13340 25224 Not Found: /socket.io/
WARNING 2026-01-05 16:17:10,270 basehttp 13340 25224 "GET /socket.io/?EIO=4&transport=websocket HTTP/1.1" 404 2392
WARNING 2026-01-05 16:17:15,608 log 13340 19280 Not Found: /socket.io/
WARNING 2026-01-05 16:17:15,610 basehttp 13340 19280 "GET /socket.io/?EIO=4&transport=websocket HTTP/1.1" 404 2392
INFO 2026-01-05 16:17:19,716 basehttp 13340 21932 "GET /api/accounts/chat/messages/1/ HTTP/1.1" 200 2043
WARNING 2026-01-05 16:17:20,037 log 13340 14500 Not Found: /socket.io/
WARNING 2026-01-05 16:17:20,038 basehttp 13340 14500 "GET /socket.io/?EIO=4&transport=websocket HTTP/1.1" 404 2392
WARNING 2026-01-05 16:17:21,717 log 13340 21928 Not Found: /socket.io/
WARNING 2026-01-05 16:17:21,718 basehttp 13340 21928 "GET /socket.io/?EIO=4&transport=websocket HTTP/1.1" 404 2392
WARNING 2026-01-05 16:17:23,990 log 13340 14316 Not Found: /socket.io/
WARNING 2026-01-05 16:17:23,993 basehttp 13340 14316 "GET /socket.io/?EIO=4&transport=websocket HTTP/1.1" 404 2392
INFO 2026-01-05 16:17:24,853 basehttp 13340 13672 "POST /api/accounts/chat/send/1/ HTTP/1.1" 201 158
WARNING 2026-01-05 16:17:26,614 log 13340 22448 Not Found: /socket.io/
WARNING 2026-01-05 16:17:26,616 basehttp 13340 22448 "GET /socket.io/?EIO=4&transport=websocket HTTP/1.1" 404 2392
INFO 2026-01-05 16:17:36,752 basehttp 13340 17008 "POST /api/accounts/jwt/login/ HTTP/1.1" 200 636
INFO 2026-01-05 16:17:36,851 views 13340 2524 Dashboard request for user 12: student@zetech.ac.ke, type: student
ERROR 2026-01-05 16:17:36,853 views 13340 24844 Error in get_notifications: no such column: accounts_notification.related_chat_room_id
ERROR 2026-01-05 16:17:36,853 log 13340 24844 Internal Server Error: /api/accounts/notifications/
ERROR 2026-01-05 16:17:36,856 basehttp 13340 24844 "GET /api/accounts/notifications/ HTTP/1.1" 500 33
INFO 2026-01-05 16:17:36,861 views 13340 2524 Dashboard data returned for user 12
INFO 2026-01-05 16:17:36,862 basehttp 13340 2524 "GET /api/accounts/dashboard/student/ HTTP/1.1" 200 232
ERROR 2026-01-05 16:17:36,863 views 13340 17848 Error in get_notifications: no such column: accounts_notification.related_chat_room_id
ERROR 2026-01-05 16:17:36,864 log 13340 17848 Internal Server Error: /api/accounts/notifications/
ERROR 2026-01-05 16:17:36,867 basehttp 13340 17848 "GET /api/accounts/notifications/ HTTP/1.1" 500 33
INFO 2026-01-05 16:17:36,868 views 13340 17204 Dashboard request for user 12: student@zetech.ac.ke, type: student
INFO 2026-01-05 16:17:36,874 views 13340 17204 Dashboard data returned for user 12
INFO 2026-01-05 16:17:36,875 basehttp 13340 17204 "GET /api/accounts/dashboard/student/ HTTP/1.1" 200 232
INFO 2026-01-05 16:17:41,372 basehttp 13340 5928 "GET /api/accounts/chat/rooms/ HTTP/1.1" 200 183
INFO 2026-01-05 16:17:42,944 basehttp 13340 20880 "GET /api/accounts/chat/messages/1/ HTTP/1.1" 200 2202
INFO 2026-01-05 16:21:47,251 basehttp 13340 23668 "GET /api/accounts/chat/rooms/ HTTP/1.1" 200 183
WARNING 2026-01-05 16:33:04,674 log 13340 22032 Unauthorized: /api/accounts/dashboard/student/
WARNING 2026-01-05 16:33:04,675 basehttp 13340 22032 "GET /api/accounts/dashboard/student/ HTTP/1.1" 401 172
WARNING 2026-01-05 16:33:04,677 log 13340 9800 Unauthorized: /api/accounts/notifications/
WARNING 2026-01-05 16:33:04,680 log 13340 11256 Unauthorized: /api/accounts/dashboard/student/
WARNING 2026-01-05 16:33:04,680 basehttp 13340 9800 "GET /api/accounts/notifications/ HTTP/1.1" 401 172
WARNING 2026-01-05 16:33:04,680 basehttp 13340 11256 "GET /api/accounts/dashboard/student/ HTTP/1.1" 401 172
WARNING 2026-01-05 16:33:04,686 log 13340 8052 Unauthorized: /api/accounts/notifications/
WARNING 2026-01-05 16:33:04,687 basehttp 13340 8052 "GET /api/accounts/notifications/ HTTP/1.1" 401 172
INFO 2026-01-06 09:02:03,394 basehttp 13340 8124 "POST /api/accounts/jwt/login/ HTTP/1.1" 200 636
INFO 2026-01-06 09:02:03,501 views 13340 24388 Dashboard request for user 12: student@zetech.ac.ke, type: student
ERROR 2026-01-06 09:02:03,508 views 13340 22632 Error in get_notifications: no such column: accounts_notification.related_chat_room_id
ERROR 2026-01-06 09:02:03,509 log 13340 22632 Internal Server Error: /api/accounts/notifications/
ERROR 2026-01-06 09:02:03,511 basehttp 13340 22632 "GET /api/accounts/notifications/ HTTP/1.1" 500 33
INFO 2026-01-06 09:02:03,513 views 13340 24388 Dashboard data returned for user 12
INFO 2026-01-06 09:02:03,514 basehttp 13340 24388 "GET /api/accounts/dashboard/student/ HTTP/1.1" 200 232
ERROR 2026-01-06 09:02:03,519 views 13340 11564 Error in get_notifications: no such column: accounts_notification.related_chat_room_id
ERROR 2026-01-06 09:02:03,519 log 13340 11564 Internal Server Error: /api/accounts/notifications/
INFO 2026-01-06 09:02:03,520 views 13340 5756 Dashboard request for user 12: student@zetech.ac.ke, type: student
ERROR 2026-01-06 09:02:03,521 basehttp 13340 11564 "GET /api/accounts/notifications/ HTTP/1.1" 500 33
INFO 2026-01-06 09:02:03,528 views 13340 5756 Dashboard data returned for user 12
INFO 2026-01-06 09:02:03,528 basehttp 13340 5756 "GET /api/accounts/dashboard/student/ HTTP/1.1" 200 232
WARNING 2026-01-06 09:28:13,406 log 13340 13480 Unauthorized: /api/accounts/dashboard/student/
WARNING 2026-01-06 09:28:13,408 log 13340 17276 Unauthorized: /api/accounts/notifications/
WARNING 2026-01-06 09:28:13,410 basehttp 13340 13480 "GET /api/accounts/dashboard/student/ HTTP/1.1" 401 172
WARNING 2026-01-06 09:28:13,411 basehttp 13340 17276 "GET /api/accounts/notifications/ HTTP/1.1" 401 172
WARNING 2026-01-06 09:28:13,417 log 13340 18280 Unauthorized: /api/accounts/dashboard/student/
WARNING 2026-01-06 09:28:13,419 log 13340 26640 Unauthorized: /api/accounts/notifications/
WARNING 2026-01-06 09:28:13,419 basehttp 13340 18280 "GET /api/accounts/dashboard/student/ HTTP/1.1" 401 172
WARNING 2026-01-06 09:28:13,419 basehttp 13340 26640 "GET /api/accounts/notifications/ HTTP/1.1" 401 172
INFO 2026-01-06 09:28:16,066 basehttp 13340 6400 "POST /api/accounts/jwt/login/ HTTP/1.1" 200 636
INFO 2026-01-06 09:28:16,169 views 13340 7252 Dashboard request for user 12: student@zetech.ac.ke, type: student
ERROR 2026-01-06 09:28:16,172 views 13340 6932 Error in get_notifications: no such column: accounts_notification.related_chat_room_id
ERROR 2026-01-06 09:28:16,172 log 13340 6932 Internal Server Error: /api/accounts/notifications/
ERROR 2026-01-06 09:28:16,173 basehttp 13340 6932 "GET /api/accounts/notifications/ HTTP/1.1" 500 33
INFO 2026-01-06 09:28:16,179 views 13340 7252 Dashboard data returned for user 12
INFO 2026-01-06 09:28:16,180 basehttp 13340 7252 "GET /api/accounts/dashboard/student/ HTTP/1.1" 200 232
ERROR 2026-01-06 09:28:16,182 views 13340 24332 Error in get_notifications: no such column: accounts_notification.related_chat_room_id
ERROR 2026-01-06 09:28:16,183 log 13340 24332 Internal Server Error: /api/accounts/notifications/
ERROR 2026-01-06 09:28:16,185 basehttp 13340 24332 "GET /api/accounts/notifications/ HTTP/1.1" 500 33
INFO 2026-01-06 09:28:16,186 views 13340 21728 Dashboard request for user 12: student@zetech.ac.ke, type: student
INFO 2026-01-06 09:28:16,191 views 13340 21728 Dashboard data returned for user 12
INFO 2026-01-06 09:28:16,192 basehttp 13340 21728 "GET /api/accounts/dashboard/student/ HTTP/1.1" 200 232
INFO 2026-01-06 09:29:18,464 basehttp 13340 3208 "POST /api/accounts/jwt/login/ HTTP/1.1" 200 639
INFO 2026-01-06 09:29:18,567 views 13340 21920 Dashboard request for user 13: lecturer@zetech.ac.ke, type: lecturer
INFO 2026-01-06 09:29:18,577 views 13340 21920 Dashboard data returned for user 13
INFO 2026-01-06 09:29:18,578 basehttp 13340 21920 "GET /api/accounts/dashboard/lecturer/ HTTP/1.1" 200 222
INFO 2026-01-06 09:29:18,585 views 13340 26164 Dashboard request for user 13: lecturer@zetech.ac.ke, type: lecturer
INFO 2026-01-06 09:29:18,590 views 13340 26164 Dashboard data returned for user 13
INFO 2026-01-06 09:29:18,591 basehttp 13340 26164 "GET /api/accounts/dashboard/lecturer/ HTTP/1.1" 200 222
WARNING 2026-01-06 09:29:18,953 log 13340 4376 Not Found: /socket.io/
WARNING 2026-01-06 09:29:18,954 basehttp 13340 4376 "GET /socket.io/?EIO=4&transport=websocket HTTP/1.1" 404 2392
WARNING 2026-01-06 09:29:20,056 log 13340 3912 Not Found: /socket.io/
WARNING 2026-01-06 09:29:20,058 basehttp 13340 3912 "GET /socket.io/?EIO=4&transport=websocket HTTP/1.1" 404 2392
WARNING 2026-01-06 09:29:22,729 log 13340 22924 Not Found: /socket.io/
WARNING 2026-01-06 09:29:22,729 basehttp 13340 22924 "GET /socket.io/?EIO=4&transport=websocket HTTP/1.1" 404 2392
WARNING 2026-01-06 09:29:25,706 log 13340 928 Not Found: /socket.io/
WARNING 2026-01-06 09:29:25,707 basehttp 13340 928 "GET /socket.io/?EIO=4&transport=websocket HTTP/1.1" 404 2392
WARNING 2026-01-06 09:29:30,620 log 13340 21900 Not Found: /socket.io/
WARNING 2026-01-06 09:29:30,621 basehttp 13340 21900 "GET /socket.io/?EIO=4&transport=websocket HTTP/1.1" 404 2392
WARNING 2026-01-06 09:29:36,770 log 13340 26168 Not Found: /socket.io/
WARNING 2026-01-06 09:29:36,772 basehttp 13340 26168 "GET /socket.io/?EIO=4&transport=websocket HTTP/1.1" 404 2392
WARNING 2026-01-06 09:29:42,778 log 13340 21640 Not Found: /socket.io/
WARNING 2026-01-06 09:29:42,780 basehttp 13340 21640 "GET /socket.io/?EIO=4&transport=websocket HTTP/1.1" 404 2392
WARNING 2026-01-06 09:29:48,770 log 13340 23300 Not Found: /socket.io/
WARNING 2026-01-06 09:29:48,771 basehttp 13340 23300 "GET /socket.io/?EIO=4&transport=websocket HTTP/1.1" 404 2392
WARNING 2026-01-06 09:29:54,772 log 13340 22636 Not Found: /socket.io/
WARNING 2026-01-06 09:29:54,774 basehttp 13340 22636 "GET /socket.io/?EIO=4&transport=websocket HTTP/1.1" 404 2392
WARNING 2026-01-06 09:30:00,764 log 13340 11544 Not Found: /socket.io/
WARNING 2026-01-06 09:30:00,764 basehttp 13340 11544 "GET /socket.io/?EIO=4&transport=websocket HTTP/1.1" 404 2392
WARNING 2026-01-06 09:30:06,765 log 13340 1676 Not Found: /socket.io/
WARNING 2026-01-06 09:30:06,767 basehttp 13340 1676 "GET /socket.io/?EIO=4&transport=websocket HTTP/1.1" 404 2392
WARNING 2026-01-06 09:30:12,766 log 13340 21860 Not Found: /socket.io/
WARNING 2026-01-06 09:30:12,767 basehttp 13340 21860 "GET /socket.io/?EIO=4&transport=websocket HTTP/1.1" 404 2392
WARNING 2026-01-06 09:30:18,776 log 13340 23420 Not Found: /socket.io/
WARNING 2026-01-06 09:30:18,777 basehttp 13340 23420 "GET /socket.io/?EIO=4&transport=websocket HTTP/1.1" 404 2392
WARNING 2026-01-06 09:30:24,765 log 13340 26792 Not Found: /socket.io/
WARNING 2026-01-06 09:30:24,766 basehttp 13340 26792 "GET /socket.io/?EIO=4&transport=websocket HTTP/1.1" 404 2392
WARNING 2026-01-06 09:30:30,770 log 13340 9620 Not Found: /socket.io/
WARNING 2026-01-06 09:30:30,771 basehttp 13340 9620 "GET /socket.io/?EIO=4&transport=websocket HTTP/1.1" 404 2392
WARNING 2026-01-06 09:30:36,767 log 13340 18080 Not Found: /socket.io/
WARNING 2026-01-06 09:30:36,768 basehttp 13340 18080 "GET /socket.io/?EIO=4&transport=websocket HTTP/1.1" 404 2392
WARNING 2026-01-06 09:30:42,779 log 13340 25944 Not Found: /socket.io/
WARNING 2026-01-06 09:30:42,781 basehttp 13340 25944 "GET /socket.io/?EIO=4&transport=websocket HTTP/1.1" 404 2392
WARNING 2026-01-06 09:30:48,769 log 13340 20672 Not Found: /socket.io/
WARNING 2026-01-06 09:30:48,770 basehttp 13340 20672 "GET /socket.io/?EIO=4&transport=websocket HTTP/1.1" 404 2392
WARNING 2026-01-06 09:30:54,766 log 13340 4868 Not Found: /socket.io/
WARNING 2026-01-06 09:30:54,768 basehttp 13340 4868 "GET /socket.io/?EIO=4&transport=websocket HTTP/1.1" 404 2392
WARNING 2026-01-06 09:31:00,785 log 13340 25604 Not Found: /socket.io/
WARNING 2026-01-06 09:31:00,786 basehttp 13340 25604 "GET /socket.io/?EIO=4&transport=websocket HTTP/1.1" 404 2392
WARNING 2026-01-06 09:31:06,780 log 13340 27120 Not Found: /socket.io/
WARNING 2026-01-06 09:31:06,781 basehttp 13340 27120 "GET /socket.io/?EIO=4&transport=websocket HTTP/1.1" 404 2392
WARNING 2026-01-06 09:31:12,780 log 13340 24456 Not Found: /socket.io/
WARNING 2026-01-06 09:31:12,782 basehttp 13340 24456 "GET /socket.io/?EIO=4&transport=websocket HTTP/1.1" 404 2392
WARNING 2026-01-06 09:31:18,772 log 13340 22800 Not Found: /socket.io/
WARNING 2026-01-06 09:31:18,772 basehttp 13340 22800 "GET /socket.io/?EIO=4&transport=websocket HTTP/1.1" 404 2392
WARNING 2026-01-06 09:31:24,801 log 13340 24604 Not Found: /socket.io/
WARNING 2026-01-06 09:31:24,802 basehttp 13340 24604 "GET /socket.io/?EIO=4&transport=websocket HTTP/1.1" 404 2392
WARNING 2026-01-06 09:31:30,772 log 13340 6236 Not Found: /socket.io/
WARNING 2026-01-06 09:31:30,773 basehttp 13340 6236 "GET /socket.io/?EIO=4&transport=websocket HTTP/1.1" 404 2392
WARNING 2026-01-06 09:31:36,775 log 13340 12392 Not Found: /socket.io/
WARNING 2026-01-06 09:31:36,776 basehttp 13340 12392 "GET /socket.io/?EIO=4&transport=websocket HTTP/1.1" 404 2392
WARNING 2026-01-06 09:31:42,806 log 13340 24632 Not Found: /socket.io/
WARNING 2026-01-06 09:31:42,807 basehttp 13340 24632 "GET /socket.io/?EIO=4&transport=websocket HTTP/1.1" 404 2392
WARNING 2026-01-06 09:31:48,791 log 13340 10824 Not Found: /socket.io/
WARNING 2026-01-06 09:31:48,793 basehttp 13340 10824 "GET /socket.io/?EIO=4&transport=websocket HTTP/1.1" 404 2392
WARNING 2026-01-06 09:31:54,806 log 13340 22068 Not Found: /socket.io/
WARNING 2026-01-06 09:31:54,807 basehttp 13340 22068 "GET /socket.io/?EIO=4&transport=websocket HTTP/1.1" 404 2392
WARNING 2026-01-06 09:32:00,825 log 13340 19320 Not Found: /socket.io/
WARNING 2026-01-06 09:32:00,826 basehttp 13340 19320 "GET /socket.io/?EIO=4&transport=websocket HTTP/1.1" 404 2392
WARNING 2026-01-06 09:32:06,800 log 13340 20340 Not Found: /socket.io/
WARNING 2026-01-06 09:32:06,802 basehttp 13340 20340 "GET /socket.io/?EIO=4&transport=websocket HTTP/1.1" 404 2392
WARNING 2026-01-06 09:32:12,799 log 13340 5812 Not Found: /socket.io/
WARNING 2026-01-06 09:32:12,800 basehttp 13340 5812 "GET /socket.io/?EIO=4&transport=websocket HTTP/1.1" 404 2392
WARNING 2026-01-06 09:32:18,877 log 13340 4928 Not Found: /socket.io/
WARNING 2026-01-06 09:32:18,878 basehttp 13340 4928 "GET /socket.io/?EIO=4&transport=websocket HTTP/1.1" 404 2392
WARNING 2026-01-06 09:32:25,523 log 13340 22824 Not Found: /socket.io/
WARNING 2026-01-06 09:32:25,524 basehttp 13340 22824 "GET /socket.io/?EIO=4&transport=websocket HTTP/1.1" 404 2392
WARNING 2026-01-06 09:32:31,919 log 13340 9164 Not Found: /socket.io/
WARNING 2026-01-06 09:32:31,921 basehttp 13340 9164 "GET /socket.io/?EIO=4&transport=websocket HTTP/1.1" 404 2392
WARNING 2026-01-06 09:32:37,913 log 13340 18436 Not Found: /socket.io/
WARNING 2026-01-06 09:32:37,915 basehttp 13340 18436 "GET /socket.io/?EIO=4&transport=websocket HTTP/1.1" 404 2392
WARNING 2026-01-06 09:32:43,875 log 13340 26744 Not Found: /socket.io/
WARNING 2026-01-06 09:32:43,876 basehttp 13340 26744 "GET /socket.io/?EIO=4&transport=websocket HTTP/1.1" 404 2392
WARNING 2026-01-06 09:32:50,100 log 13340 24144 Not Found: /socket.io/
WARNING 2026-01-06 09:32:50,102 basehttp 13340 24144 "GET /socket.io/?EIO=4&transport=websocket HTTP/1.1" 404 2392
WARNING 2026-01-06 09:32:56,238 log 13340 1416 Not Found: /socket.io/
WARNING 2026-01-06 09:32:56,240 basehttp 13340 1416 "GET /socket.io/?EIO=4&transport=websocket HTTP/1.1" 404 2392
WARNING 2026-01-06 09:33:01,770 log 13340 22352 Not Found: /socket.io/
WARNING 2026-01-06 09:33:01,771 basehttp 13340 22352 "GET /socket.io/?EIO=4&transport=websocket HTTP/1.1" 404 2392
WARNING 2026-01-06 09:33:07,815 log 13340 16952 Not Found: /socket.io/
WARNING 2026-01-06 09:33:07,840 basehttp 13340 16952 "GET /socket.io/?EIO=4&transport=websocket HTTP/1.1" 404 2392
WARNING 2026-01-06 09:33:13,770 log 13340 2940 Not Found: /socket.io/
WARNING 2026-01-06 09:33:13,772 basehttp 13340 2940 "GET /socket.io/?EIO=4&transport=websocket HTTP/1.1" 404 2392
WARNING 2026-01-06 09:33:19,764 log 13340 25828 Not Found: /socket.io/
WARNING 2026-01-06 09:33:19,766 basehttp 13340 25828 "GET /socket.io/?EIO=4&transport=websocket HTTP/1.1" 404 2392
WARNING 2026-01-06 09:33:26,497 log 13340 22356 Not Found: /socket.io/
WARNING 2026-01-06 09:33:26,498 basehttp 13340 22356 "GET /socket.io/?EIO=4&transport=websocket HTTP/1.1" 404 2392
WARNING 2026-01-06 09:33:32,759 log 13340 9944 Not Found: /socket.io/
WARNING 2026-01-06 09:33:32,760 basehttp 13340 9944 "GET /socket.io/?EIO=4&transport=websocket HTTP/1.1" 404 2392
WARNING 2026-01-06 09:33:38,781 log 13340 20892 Not Found: /socket.io/
WARNING 2026-01-06 09:33:38,782 basehttp 13340 20892 "GET /socket.io/?EIO=4&transport=websocket HTTP/1.1" 404 2392
WARNING 2026-01-06 09:33:44,774 log 13340 16316 Not Found: /socket.io/
WARNING 2026-01-06 09:33:44,775 basehttp 13340 16316 "GET /socket.io/?EIO=4&transport=websocket HTTP/1.1" 404 2392
WARNING 2026-01-06 09:33:50,775 log 13340 19016 Not Found: /socket.io/
WARNING 2026-01-06 09:33:50,776 basehttp 13340 19016 "GET /socket.io/?EIO=4&transport=websocket HTTP/1.1" 404 2392
WARNING 2026-01-06 09:33:56,817 log 13340 26336 Not Found: /socket.io/
WARNING 2026-01-06 09:33:56,818 basehttp 13340 26336 "GET /socket.io/?EIO=4&transport=websocket HTTP/1.1" 404 2392
WARNING 2026-01-06 09:34:02,796 log 13340 22052 Not Found: /socket.io/
WARNING 2026-01-06 09:34:02,796 basehttp 13340 22052 "GET /socket.io/?EIO=4&transport=websocket HTTP/1.1" 404 2392
WARNING 2026-01-06 09:34:08,914 log 13340 4228 Not Found: /socket.io/
WARNING 2026-01-06 09:34:08,916 basehttp 13340 4228 "GET /socket.io/?EIO=4&transport=websocket HTTP/1.1" 404 2392
WARNING 2026-01-06 09:34:15,027 log 13340 25268 Not Found: /socket.io/
WARNING 2026-01-06 09:34:15,028 basehttp 13340 25268 "GET /socket.io/?EIO=4&transport=websocket HTTP/1.1" 404 2392
WARNING 2026-01-06 09:34:21,408 log 13340 26564 Not Found: /socket.io/
WARNING 2026-01-06 09:34:21,410 basehttp 13340 26564 "GET /socket.io/?EIO=4&transport=websocket HTTP/1.1" 404 2392
WARNING 2026-01-06 09:34:27,634 log 13340 23048 Not Found: /socket.io/
WARNING 2026-01-06 09:34:27,635 basehttp 13340 23048 "GET /socket.io/?EIO=4&transport=websocket HTTP/1.1" 404 2392
WARNING 2026-01-06 09:34:36,151 log 13340 18832 Not Found: /socket.io/
WARNING 2026-01-06 09:34:36,152 basehttp 13340 18832 "GET /socket.io/?EIO=4&transport=websocket HTTP/1.1" 404 2392
WARNING 2026-01-06 09:34:43,507 log 13340 23396 Not Found: /socket.io/
WARNING 2026-01-06 09:34:43,508 basehttp 13340 23396 "GET /socket.io/?EIO=4&transport=websocket HTTP/1.1" 404 2392
WARNING 2026-01-06 09:34:52,992 log 13340 21552 Not Found: /socket.io/
WARNING 2026-01-06 09:34:52,993 basehttp 13340 21552 "GET /socket.io/?EIO=4&transport=websocket HTTP/1.1" 404 2392
WARNING 2026-01-06 09:35:01,241 log 13340 5868 Not Found: /socket.io/
WARNING 2026-01-06 09:35:01,242 basehttp 13340 5868 "GET /socket.io/?EIO=4&transport=websocket HTTP/1.1" 404 2392
WARNING 2026-01-06 09:35:08,766 log 13340 25792 Not Found: /socket.io/
WARNING 2026-01-06 09:35:08,767 basehttp 13340 25792 "GET /socket.io/?EIO=4&transport=websocket HTTP/1.1" 404 2392
WARNING 2026-01-06 09:35:17,361 log 13340 20324 Not Found: /socket.io/
WARNING 2026-01-06 09:35:17,362 basehttp 13340 20324 "GET /socket.io/?EIO=4&transport=websocket HTTP/1.1" 404 2392
WARNING 2026-01-06 09:35:24,808 log 13340 25928 Not Found: /socket.io/
WARNING 2026-01-06 09:35:24,809 basehttp 13340 25928 "GET /socket.io/?EIO=4&transport=websocket HTTP/1.1" 404 2392
WARNING 2026-01-06 09:35:33,581 log 13340 17104 Not Found: /socket.io/
WARNING 2026-01-06 09:35:33,582 basehttp 13340 17104 "GET /socket.io/?EIO=4&transport=websocket HTTP/1.1" 404 2392
WARNING 2026-01-06 09:35:44,699 log 13340 21000 Not Found: /socket.io/
WARNING 2026-01-06 09:35:44,700 basehttp 13340 21000 "GET /socket.io/?EIO=4&transport=websocket HTTP/1.1" 404 2392
WARNING 2026-01-06 09:35:51,908 log 13340 24260 Not Found: /socket.io/
WARNING 2026-01-06 09:35:51,910 basehttp 13340 24260 "GET /socket.io/?EIO=4&transport=websocket HTTP/1.1" 404 2392
WARNING 2026-01-06 09:35:59,789 log 13340 18244 Not Found: /socket.io/
WARNING 2026-01-06 09:35:59,791 basehttp 13340 18244 "GET /socket.io/?EIO=4&transport=websocket HTTP/1.1" 404 2392
WARNING 2026-01-06 09:36:08,868 log 13340 22376 Not Found: /socket.io/
WARNING 2026-01-06 09:36:08,871 basehttp 13340 22376 "GET /socket.io/?EIO=4&transport=websocket HTTP/1.1" 404 2392
WARNING 2026-01-06 09:36:16,760 log 13340 3612 Not Found: /socket.io/
WARNING 2026-01-06 09:36:16,763 basehttp 13340 3612 "GET /socket.io/?EIO=4&transport=websocket HTTP/1.1" 404 2392
WARNING 2026-01-06 09:36:27,360 log 13340 22064 Not Found: /socket.io/
WARNING 2026-01-06 09:36:27,361 basehttp 13340 22064 "GET /socket.io/?EIO=4&transport=websocket HTTP/1.1" 404 2392
WARNING 2026-01-06 09:36:35,269 log 13340 15352 Not Found: /socket.io/
WARNING 2026-01-06 09:36:35,270 basehttp 13340 15352 "GET /socket.io/?EIO=4&transport=websocket HTTP/1.1" 404 2392
WARNING 2026-01-06 09:36:43,447 log 13340 27300 Not Found: /socket.io/
WARNING 2026-01-06 09:36:43,448 basehttp 13340 27300 "GET /socket.io/?EIO=4&transport=websocket HTTP/1.1" 404 2392
WARNING 2026-01-06 09:36:54,467 log 13340 13828 Not Found: /socket.io/
WARNING 2026-01-06 09:36:54,468 basehttp 13340 13828 "GET /socket.io/?EIO=4&transport=websocket HTTP/1.1" 404 2392
WARNING 2026-01-06 09:37:00,771 log 13340 17380 Not Found: /socket.io/
WARNING 2026-01-06 09:37:00,772 basehttp 13340 17380 "GET /socket.io/?EIO=4&transport=websocket HTTP/1.1" 404 2392
WARNING 2026-01-06 09:37:06,765 log 13340 22352 Not Found: /socket.io/
WARNING 2026-01-06 09:37:06,766 basehttp 13340 22352 "GET /socket.io/?EIO=4&transport=websocket HTTP/1.1" 404 2392
WARNING 2026-01-06 09:37:12,774 log 13340 18448 Not Found: /socket.io/
WARNING 2026-01-06 09:37:12,776 basehttp 13340 18448 "GET /socket.io/?EIO=4&transport=websocket HTTP/1.1" 404 2392
WARNING 2026-01-06 09:37:18,773 log 13340 22816 Not Found: /socket.io/
WARNING 2026-01-06 09:37:18,774 basehttp 13340 22816 "GET /socket.io/?EIO=4&transport=websocket HTTP/1.1" 404 2392
WARNING 2026-01-06 09:37:24,786 log 13340 1240 Not Found: /socket.io/
WARNING 2026-01-06 09:37:24,790 basehttp 13340 1240 "GET /socket.io/?EIO=4&transport=websocket HTTP/1.1" 404 2392
WARNING 2026-01-06 09:37:30,799 log 13340 26100 Not Found: /socket.io/
WARNING 2026-01-06 09:37:30,802 basehttp 13340 26100 "GET /socket.io/?EIO=4&transport=websocket HTTP/1.1" 404 2392
WARNING 2026-01-06 09:37:36,788 log 13340 22348 Not Found: /socket.io/
WARNING 2026-01-06 09:37:36,790 basehttp 13340 22348 "GET /socket.io/?EIO=4&transport=websocket HTTP/1.1" 404 2392
WARNING 2026-01-06 09:37:42,782 log 13340 24748 Not Found: /socket.io/
WARNING 2026-01-06 09:37:42,783 basehttp 13340 24748 "GET /socket.io/?EIO=4&transport=websocket HTTP/1.1" 404 2392
WARNING 2026-01-06 09:37:48,818 log 13340 4572 Not Found: /socket.io/
WARNING 2026-01-06 09:37:48,820 basehttp 13340 4572 "GET /socket.io/?EIO=4&transport=websocket HTTP/1.1" 404 2392
WARNING 2026-01-06 09:37:54,780 log 13340 10436 Not Found: /socket.io/
WARNING 2026-01-06 09:37:54,782 basehttp 13340 10436 "GET /socket.io/?EIO=4&transport=websocket HTTP/1.1" 404 2392
WARNING 2026-01-06 09:38:00,802 log 13340 5504 Not Found: /socket.io/
WARNING 2026-01-06 09:38:00,804 basehttp 13340 5504 "GET /socket.io/?EIO=4&transport=websocket HTTP/1.1" 404 2392
WARNING 2026-01-06 09:38:06,904 log 13340 19016 Not Found: /socket.io/
WARNING 2026-01-06 09:38:06,906 basehttp 13340 19016 "GET /socket.io/?EIO=4&transport=websocket HTTP/1.1" 404 2392
WARNING 2026-01-06 09:38:13,083 log 13340 25708 Not Found: /socket.io/
WARNING 2026-01-06 09:38:13,084 basehttp 13340 25708 "GET /socket.io/?EIO=4&transport=websocket HTTP/1.1" 404 2392
WARNING 2026-01-06 09:38:19,077 log 13340 22052 Not Found: /socket.io/
WARNING 2026-01-06 09:38:19,078 basehttp 13340 22052 "GET /socket.io/?EIO=4&transport=websocket HTTP/1.1" 404 2392
WARNING 2026-01-06 09:38:25,497 log 13340 27136 Not Found: /socket.io/
WARNING 2026-01-06 09:38:25,499 basehttp 13340 27136 "GET /socket.io/?EIO=4&transport=websocket HTTP/1.1" 404 2392
WARNING 2026-01-06 09:38:33,231 log 13340 9620 Not Found: /socket.io/
WARNING 2026-01-06 09:38:33,232 basehttp 13340 9620 "GET /socket.io/?EIO=4&transport=websocket HTTP/1.1" 404 2392
WARNING 2026-01-06 09:38:43,713 log 13340 23452 Not Found: /socket.io/
WARNING 2026-01-06 09:38:43,714 basehttp 13340 23452 "GET /socket.io/?EIO=4&transport=websocket HTTP/1.1" 404 2392
WARNING 2026-01-06 09:38:53,262 log 13340 2800 Not Found: /socket.io/
WARNING 2026-01-06 09:38:53,263 basehttp 13340 2800 "GET /socket.io/?EIO=4&transport=websocket HTTP/1.1" 404 2392
WARNING 2026-01-06 09:39:02,462 log 13340 5852 Not Found: /socket.io/
WARNING 2026-01-06 09:39:02,463 basehttp 13340 5852 "GET /socket.io/?EIO=4&transport=websocket HTTP/1.1" 404 2392
WARNING 2026-01-06 09:39:13,653 log 13340 10056 Not Found: /socket.io/
WARNING 2026-01-06 09:39:13,654 basehttp 13340 10056 "GET /socket.io/?EIO=4&transport=websocket HTTP/1.1" 404 2392
WARNING 2026-01-06 09:39:23,901 log 13340 19288 Not Found: /socket.io/
WARNING 2026-01-06 09:39:23,902 basehttp 13340 19288 "GET /socket.io/?EIO=4&transport=websocket HTTP/1.1" 404 2392
WARNING 2026-01-06 09:39:34,493 log 13340 12456 Not Found: /socket.io/
WARNING 2026-01-06 09:39:34,494 basehttp 13340 12456 "GET /socket.io/?EIO=4&transport=websocket HTTP/1.1" 404 2392
WARNING 2026-01-06 09:39:42,156 log 13340 10740 Not Found: /socket.io/
WARNING 2026-01-06 09:39:42,158 basehttp 13340 10740 "GET /socket.io/?EIO=4&transport=websocket HTTP/1.1" 404 2392
WARNING 2026-01-06 09:39:51,746 log 13340 14416 Not Found: /socket.io/
WARNING 2026-01-06 09:39:51,747 basehttp 13340 14416 "GET /socket.io/?EIO=4&transport=websocket HTTP/1.1" 404 2392
WARNING 2026-01-06 09:40:02,773 log 13340 21552 Unauthorized: /api/accounts/dashboard/lecturer/
WARNING 2026-01-06 09:40:02,774 basehttp 13340 21552 "GET /api/accounts/dashboard/lecturer/ HTTP/1.1" 401 172
WARNING 2026-01-06 09:40:02,790 log 13340 24600 Unauthorized: /api/accounts/dashboard/lecturer/
WARNING 2026-01-06 09:40:02,791 basehttp 13340 24600 "GET /api/accounts/dashboard/lecturer/ HTTP/1.1" 401 172
INFO 2026-01-06 09:41:06,615 basehttp 13340 15508 "POST /api/accounts/jwt/login/ HTTP/1.1" 200 636
INFO 2026-01-06 09:41:06,716 views 13340 25940 Dashboard request for user 12: student@zetech.ac.ke, type: student
ERROR 2026-01-06 09:41:06,720 views 13340 24776 Error in get_notifications: no such column: accounts_notification.related_chat_room_id
ERROR 2026-01-06 09:41:06,721 log 13340 24776 Internal Server Error: /api/accounts/notifications/
ERROR 2026-01-06 09:41:06,723 basehttp 13340 24776 "GET /api/accounts/notifications/ HTTP/1.1" 500 33
INFO 2026-01-06 09:41:06,726 views 13340 25940 Dashboard data returned for user 12
INFO 2026-01-06 09:41:06,729 basehttp 13340 25940 "GET /api/accounts/dashboard/student/ HTTP/1.1" 200 232
ERROR 2026-01-06 09:41:06,731 views 13340 10420 Error in get_notifications: no such column: accounts_notification.related_chat_room_id
ERROR 2026-01-06 09:41:06,733 log 13340 10420 Internal Server Error: /api/accounts/notifications/
ERROR 2026-01-06 09:41:06,734 basehttp 13340 10420 "GET /api/accounts/notifications/ HTTP/1.1" 500 33
INFO 2026-01-06 09:41:06,735 views 13340 22656 Dashboard request for user 12: student@zetech.ac.ke, type: student
INFO 2026-01-06 09:41:06,741 views 13340 22656 Dashboard data returned for user 12
INFO 2026-01-06 09:41:06,742 basehttp 13340 22656 "GET /api/accounts/dashboard/student/ HTTP/1.1" 200 232
INFO 2026-01-06 09:41:35,324 basehttp 13340 12892 "POST /api/accounts/jwt/login/ HTTP/1.1" 200 636
INFO 2026-01-06 09:41:35,420 views 13340 19312 Dashboard request for user 12: student@zetech.ac.ke, type: student
ERROR 2026-01-06 09:41:35,423 views 13340 22620 Error in get_notifications: no such column: accounts_notification.related_chat_room_id
ERROR 2026-01-06 09:41:35,424 log 13340 22620 Internal Server Error: /api/accounts/notifications/
ERROR 2026-01-06 09:41:35,425 basehttp 13340 22620 "GET /api/accounts/notifications/ HTTP/1.1" 500 33
INFO 2026-01-06 09:41:35,429 views 13340 19312 Dashboard data returned for user 12
INFO 2026-01-06 09:41:35,431 basehttp 13340 19312 "GET /api/accounts/dashboard/student/ HTTP/1.1" 200 232
ERROR 2026-01-06 09:41:35,433 views 13340 9620 Error in get_notifications: no such column: accounts_notification.related_chat_room_id
ERROR 2026-01-06 09:41:35,434 log 13340 9620 Internal Server Error: /api/accounts/notifications/
ERROR 2026-01-06 09:41:35,436 basehttp 13340 9620 "GET /api/accounts/notifications/ HTTP/1.1" 500 33
INFO 2026-01-06 09:41:35,438 views 13340 25320 Dashboard request for user 12: student@zetech.ac.ke, type: student
INFO 2026-01-06 09:41:35,443 views 13340 25320 Dashboard data returned for user 12
INFO 2026-01-06 09:41:35,444 basehttp 13340 25320 "GET /api/accounts/dashboard/student/ HTTP/1.1" 200 232
WARNING 2026-01-06 09:55:27,361 log 13340 23320 Unauthorized: /api/accounts/dashboard/student/
WARNING 2026-01-06 09:55:27,371 basehttp 13340 23320 "GET /api/accounts/dashboard/student/ HTTP/1.1" 401 172
WARNING 2026-01-06 09:55:27,380 log 13340 2864 Unauthorized: /api/accounts/notifications/
WARNING 2026-01-06 09:55:27,397 basehttp 13340 2864 "GET /api/accounts/notifications/ HTTP/1.1" 401 172
WARNING 2026-01-06 09:55:27,400 log 13340 17976 Unauthorized: /api/accounts/dashboard/student/
WARNING 2026-01-06 09:55:27,402 basehttp 13340 17976 "GET /api/accounts/dashboard/student/ HTTP/1.1" 401 172
WARNING 2026-01-06 09:55:27,416 log 13340 21820 Unauthorized: /api/accounts/notifications/
WARNING 2026-01-06 09:55:27,418 basehttp 13340 21820 "GET /api/accounts/notifications/ HTTP/1.1" 401 172
INFO 2026-01-06 09:55:30,695 basehttp 13340 1676 "POST /api/accounts/jwt/login/ HTTP/1.1" 200 636
INFO 2026-01-06 09:55:30,803 views 13340 22032 Dashboard request for user 12: student@zetech.ac.ke, type: student
ERROR 2026-01-06 09:55:30,807 views 13340 25828 Error in get_notifications: no such column: accounts_notification.related_chat_room_id
ERROR 2026-01-06 09:55:30,807 log 13340 25828 Internal Server Error: /api/accounts/notifications/
ERROR 2026-01-06 09:55:30,809 basehttp 13340 25828 "GET /api/accounts/notifications/ HTTP/1.1" 500 33
INFO 2026-01-06 09:55:30,814 views 13340 22032 Dashboard data returned for user 12
INFO 2026-01-06 09:55:30,815 basehttp 13340 22032 "GET /api/accounts/dashboard/student/ HTTP/1.1" 200 232
ERROR 2026-01-06 09:55:30,817 views 13340 6444 Error in get_notifications: no such column: accounts_notification.related_chat_room_id
ERROR 2026-01-06 09:55:30,820 log 13340 6444 Internal Server Error: /api/accounts/notifications/
ERROR 2026-01-06 09:55:30,822 basehttp 13340 6444 "GET /api/accounts/notifications/ HTTP/1.1" 500 33
INFO 2026-01-06 09:55:30,823 views 13340 20344 Dashboard request for user 12: student@zetech.ac.ke, type: student
INFO 2026-01-06 09:55:30,829 views 13340 20344 Dashboard data returned for user 12
INFO 2026-01-06 09:55:30,829 basehttp 13340 20344 "GET /api/accounts/dashboard/student/ HTTP/1.1" 200 232
INFO 2026-01-06 09:55:52,702 views 13340 14276 Dashboard request for user 12: student@zetech.ac.ke, type: student
ERROR 2026-01-06 09:55:52,705 views 13340 21936 Error in get_notifications: no such column: accounts_notification.related_chat_room_id
ERROR 2026-01-06 09:55:52,708 log 13340 21936 Internal Server Error: /api/accounts/notifications/
ERROR 2026-01-06 09:55:52,710 basehttp 13340 21936 "GET /api/accounts/notifications/ HTTP/1.1" 500 33
INFO 2026-01-06 09:55:52,720 views 13340 14276 Dashboard data returned for user 12
INFO 2026-01-06 09:55:52,725 basehttp 13340 14276 "GET /api/accounts/dashboard/student/ HTTP/1.1" 200 232
ERROR 2026-01-06 09:55:52,725 views 13340 17980 Error in get_notifications: no such column: accounts_notification.related_chat_room_id
ERROR 2026-01-06 09:55:52,727 log 13340 17980 Internal Server Error: /api/accounts/notifications/
ERROR 2026-01-06 09:55:52,728 basehttp 13340 17980 "GET /api/accounts/notifications/ HTTP/1.1" 500 33
INFO 2026-01-06 09:55:52,739 views 13340 13944 Dashboard request for user 12: student@zetech.ac.ke, type: student
INFO 2026-01-06 09:55:52,752 views 13340 13944 Dashboard data returned for user 12
INFO 2026-01-06 09:55:52,753 basehttp 13340 13944 "GET /api/accounts/dashboard/student/ HTTP/1.1" 200 232
INFO 2026-01-06 09:55:55,956 basehttp 13340 9908 "GET /api/accounts/chat/rooms/ HTTP/1.1" 200 183
INFO 2026-01-06 09:55:57,623 basehttp 13340 20400 "GET /api/accounts/chat/messages/1/ HTTP/1.1" 200 2202
INFO 2026-01-06 09:59:49,827 basehttp 13340 708 "POST /api/accounts/chat/send/1/ HTTP/1.1" 201 155
INFO 2026-01-06 10:01:40,022 basehttp 13340 22504 "POST /api/accounts/jwt/login/ HTTP/1.1" 200 636
INFO 2026-01-06 10:01:40,193 views 13340 24008 Dashboard request for user 12: student@zetech.ac.ke, type: student
ERROR 2026-01-06 10:01:40,200 views 13340 26872 Error in get_notifications: no such column: accounts_notification.related_chat_room_id
ERROR 2026-01-06 10:01:40,202 log 13340 26872 Internal Server Error: /api/accounts/notifications/
ERROR 2026-01-06 10:01:40,204 basehttp 13340 26872 "GET /api/accounts/notifications/ HTTP/1.1" 500 33
INFO 2026-01-06 10:01:40,211 views 13340 24008 Dashboard data returned for user 12
INFO 2026-01-06 10:01:40,212 basehttp 13340 24008 "GET /api/accounts/dashboard/student/ HTTP/1.1" 200 232
ERROR 2026-01-06 10:01:40,217 views 13340 26924 Error in get_notifications: no such column: accounts_notification.related_chat_room_id
ERROR 2026-01-06 10:01:40,218 log 13340 26924 Internal Server Error: /api/accounts/notifications/
ERROR 2026-01-06 10:01:40,222 basehttp 13340 26924 "GET /api/accounts/notifications/ HTTP/1.1" 500 33
INFO 2026-01-06 10:01:40,223 views 13340 8500 Dashboard request for user 12: student@zetech.ac.ke, type: student
INFO 2026-01-06 10:01:40,235 views 13340 8500 Dashboard data returned for user 12
INFO 2026-01-06 10:01:40,236 basehttp 13340 8500 "GET /api/accounts/dashboard/student/ HTTP/1.1" 200 232
INFO 2026-01-06 10:04:23,687 views 13340 23400 Dashboard request for user 12: student@zetech.ac.ke, type: student
ERROR 2026-01-06 10:04:23,687 views 13340 23412 Error in get_notifications: no such column: accounts_notification.related_chat_room_id
ERROR 2026-01-06 10:04:23,690 log 13340 23412 Internal Server Error: /api/accounts/notifications/
ERROR 2026-01-06 10:04:23,695 basehttp 13340 23412 "GET /api/accounts/notifications/ HTTP/1.1" 500 33
INFO 2026-01-06 10:04:23,705 views 13340 23400 Dashboard data returned for user 12
INFO 2026-01-06 10:04:23,707 basehttp 13340 23400 "GET /api/accounts/dashboard/student/ HTTP/1.1" 200 232
ERROR 2026-01-06 10:04:23,711 views 13340 2736 Error in get_notifications: no such column: accounts_notification.related_chat_room_id
ERROR 2026-01-06 10:04:23,712 log 13340 2736 Internal Server Error: /api/accounts/notifications/
ERROR 2026-01-06 10:04:23,716 basehttp 13340 2736 "GET /api/accounts/notifications/ HTTP/1.1" 500 33
INFO 2026-01-06 10:04:23,719 views 13340 20824 Dashboard request for user 12: student@zetech.ac.ke, type: student
INFO 2026-01-06 10:04:23,734 views 13340 20824 Dashboard data returned for user 12
INFO 2026-01-06 10:04:23,735 basehttp 13340 20824 "GET /api/accounts/dashboard/student/ HTTP/1.1" 200 232
INFO 2026-01-06 10:04:43,716 views 13340 18852 Dashboard request for user 12: student@zetech.ac.ke, type: student
ERROR 2026-01-06 10:04:43,722 views 13340 26256 Error in get_notifications: no such column: accounts_notification.related_chat_room_id
ERROR 2026-01-06 10:04:43,723 log 13340 26256 Internal Server Error: /api/accounts/notifications/
ERROR 2026-01-06 10:04:43,725 basehttp 13340 26256 "GET /api/accounts/notifications/ HTTP/1.1" 500 33
INFO 2026-01-06 10:04:43,734 views 13340 18852 Dashboard data returned for user 12
INFO 2026-01-06 10:04:43,738 basehttp 13340 18852 "GET /api/accounts/dashboard/student/ HTTP/1.1" 200 232
ERROR 2026-01-06 10:04:43,753 views 13340 4228 Error in get_notifications: no such column: accounts_notification.related_chat_room_id
INFO 2026-01-06 10:04:43,754 views 13340 17180 Dashboard request for user 12: student@zetech.ac.ke, type: student
ERROR 2026-01-06 10:04:43,754 log 13340 4228 Internal Server Error: /api/accounts/notifications/
ERROR 2026-01-06 10:04:43,758 basehttp 13340 4228 "GET /api/accounts/notifications/ HTTP/1.1" 500 33
INFO 2026-01-06 10:04:43,769 views 13340 17180 Dashboard data returned for user 12
INFO 2026-01-06 10:04:43,771 basehttp 13340 17180 "GET /api/accounts/dashboard/student/ HTTP/1.1" 200 232
INFO 2026-01-06 10:05:22,800 views 13340 16432 Dashboard request for user 12: student@zetech.ac.ke, type: student
ERROR 2026-01-06 10:05:22,818 views 13340 11808 Error in get_notifications: no such column: accounts_notification.related_chat_room_id
ERROR 2026-01-06 10:05:22,823 log 13340 11808 Internal Server Error: /api/accounts/notifications/
INFO 2026-01-06 10:05:22,824 views 13340 16432 Dashboard data returned for user 12
ERROR 2026-01-06 10:05:22,826 basehttp 13340 11808 "GET /api/accounts/notifications/ HTTP/1.1" 500 33
INFO 2026-01-06 10:05:22,826 basehttp 13340 16432 "GET /api/accounts/dashboard/student/ HTTP/1.1" 200 232
ERROR 2026-01-06 10:05:22,847 views 13340 1152 Error in get_notifications: no such column: accounts_notification.related_chat_room_id
ERROR 2026-01-06 10:05:22,848 log 13340 1152 Internal Server Error: /api/accounts/notifications/
INFO 2026-01-06 10:05:22,849 views 13340 26956 Dashboard request for user 12: student@zetech.ac.ke, type: student
ERROR 2026-01-06 10:05:22,850 basehttp 13340 1152 "GET /api/accounts/notifications/ HTTP/1.1" 500 33
INFO 2026-01-06 10:05:22,866 views 13340 26956 Dashboard data returned for user 12
INFO 2026-01-06 10:05:22,869 basehttp 13340 26956 "GET /api/accounts/dashboard/student/ HTTP/1.1" 200 232
WARNING 2026-01-06 10:09:55,694 log 13340 1460 Unauthorized: /api/accounts/dashboard/student/
WARNING 2026-01-06 10:09:55,704 basehttp 13340 1460 "GET /api/accounts/dashboard/student/ HTTP/1.1" 401 172
WARNING 2026-01-06 10:09:55,720 log 13340 23188 Unauthorized: /api/accounts/notifications/
WARNING 2026-01-06 10:09:55,778 log 13340 23728 Unauthorized: /api/accounts/dashboard/student/
WARNING 2026-01-06 10:09:55,779 basehttp 13340 23188 "GET /api/accounts/notifications/ HTTP/1.1" 401 172
WARNING 2026-01-06 10:09:55,799 basehttp 13340 23728 "GET /api/accounts/dashboard/student/ HTTP/1.1" 401 172
WARNING 2026-01-06 10:09:55,868 log 13340 26620 Unauthorized: /api/accounts/notifications/
WARNING 2026-01-06 10:09:55,884 basehttp 13340 26620 "GET /api/accounts/notifications/ HTTP/1.1" 401 172
INFO 2026-01-06 10:10:00,622 basehttp 13340 20700 "POST /api/accounts/jwt/login/ HTTP/1.1" 200 636
INFO 2026-01-06 10:10:00,781 views 13340 24992 Dashboard request for user 12: student@zetech.ac.ke, type: student
ERROR 2026-01-06 10:10:00,786 views 13340 11404 Error in get_notifications: no such column: accounts_notification.related_chat_room_id
ERROR 2026-01-06 10:10:00,787 log 13340 11404 Internal Server Error: /api/accounts/notifications/
ERROR 2026-01-06 10:10:00,788 basehttp 13340 11404 "GET /api/accounts/notifications/ HTTP/1.1" 500 33
INFO 2026-01-06 10:10:00,799 views 13340 24992 Dashboard data returned for user 12
INFO 2026-01-06 10:10:00,801 basehttp 13340 24992 "GET /api/accounts/dashboard/student/ HTTP/1.1" 200 232
ERROR 2026-01-06 10:10:00,803 views 13340 9844 Error in get_notifications: no such column: accounts_notification.related_chat_room_id
ERROR 2026-01-06 10:10:00,805 log 13340 9844 Internal Server Error: /api/accounts/notifications/
ERROR 2026-01-06 10:10:00,809 basehttp 13340 9844 "GET /api/accounts/notifications/ HTTP/1.1" 500 33
INFO 2026-01-06 10:10:00,812 views 13340 22140 Dashboard request for user 12: student@zetech.ac.ke, type: student
INFO 2026-01-06 10:10:00,822 views 13340 22140 Dashboard data returned for user 12
INFO 2026-01-06 10:10:00,823 basehttp 13340 22140 "GET /api/accounts/dashboard/student/ HTTP/1.1" 200 232
WARNING 2026-01-06 10:16:28,694 log 13340 7444 Unauthorized: /api/accounts/dashboard/student/
WARNING 2026-01-06 10:16:28,696 basehttp 13340 7444 "GET /api/accounts/dashboard/student/ HTTP/1.1" 401 172
WARNING 2026-01-06 10:16:28,701 log 13340 16288 Unauthorized: /api/accounts/notifications/
WARNING 2026-01-06 10:16:28,705 basehttp 13340 16288 "GET /api/accounts/notifications/ HTTP/1.1" 401 172
WARNING 2026-01-06 10:16:28,714 log 13340 22448 Unauthorized: /api/accounts/dashboard/student/
WARNING 2026-01-06 10:16:28,719 log 13340 7648 Unauthorized: /api/accounts/notifications/
WARNING 2026-01-06 10:16:28,720 basehttp 13340 22448 "GET /api/accounts/dashboard/student/ HTTP/1.1" 401 172
WARNING 2026-01-06 10:16:28,723 basehttp 13340 7648 "GET /api/accounts/notifications/ HTTP/1.1" 401 172
INFO 2026-01-06 10:16:32,965 basehttp 13340 26024 "POST /api/accounts/jwt/login/ HTTP/1.1" 200 636
INFO 2026-01-06 10:16:33,146 views 13340 24492 Dashboard request for user 12: student@zetech.ac.ke, type: student
ERROR 2026-01-06 10:16:33,155 views 13340 22828 Error in get_notifications: no such column: accounts_notification.related_chat_room_id
ERROR 2026-01-06 10:16:33,156 log 13340 22828 Internal Server Error: /api/accounts/notifications/
ERROR 2026-01-06 10:16:33,158 basehttp 13340 22828 "GET /api/accounts/notifications/ HTTP/1.1" 500 33
INFO 2026-01-06 10:16:33,167 views 13340 24492 Dashboard data returned for user 12
INFO 2026-01-06 10:16:33,169 basehttp 13340 24492 "GET /api/accounts/dashboard/student/ HTTP/1.1" 200 232
ERROR 2026-01-06 10:16:33,173 views 13340 17024 Error in get_notifications: no such column: accounts_notification.related_chat_room_id
ERROR 2026-01-06 10:16:33,176 log 13340 17024 Internal Server Error: /api/accounts/notifications/
ERROR 2026-01-06 10:16:33,177 basehttp 13340 17024 "GET /api/accounts/notifications/ HTTP/1.1" 500 33
INFO 2026-01-06 10:16:33,179 views 13340 27212 Dashboard request for user 12: student@zetech.ac.ke, type: student
INFO 2026-01-06 10:16:33,191 views 13340 27212 Dashboard data returned for user 12
INFO 2026-01-06 10:16:33,192 basehttp 13340 27212 "GET /api/accounts/dashboard/student/ HTTP/1.1" 200 232
WARNING 2026-01-06 10:16:48,792 log 13340 27108 Not Found: /api/accounts/tasks/
WARNING 2026-01-06 10:16:48,793 basehttp 13340 27108 "GET /api/accounts/tasks/ HTTP/1.1" 404 7465
INFO 2026-01-06 10:27:49,090 autoreload 13340 11868 C:\Users\Administrator\Desktop\GroupHub\backend\accounts\urls.py changed, reloading.
INFO 2026-01-06 10:27:49,104 autoreload 5256 5844 C:\Users\Administrator\Desktop\GroupHub\backend\accounts\urls.py changed, reloading.
INFO 2026-01-06 10:27:51,352 autoreload 148 25088 Watching for file changes with StatReloader
INFO 2026-01-06 10:27:51,353 autoreload 22128 27608 Watching for file changes with StatReloader
INFO 2026-01-09 16:49:10,505 autoreload 28968 35396 Watching for file changes with StatReloader
INFO 2026-01-09 16:50:50,294 autoreload 28968 35396 C:\Users\Administrator\Desktop\GroupHub\backend\accounts\views.py changed, reloading.
INFO 2026-01-09 16:50:50,357 autoreload 148 25088 C:\Users\Administrator\Desktop\GroupHub\backend\accounts\views.py changed, reloading.
INFO 2026-01-09 16:50:51,365 autoreload 33904 14720 Watching for file changes with StatReloader
INFO 2026-01-09 16:50:51,702 autoreload 35620 22176 Watching for file changes with StatReloader
INFO 2026-01-12 10:19:00,980 autoreload 23400 13340 Watching for file changes with StatReloader
INFO 2026-01-12 10:32:17,556 basehttp 33904 10848 "POST /api/accounts/jwt/login/ HTTP/1.1" 200 636
INFO 2026-01-12 10:32:17,649 views 33904 38448 Dashboard request for user 12: student@zetech.ac.ke, type: student
ERROR 2026-01-12 10:32:17,653 views 33904 36236 Error in get_notifications: no such column: accounts_notification.related_chat_room_id
ERROR 2026-01-12 10:32:17,658 log 33904 36236 Internal Server Error: /api/accounts/notifications/
ERROR 2026-01-12 10:32:17,659 basehttp 33904 36236 "GET /api/accounts/notifications/ HTTP/1.1" 500 33
INFO 2026-01-12 10:32:17,665 views 33904 38448 Dashboard data returned for user 12
INFO 2026-01-12 10:32:17,666 basehttp 33904 38448 "GET /api/accounts/dashboard/student/ HTTP/1.1" 200 232
ERROR 2026-01-12 10:32:17,668 views 33904 20036 Error in get_notifications: no such column: accounts_notification.related_chat_room_id
ERROR 2026-01-12 10:32:17,669 log 33904 20036 Internal Server Error: /api/accounts/notifications/
ERROR 2026-01-12 10:32:17,671 basehttp 33904 20036 "GET /api/accounts/notifications/ HTTP/1.1" 500 33
INFO 2026-01-12 10:32:17,673 views 33904 15312 Dashboard request for user 12: student@zetech.ac.ke, type: student
INFO 2026-01-12 10:32:17,680 views 33904 15312 Dashboard data returned for user 12
INFO 2026-01-12 10:32:17,681 basehttp 33904 15312 "GET /api/accounts/dashboard/student/ HTTP/1.1" 200 232
INFO 2026-01-12 10:33:25,012 basehttp 33904 31420 "GET /api/accounts/chat/rooms/ HTTP/1.1" 200 181
INFO 2026-01-12 10:33:27,146 basehttp 33904 4344 "GET /api/accounts/chat/messages/1/ HTTP/1.1" 200 2358
INFO 2026-01-12 10:34:14,203 basehttp 33904 7920 "POST /api/accounts/chat/send/1/ HTTP/1.1" 201 154
INFO 2026-01-12 10:34:23,805 basehttp 33904 5160 "POST /api/accounts/jwt/login/ HTTP/1.1" 200 639
INFO 2026-01-12 10:34:23,885 views 33904 28004 Dashboard request for user 13: lecturer@zetech.ac.ke, type: lecturer
INFO 2026-01-12 10:34:23,893 views 33904 28004 Dashboard data returned for user 13
INFO 2026-01-12 10:34:23,894 basehttp 33904 28004 "GET /api/accounts/dashboard/lecturer/ HTTP/1.1" 200 222
INFO 2026-01-12 10:34:23,901 views 33904 34292 Dashboard request for user 13: lecturer@zetech.ac.ke, type: lecturer
INFO 2026-01-12 10:34:23,906 views 33904 34292 Dashboard data returned for user 13
INFO 2026-01-12 10:34:23,906 basehttp 33904 34292 "GET /api/accounts/dashboard/lecturer/ HTTP/1.1" 200 222
WARNING 2026-01-12 10:34:24,239 log 33904 13076 Not Found: /socket.io/
WARNING 2026-01-12 10:34:24,240 basehttp 33904 13076 "GET /socket.io/?EIO=4&transport=websocket HTTP/1.1" 404 2392
WARNING 2026-01-12 10:34:25,735 log 33904 22772 Not Found: /socket.io/
WARNING 2026-01-12 10:34:25,737 basehttp 33904 22772 "GET /socket.io/?EIO=4&transport=websocket HTTP/1.1" 404 2392
WARNING 2026-01-12 10:34:28,978 log 33904 9036 Not Found: /socket.io/
WARNING 2026-01-12 10:34:28,979 basehttp 33904 9036 "GET /socket.io/?EIO=4&transport=websocket HTTP/1.1" 404 2392
WARNING 2026-01-12 10:34:29,080 log 33904 38584 Not Found: /api/accounts/chat/unread-counts/
WARNING 2026-01-12 10:34:29,081 basehttp 33904 38584 "GET /api/accounts/chat/unread-counts/ HTTP/1.1" 404 8062
INFO 2026-01-12 10:34:29,085 views 33904 37384 Dashboard request for user 13: lecturer@zetech.ac.ke, type: lecturer
INFO 2026-01-12 10:34:29,087 basehttp 33904 24620 "GET /api/accounts/students/ HTTP/1.1" 200 464
INFO 2026-01-12 10:34:29,097 views 33904 37384 Dashboard data returned for user 13
INFO 2026-01-12 10:34:29,098 basehttp 33904 37384 "GET /api/accounts/dashboard/lecturer/ HTTP/1.1" 200 222
INFO 2026-01-12 10:34:29,100 basehttp 33904 5620 "GET /api/accounts/chat/rooms/ HTTP/1.1" 200 713
INFO 2026-01-12 10:34:30,537 basehttp 33904 26004 "GET /api/accounts/chat/messages/1/ HTTP/1.1" 200 2513
WARNING 2026-01-12 10:34:30,840 log 33904 19892 Not Found: /socket.io/
WARNING 2026-01-12 10:34:30,840 basehttp 33904 19892 "GET /socket.io/?EIO=4&transport=websocket HTTP/1.1" 404 2392
WARNING 2026-01-12 10:34:32,225 log 33904 38452 Not Found: /socket.io/
WARNING 2026-01-12 10:34:32,226 basehttp 33904 38452 "GET /socket.io/?EIO=4&transport=websocket HTTP/1.1" 404 2392
WARNING 2026-01-12 10:34:34,350 log 33904 4004 Not Found: /socket.io/
WARNING 2026-01-12 10:34:34,351 basehttp 33904 4004 "GET /socket.io/?EIO=4&transport=websocket HTTP/1.1" 404 2392
WARNING 2026-01-12 10:34:38,659 log 33904 16916 Not Found: /socket.io/
WARNING 2026-01-12 10:34:38,659 basehttp 33904 16916 "GET /socket.io/?EIO=4&transport=websocket HTTP/1.1" 404 2392
WARNING 2026-01-12 10:34:43,990 log 33904 31776 Not Found: /socket.io/
WARNING 2026-01-12 10:34:43,990 basehttp 33904 31776 "GET /socket.io/?EIO=4&transport=websocket HTTP/1.1" 404 2392
WARNING 2026-01-12 10:34:49,311 log 33904 37940 Not Found: /socket.io/
WARNING 2026-01-12 10:34:49,312 basehttp 33904 37940 "GET /socket.io/?EIO=4&transport=websocket HTTP/1.1" 404 2392
WARNING 2026-01-12 10:34:54,638 log 33904 23500 Not Found: /socket.io/
WARNING 2026-01-12 10:34:54,638 basehttp 33904 23500 "GET /socket.io/?EIO=4&transport=websocket HTTP/1.1" 404 2392
WARNING 2026-01-12 10:34:59,966 log 33904 38812 Not Found: /socket.io/
WARNING 2026-01-12 10:34:59,967 basehttp 33904 38812 "GET /socket.io/?EIO=4&transport=websocket HTTP/1.1" 404 2392
WARNING 2026-01-12 10:35:05,299 log 33904 38628 Not Found: /socket.io/
WARNING 2026-01-12 10:35:05,299 basehttp 33904 38628 "GET /socket.io/?EIO=4&transport=websocket HTTP/1.1" 404 2392
WARNING 2026-01-12 10:35:10,616 log 33904 8936 Not Found: /socket.io/
WARNING 2026-01-12 10:35:10,616 basehttp 33904 8936 "GET /socket.io/?EIO=4&transport=websocket HTTP/1.1" 404 2392
WARNING 2026-01-12 10:35:15,934 log 33904 30840 Not Found: /socket.io/
WARNING 2026-01-12 10:35:15,935 basehttp 33904 30840 "GET /socket.io/?EIO=4&transport=websocket HTTP/1.1" 404 2392
WARNING 2026-01-12 10:35:21,254 log 33904 3028 Not Found: /socket.io/
WARNING 2026-01-12 10:35:21,254 basehttp 33904 3028 "GET /socket.io/?EIO=4&transport=websocket HTTP/1.1" 404 2392
WARNING 2026-01-12 10:35:26,572 log 33904 24888 Not Found: /socket.io/
WARNING 2026-01-12 10:35:26,573 basehttp 33904 24888 "GET /socket.io/?EIO=4&transport=websocket HTTP/1.1" 404 2392
WARNING 2026-01-12 10:35:31,893 log 33904 9128 Not Found: /socket.io/
WARNING 2026-01-12 10:35:31,893 basehttp 33904 9128 "GET /socket.io/?EIO=4&transport=websocket HTTP/1.1" 404 2392
WARNING 2026-01-12 10:35:37,214 log 33904 16780 Not Found: /socket.io/
WARNING 2026-01-12 10:35:37,214 basehttp 33904 16780 "GET /socket.io/?EIO=4&transport=websocket HTTP/1.1" 404 2392
WARNING 2026-01-12 10:35:42,547 log 33904 13876 Not Found: /socket.io/
WARNING 2026-01-12 10:35:42,547 basehttp 33904 13876 "GET /socket.io/?EIO=4&transport=websocket HTTP/1.1" 404 2392
WARNING 2026-01-12 10:35:47,874 log 33904 36896 Not Found: /socket.io/
WARNING 2026-01-12 10:35:47,875 basehttp 33904 36896 "GET /socket.io/?EIO=4&transport=websocket HTTP/1.1" 404 2392
WARNING 2026-01-12 10:35:53,205 log 33904 28464 Not Found: /socket.io/
WARNING 2026-01-12 10:35:53,205 basehttp 33904 28464 "GET /socket.io/?EIO=4&transport=websocket HTTP/1.1" 404 2392
WARNING 2026-01-12 10:35:58,538 log 33904 23992 Not Found: /socket.io/
WARNING 2026-01-12 10:35:58,539 basehttp 33904 23992 "GET /socket.io/?EIO=4&transport=websocket HTTP/1.1" 404 2392
WARNING 2026-01-12 10:36:03,872 log 33904 38468 Not Found: /socket.io/
WARNING 2026-01-12 10:36:03,872 basehttp 33904 38468 "GET /socket.io/?EIO=4&transport=websocket HTTP/1.1" 404 2392
WARNING 2026-01-12 10:36:09,214 log 33904 28920 Not Found: /socket.io/
WARNING 2026-01-12 10:36:09,214 basehttp 33904 28920 "GET /socket.io/?EIO=4&transport=websocket HTTP/1.1" 404 2392
WARNING 2026-01-12 10:36:14,562 log 33904 38864 Not Found: /socket.io/
WARNING 2026-01-12 10:36:14,562 basehttp 33904 38864 "GET /socket.io/?EIO=4&transport=websocket HTTP/1.1" 404 2392
WARNING 2026-01-12 10:36:19,928 log 33904 11740 Not Found: /socket.io/
WARNING 2026-01-12 10:36:19,930 basehttp 33904 11740 "GET /socket.io/?EIO=4&transport=websocket HTTP/1.1" 404 2392
WARNING 2026-01-12 10:36:25,291 log 33904 1656 Not Found: /socket.io/
WARNING 2026-01-12 10:36:25,292 basehttp 33904 1656 "GET /socket.io/?EIO=4&transport=websocket HTTP/1.1" 404 2392
WARNING 2026-01-12 10:36:30,660 log 33904 20096 Not Found: /socket.io/
WARNING 2026-01-12 10:36:30,660 basehttp 33904 20096 "GET /socket.io/?EIO=4&transport=websocket HTTP/1.1" 404 2392
WARNING 2026-01-12 10:36:36,005 log 33904 19984 Not Found: /socket.io/
WARNING 2026-01-12 10:36:36,006 basehttp 33904 19984 "GET /socket.io/?EIO=4&transport=websocket HTTP/1.1" 404 2392
WARNING 2026-01-12 10:36:41,359 log 33904 38364 Not Found: /socket.io/
WARNING 2026-01-12 10:36:41,359 basehttp 33904 38364 "GET /socket.io/?EIO=4&transport=websocket HTTP/1.1" 404 2392
WARNING 2026-01-12 10:36:46,715 log 33904 29192 Not Found: /socket.io/
WARNING 2026-01-12 10:36:46,716 basehttp 33904 29192 "GET /socket.io/?EIO=4&transport=websocket HTTP/1.1" 404 2392
WARNING 2026-01-12 10:36:52,091 log 33904 28792 Not Found: /socket.io/
WARNING 2026-01-12 10:36:52,091 basehttp 33904 28792 "GET /socket.io/?EIO=4&transport=websocket HTTP/1.1" 404 2392
WARNING 2026-01-12 10:36:57,457 log 33904 1192 Not Found: /socket.io/
WARNING 2026-01-12 10:36:57,457 basehttp 33904 1192 "GET /socket.io/?EIO=4&transport=websocket HTTP/1.1" 404 2392
WARNING 2026-01-12 10:37:02,855 log 33904 38404 Not Found: /socket.io/
WARNING 2026-01-12 10:37:02,856 basehttp 33904 38404 "GET /socket.io/?EIO=4&transport=websocket HTTP/1.1" 404 2392
WARNING 2026-01-12 10:37:08,238 log 33904 32040 Not Found: /socket.io/
WARNING 2026-01-12 10:37:08,238 basehttp 33904 32040 "GET /socket.io/?EIO=4&transport=websocket HTTP/1.1" 404 2392
WARNING 2026-01-12 10:37:13,763 log 33904 21952 Not Found: /socket.io/
WARNING 2026-01-12 10:37:13,764 basehttp 33904 21952 "GET /socket.io/?EIO=4&transport=websocket HTTP/1.1" 404 2392
WARNING 2026-01-12 10:37:19,196 log 33904 4472 Not Found: /socket.io/
WARNING 2026-01-12 10:37:19,197 basehttp 33904 4472 "GET /socket.io/?EIO=4&transport=websocket HTTP/1.1" 404 2392
WARNING 2026-01-12 10:37:24,766 log 33904 20440 Not Found: /socket.io/
WARNING 2026-01-12 10:37:24,767 basehttp 33904 20440 "GET /socket.io/?EIO=4&transport=websocket HTTP/1.1" 404 2392
WARNING 2026-01-12 10:37:30,510 log 33904 20112 Not Found: /socket.io/
WARNING 2026-01-12 10:37:30,510 basehttp 33904 20112 "GET /socket.io/?EIO=4&transport=websocket HTTP/1.1" 404 2392
WARNING 2026-01-12 10:37:36,364 log 33904 38576 Not Found: /socket.io/
WARNING 2026-01-12 10:37:36,365 basehttp 33904 38576 "GET /socket.io/?EIO=4&transport=websocket HTTP/1.1" 404 2392
WARNING 2026-01-12 10:37:42,217 log 33904 36212 Not Found: /socket.io/
WARNING 2026-01-12 10:37:42,218 basehttp 33904 36212 "GET /socket.io/?EIO=4&transport=websocket HTTP/1.1" 404 2392
WARNING 2026-01-12 10:37:48,432 log 33904 2536 Not Found: /socket.io/
WARNING 2026-01-12 10:37:48,432 basehttp 33904 2536 "GET /socket.io/?EIO=4&transport=websocket HTTP/1.1" 404 2392
WARNING 2026-01-12 10:37:54,354 log 33904 27028 Not Found: /socket.io/
WARNING 2026-01-12 10:37:54,355 basehttp 33904 27028 "GET /socket.io/?EIO=4&transport=websocket HTTP/1.1" 404 2392
WARNING 2026-01-12 10:38:00,291 log 33904 37064 Not Found: /socket.io/
WARNING 2026-01-12 10:38:00,293 basehttp 33904 37064 "GET /socket.io/?EIO=4&transport=websocket HTTP/1.1" 404 2392
WARNING 2026-01-12 10:38:07,360 log 33904 37904 Not Found: /socket.io/
WARNING 2026-01-12 10:38:07,361 basehttp 33904 37904 "GET /socket.io/?EIO=4&transport=websocket HTTP/1.1" 404 2392
WARNING 2026-01-12 10:38:12,698 log 33904 34424 Not Found: /socket.io/
WARNING 2026-01-12 10:38:12,699 basehttp 33904 34424 "GET /socket.io/?EIO=4&transport=websocket HTTP/1.1" 404 2392
WARNING 2026-01-12 10:38:18,035 log 33904 33468 Not Found: /socket.io/
WARNING 2026-01-12 10:38:18,036 basehttp 33904 33468 "GET /socket.io/?EIO=4&transport=websocket HTTP/1.1" 404 2392
WARNING 2026-01-12 10:38:23,365 log 33904 30616 Not Found: /socket.io/
WARNING 2026-01-12 10:38:23,366 basehttp 33904 30616 "GET /socket.io/?EIO=4&transport=websocket HTTP/1.1" 404 2392
WARNING 2026-01-12 10:38:28,695 log 33904 16428 Not Found: /socket.io/
WARNING 2026-01-12 10:38:28,695 basehttp 33904 16428 "GET /socket.io/?EIO=4&transport=websocket HTTP/1.1" 404 2392
WARNING 2026-01-12 10:38:34,021 log 33904 33336 Not Found: /socket.io/
WARNING 2026-01-12 10:38:34,021 basehttp 33904 33336 "GET /socket.io/?EIO=4&transport=websocket HTTP/1.1" 404 2392
WARNING 2026-01-12 10:38:39,370 log 33904 5608 Not Found: /socket.io/
WARNING 2026-01-12 10:38:39,370 basehttp 33904 5608 "GET /socket.io/?EIO=4&transport=websocket HTTP/1.1" 404 2392
WARNING 2026-01-12 10:38:44,725 log 33904 17628 Not Found: /socket.io/
WARNING 2026-01-12 10:38:44,725 basehttp 33904 17628 "GET /socket.io/?EIO=4&transport=websocket HTTP/1.1" 404 2392
WARNING 2026-01-12 10:38:50,076 log 33904 38436 Not Found: /socket.io/
WARNING 2026-01-12 10:38:50,076 basehttp 33904 38436 "GET /socket.io/?EIO=4&transport=websocket HTTP/1.1" 404 2392
WARNING 2026-01-12 10:38:55,419 log 33904 22720 Not Found: /socket.io/
WARNING 2026-01-12 10:38:55,419 basehttp 33904 22720 "GET /socket.io/?EIO=4&transport=websocket HTTP/1.1" 404 2392
WARNING 2026-01-12 10:39:00,775 log 33904 38408 Not Found: /socket.io/
WARNING 2026-01-12 10:39:00,775 basehttp 33904 38408 "GET /socket.io/?EIO=4&transport=websocket HTTP/1.1" 404 2392
WARNING 2026-01-12 10:39:06,166 log 33904 26304 Not Found: /socket.io/
WARNING 2026-01-12 10:39:06,167 basehttp 33904 26304 "GET /socket.io/?EIO=4&transport=websocket HTTP/1.1" 404 2392
WARNING 2026-01-12 10:39:11,538 log 33904 21580 Not Found: /socket.io/
WARNING 2026-01-12 10:39:11,539 basehttp 33904 21580 "GET /socket.io/?EIO=4&transport=websocket HTTP/1.1" 404 2392
WARNING 2026-01-12 10:39:17,033 log 33904 29076 Not Found: /socket.io/
WARNING 2026-01-12 10:39:17,034 basehttp 33904 29076 "GET /socket.io/?EIO=4&transport=websocket HTTP/1.1" 404 2392
WARNING 2026-01-12 10:39:22,875 log 33904 5108 Not Found: /socket.io/
WARNING 2026-01-12 10:39:22,875 basehttp 33904 5108 "GET /socket.io/?EIO=4&transport=websocket HTTP/1.1" 404 2392
WARNING 2026-01-12 10:39:28,551 log 33904 11308 Not Found: /socket.io/
WARNING 2026-01-12 10:39:28,551 basehttp 33904 11308 "GET /socket.io/?EIO=4&transport=websocket HTTP/1.1" 404 2392
WARNING 2026-01-12 10:39:36,276 log 33904 21356 Not Found: /socket.io/
WARNING 2026-01-12 10:39:36,276 basehttp 33904 21356 "GET /socket.io/?EIO=4&transport=websocket HTTP/1.1" 404 2392
WARNING 2026-01-12 10:39:44,966 log 33904 14792 Not Found: /socket.io/
WARNING 2026-01-12 10:39:44,967 basehttp 33904 14792 "GET /socket.io/?EIO=4&transport=websocket HTTP/1.1" 404 2392
WARNING 2026-01-12 10:39:53,181 log 33904 15652 Not Found: /socket.io/
WARNING 2026-01-12 10:39:53,181 basehttp 33904 15652 "GET /socket.io/?EIO=4&transport=websocket HTTP/1.1" 404 2392
WARNING 2026-01-12 10:42:39,110 log 33904 22164 Unauthorized: /api/accounts/dashboard/lecturer/
WARNING 2026-01-12 10:42:39,111 basehttp 33904 22164 "GET /api/accounts/dashboard/lecturer/ HTTP/1.1" 401 172
WARNING 2026-01-12 10:42:39,117 log 33904 32648 Unauthorized: /api/accounts/dashboard/lecturer/
WARNING 2026-01-12 10:42:39,117 basehttp 33904 32648 "GET /api/accounts/dashboard/lecturer/ HTTP/1.1" 401 172
INFO 2026-01-12 10:51:43,185 basehttp 33904 36144 "POST /api/accounts/jwt/login/ HTTP/1.1" 200 639
INFO 2026-01-12 10:51:43,274 views 33904 10164 Dashboard request for user 13: lecturer@zetech.ac.ke, type: lecturer
INFO 2026-01-12 10:51:43,280 views 33904 10164 Dashboard data returned for user 13
INFO 2026-01-12 10:51:43,281 basehttp 33904 10164 "GET /api/accounts/dashboard/lecturer/ HTTP/1.1" 200 222
INFO 2026-01-12 10:51:43,286 views 33904 37452 Dashboard request for user 13: lecturer@zetech.ac.ke, type: lecturer
INFO 2026-01-12 10:51:43,291 views 33904 37452 Dashboard data returned for user 13
INFO 2026-01-12 10:51:43,292 basehttp 33904 37452 "GET /api/accounts/dashboard/lecturer/ HTTP/1.1" 200 222
WARNING 2026-01-12 10:51:43,586 log 33904 10988 Not Found: /socket.io/
WARNING 2026-01-12 10:51:43,586 basehttp 33904 10988 "GET /socket.io/?EIO=4&transport=websocket HTTP/1.1" 404 2392
WARNING 2026-01-12 10:51:44,986 log 33904 33728 Not Found: /socket.io/
WARNING 2026-01-12 10:51:44,988 basehttp 33904 33728 "GET /socket.io/?EIO=4&transport=websocket HTTP/1.1" 404 2392
WARNING 2026-01-12 10:51:46,829 log 33904 36856 Not Found: /socket.io/
WARNING 2026-01-12 10:51:46,831 basehttp 33904 36856 "GET /socket.io/?EIO=4&transport=websocket HTTP/1.1" 404 2392
WARNING 2026-01-12 10:51:51,926 log 33904 23660 Not Found: /socket.io/
WARNING 2026-01-12 10:51:51,926 basehttp 33904 23660 "GET /socket.io/?EIO=4&transport=websocket HTTP/1.1" 404 2392
WARNING 2026-01-12 10:51:56,755 log 33904 36728 Not Found: /socket.io/
WARNING 2026-01-12 10:51:56,756 basehttp 33904 36728 "GET /socket.io/?EIO=4&transport=websocket HTTP/1.1" 404 2392
WARNING 2026-01-12 10:52:02,091 log 33904 27256 Not Found: /socket.io/
WARNING 2026-01-12 10:52:02,092 basehttp 33904 27256 "GET /socket.io/?EIO=4&transport=websocket HTTP/1.1" 404 2392
WARNING 2026-01-12 10:52:07,416 log 33904 23712 Not Found: /socket.io/
WARNING 2026-01-12 10:52:07,416 basehttp 33904 23712 "GET /socket.io/?EIO=4&transport=websocket HTTP/1.1" 404 2392
WARNING 2026-01-12 10:52:12,762 log 33904 36184 Not Found: /socket.io/
WARNING 2026-01-12 10:52:12,762 basehttp 33904 36184 "GET /socket.io/?EIO=4&transport=websocket HTTP/1.1" 404 2392
WARNING 2026-01-12 10:52:18,076 log 33904 11228 Not Found: /socket.io/
WARNING 2026-01-12 10:52:18,077 basehttp 33904 11228 "GET /socket.io/?EIO=4&transport=websocket HTTP/1.1" 404 2392
WARNING 2026-01-12 10:52:23,404 log 33904 36660 Not Found: /socket.io/
WARNING 2026-01-12 10:52:23,404 basehttp 33904 36660 "GET /socket.io/?EIO=4&transport=websocket HTTP/1.1" 404 2392
WARNING 2026-01-12 10:52:28,766 log 33904 8936 Not Found: /socket.io/
WARNING 2026-01-12 10:52:28,767 basehttp 33904 8936 "GET /socket.io/?EIO=4&transport=websocket HTTP/1.1" 404 2392
WARNING 2026-01-12 10:52:34,123 log 33904 1264 Not Found: /socket.io/
WARNING 2026-01-12 10:52:34,124 basehttp 33904 1264 "GET /socket.io/?EIO=4&transport=websocket HTTP/1.1" 404 2392
WARNING 2026-01-12 10:52:39,480 log 33904 29456 Not Found: /socket.io/
WARNING 2026-01-12 10:52:39,480 basehttp 33904 29456 "GET /socket.io/?EIO=4&transport=websocket HTTP/1.1" 404 2392
INFO 2026-01-12 10:52:39,640 views 33904 19240 Dashboard request for user 13: lecturer@zetech.ac.ke, type: lecturer
INFO 2026-01-12 10:52:39,647 views 33904 19240 Dashboard data returned for user 13
INFO 2026-01-12 10:52:39,648 basehttp 33904 19240 "GET /api/accounts/dashboard/lecturer/ HTTP/1.1" 200 222
INFO 2026-01-12 10:52:42,399 views 33904 10684 Dashboard request for user 13: lecturer@zetech.ac.ke, type: lecturer
INFO 2026-01-12 10:52:42,404 views 33904 10684 Dashboard data returned for user 13
INFO 2026-01-12 10:52:42,405 basehttp 33904 10684 "GET /api/accounts/dashboard/lecturer/ HTTP/1.1" 200 222
WARNING 2026-01-12 10:52:44,828 log 33904 34036 Not Found: /socket.io/
WARNING 2026-01-12 10:52:44,829 basehttp 33904 34036 "GET /socket.io/?EIO=4&transport=websocket HTTP/1.1" 404 2392
WARNING 2026-01-12 10:52:50,162 log 33904 37032 Not Found: /socket.io/
WARNING 2026-01-12 10:52:50,163 basehttp 33904 37032 "GET /socket.io/?EIO=4&transport=websocket HTTP/1.1" 404 2392
WARNING 2026-01-12 10:52:55,517 log 33904 4344 Not Found: /socket.io/
WARNING 2026-01-12 10:52:55,518 basehttp 33904 4344 "GET /socket.io/?EIO=4&transport=websocket HTTP/1.1" 404 2392
WARNING 2026-01-12 10:53:00,860 log 33904 38812 Not Found: /socket.io/
WARNING 2026-01-12 10:53:00,861 basehttp 33904 38812 "GET /socket.io/?EIO=4&transport=websocket HTTP/1.1" 404 2392
WARNING 2026-01-12 10:53:06,232 log 33904 18428 Not Found: /socket.io/
WARNING 2026-01-12 10:53:06,233 basehttp 33904 18428 "GET /socket.io/?EIO=4&transport=websocket HTTP/1.1" 404 2392
WARNING 2026-01-12 10:53:11,575 log 33904 37396 Not Found: /socket.io/
WARNING 2026-01-12 10:53:11,575 basehttp 33904 37396 "GET /socket.io/?EIO=4&transport=websocket HTTP/1.1" 404 2392
INFO 2026-01-12 10:53:13,349 views 33904 24324 Dashboard request for user 13: lecturer@zetech.ac.ke, type: lecturer
WARNING 2026-01-12 10:53:13,368 log 33904 25448 Not Found: /api/accounts/chat/unread-counts/
WARNING 2026-01-12 10:53:13,372 basehttp 33904 25448 "GET /api/accounts/chat/unread-counts/ HTTP/1.1" 404 8062
INFO 2026-01-12 10:53:13,379 basehttp 33904 34944 "GET /api/accounts/students/ HTTP/1.1" 200 464
INFO 2026-01-12 10:53:13,379 views 33904 24324 Dashboard data returned for user 13
INFO 2026-01-12 10:53:13,384 basehttp 33904 24324 "GET /api/accounts/dashboard/lecturer/ HTTP/1.1" 200 222
INFO 2026-01-12 10:53:13,391 basehttp 33904 20356 "GET /api/accounts/chat/rooms/ HTTP/1.1" 200 713
WARNING 2026-01-12 10:53:16,969 log 33904 24788 Not Found: /socket.io/
WARNING 2026-01-12 10:53:16,970 basehttp 33904 24788 "GET /socket.io/?EIO=4&transport=websocket HTTP/1.1" 404 2392
INFO 2026-01-12 10:53:20,420 views 33904 2804 Dashboard request for user 13: lecturer@zetech.ac.ke, type: lecturer
INFO 2026-01-12 10:53:20,424 views 33904 2804 Dashboard data returned for user 13
INFO 2026-01-12 10:53:20,424 basehttp 33904 2804 "GET /api/accounts/dashboard/lecturer/ HTTP/1.1" 200 222
WARNING 2026-01-12 10:53:22,376 log 33904 23584 Not Found: /socket.io/
WARNING 2026-01-12 10:53:22,377 basehttp 33904 23584 "GET /socket.io/?EIO=4&transport=websocket HTTP/1.1" 404 2392
WARNING 2026-01-12 10:53:27,765 log 33904 32536 Not Found: /socket.io/
WARNING 2026-01-12 10:53:27,766 basehttp 33904 32536 "GET /socket.io/?EIO=4&transport=websocket HTTP/1.1" 404 2392
WARNING 2026-01-12 10:53:33,774 log 33904 38344 Not Found: /socket.io/
WARNING 2026-01-12 10:53:33,774 basehttp 33904 38344 "GET /socket.io/?EIO=4&transport=websocket HTTP/1.1" 404 2392
WARNING 2026-01-12 10:53:39,762 log 33904 25204 Not Found: /socket.io/
WARNING 2026-01-12 10:53:39,764 basehttp 33904 25204 "GET /socket.io/?EIO=4&transport=websocket HTTP/1.1" 404 2392
WARNING 2026-01-12 10:53:45,941 log 33904 34984 Not Found: /socket.io/
WARNING 2026-01-12 10:53:45,942 basehttp 33904 34984 "GET /socket.io/?EIO=4&transport=websocket HTTP/1.1" 404 2392
WARNING 2026-01-12 10:53:52,009 log 33904 36020 Not Found: /socket.io/
WARNING 2026-01-12 10:53:52,010 basehttp 33904 36020 "GET /socket.io/?EIO=4&transport=websocket HTTP/1.1" 404 2392
WARNING 2026-01-12 10:53:57,979 log 33904 35444 Not Found: /socket.io/
WARNING 2026-01-12 10:53:57,979 basehttp 33904 35444 "GET /socket.io/?EIO=4&transport=websocket HTTP/1.1" 404 2392
WARNING 2026-01-12 10:54:04,853 log 33904 36452 Not Found: /socket.io/
WARNING 2026-01-12 10:54:04,853 basehttp 33904 36452 "GET /socket.io/?EIO=4&transport=websocket HTTP/1.1" 404 2392
WARNING 2026-01-12 10:54:11,574 log 33904 21012 Not Found: /socket.io/
WARNING 2026-01-12 10:54:11,574 basehttp 33904 21012 "GET /socket.io/?EIO=4&transport=websocket HTTP/1.1" 404 2392
WARNING 2026-01-12 10:54:19,214 log 33904 11544 Not Found: /socket.io/
WARNING 2026-01-12 10:54:19,214 basehttp 33904 11544 "GET /socket.io/?EIO=4&transport=websocket HTTP/1.1" 404 2392
WARNING 2026-01-12 10:54:25,631 log 33904 3888 Not Found: /socket.io/
WARNING 2026-01-12 10:54:25,631 basehttp 33904 3888 "GET /socket.io/?EIO=4&transport=websocket HTTP/1.1" 404 2392
WARNING 2026-01-12 10:54:35,423 log 33904 23464 Not Found: /socket.io/
WARNING 2026-01-12 10:54:35,424 basehttp 33904 23464 "GET /socket.io/?EIO=4&transport=websocket HTTP/1.1" 404 2392
WARNING 2026-01-12 10:54:43,870 log 33904 37036 Not Found: /socket.io/
WARNING 2026-01-12 10:54:43,871 basehttp 33904 37036 "GET /socket.io/?EIO=4&transport=websocket HTTP/1.1" 404 2392
WARNING 2026-01-12 10:54:54,241 log 33904 24688 Not Found: /socket.io/
WARNING 2026-01-12 10:54:54,242 basehttp 33904 24688 "GET /socket.io/?EIO=4&transport=websocket HTTP/1.1" 404 2392
WARNING 2026-01-12 10:55:00,963 log 33904 9244 Not Found: /socket.io/
WARNING 2026-01-12 10:55:00,964 basehttp 33904 9244 "GET /socket.io/?EIO=4&transport=websocket HTTP/1.1" 404 2392
WARNING 2026-01-12 10:55:09,347 log 33904 19644 Not Found: /socket.io/
WARNING 2026-01-12 10:55:09,348 basehttp 33904 19644 "GET /socket.io/?EIO=4&transport=websocket HTTP/1.1" 404 2392
WARNING 2026-01-12 10:55:19,071 log 33904 36288 Not Found: /socket.io/
WARNING 2026-01-12 10:55:19,071 basehttp 33904 36288 "GET /socket.io/?EIO=4&transport=websocket HTTP/1.1" 404 2392
WARNING 2026-01-12 10:55:25,880 log 33904 19440 Not Found: /socket.io/
WARNING 2026-01-12 10:55:25,880 basehttp 33904 19440 "GET /socket.io/?EIO=4&transport=websocket HTTP/1.1" 404 2392
WARNING 2026-01-12 10:55:32,906 log 33904 17092 Not Found: /socket.io/
WARNING 2026-01-12 10:55:32,907 basehttp 33904 17092 "GET /socket.io/?EIO=4&transport=websocket HTTP/1.1" 404 2392
WARNING 2026-01-12 10:55:40,859 log 33904 18832 Not Found: /socket.io/
WARNING 2026-01-12 10:55:40,860 basehttp 33904 18832 "GET /socket.io/?EIO=4&transport=websocket HTTP/1.1" 404 2392
WARNING 2026-01-12 10:55:46,674 log 33904 36328 Not Found: /socket.io/
WARNING 2026-01-12 10:55:46,676 basehttp 33904 36328 "GET /socket.io/?EIO=4&transport=websocket HTTP/1.1" 404 2392
WARNING 2026-01-12 10:55:52,676 log 33904 34508 Not Found: /socket.io/
WARNING 2026-01-12 10:55:52,678 basehttp 33904 34508 "GET /socket.io/?EIO=4&transport=websocket HTTP/1.1" 404 2392
WARNING 2026-01-12 10:55:58,681 log 33904 34536 Not Found: /socket.io/
WARNING 2026-01-12 10:55:58,683 basehttp 33904 34536 "GET /socket.io/?EIO=4&transport=websocket HTTP/1.1" 404 2392
WARNING 2026-01-12 10:56:04,686 log 33904 19948 Not Found: /socket.io/
WARNING 2026-01-12 10:56:04,688 basehttp 33904 19948 "GET /socket.io/?EIO=4&transport=websocket HTTP/1.1" 404 2392
WARNING 2026-01-12 10:56:10,670 log 33904 31092 Not Found: /socket.io/
WARNING 2026-01-12 10:56:10,671 basehttp 33904 31092 "GET /socket.io/?EIO=4&transport=websocket HTTP/1.1" 404 2392
WARNING 2026-01-12 10:56:16,685 log 33904 20756 Not Found: /socket.io/
WARNING 2026-01-12 10:56:16,686 basehttp 33904 20756 "GET /socket.io/?EIO=4&transport=websocket HTTP/1.1" 404 2392
WARNING 2026-01-12 10:56:22,695 log 33904 37880 Not Found: /socket.io/
WARNING 2026-01-12 10:56:22,697 basehttp 33904 37880 "GET /socket.io/?EIO=4&transport=websocket HTTP/1.1" 404 2392
WARNING 2026-01-12 10:56:28,692 log 33904 34216 Not Found: /socket.io/
WARNING 2026-01-12 10:56:28,694 basehttp 33904 34216 "GET /socket.io/?EIO=4&transport=websocket HTTP/1.1" 404 2392
WARNING 2026-01-12 10:56:34,709 log 33904 35036 Not Found: /socket.io/
WARNING 2026-01-12 10:56:34,709 basehttp 33904 35036 "GET /socket.io/?EIO=4&transport=websocket HTTP/1.1" 404 2392
WARNING 2026-01-12 10:56:40,705 log 33904 8812 Not Found: /socket.io/
WARNING 2026-01-12 10:56:40,706 basehttp 33904 8812 "GET /socket.io/?EIO=4&transport=websocket HTTP/1.1" 404 2392
WARNING 2026-01-12 10:56:46,764 log 33904 29704 Not Found: /socket.io/
WARNING 2026-01-12 10:56:46,766 basehttp 33904 29704 "GET /socket.io/?EIO=4&transport=websocket HTTP/1.1" 404 2392
WARNING 2026-01-12 10:56:52,772 log 33904 15124 Not Found: /socket.io/
WARNING 2026-01-12 10:56:52,775 basehttp 33904 15124 "GET /socket.io/?EIO=4&transport=websocket HTTP/1.1" 404 2392
WARNING 2026-01-12 10:56:58,963 log 33904 10312 Not Found: /socket.io/
WARNING 2026-01-12 10:56:58,964 basehttp 33904 10312 "GET /socket.io/?EIO=4&transport=websocket HTTP/1.1" 404 2392
WARNING 2026-01-12 10:57:05,007 log 33904 36784 Not Found: /socket.io/
WARNING 2026-01-12 10:57:05,008 basehttp 33904 36784 "GET /socket.io/?EIO=4&transport=websocket HTTP/1.1" 404 2392
WARNING 2026-01-12 10:57:11,870 log 33904 38124 Not Found: /socket.io/
WARNING 2026-01-12 10:57:11,871 basehttp 33904 38124 "GET /socket.io/?EIO=4&transport=websocket HTTP/1.1" 404 2392
WARNING 2026-01-12 10:57:19,891 log 33904 34024 Not Found: /socket.io/
WARNING 2026-01-12 10:57:19,893 basehttp 33904 34024 "GET /socket.io/?EIO=4&transport=websocket HTTP/1.1" 404 2392
WARNING 2026-01-12 10:57:28,997 log 33904 31552 Not Found: /socket.io/
WARNING 2026-01-12 10:57:28,999 basehttp 33904 31552 "GET /socket.io/?EIO=4&transport=websocket HTTP/1.1" 404 2392
WARNING 2026-01-12 10:57:37,199 log 33904 14432 Not Found: /socket.io/
WARNING 2026-01-12 10:57:37,201 basehttp 33904 14432 "GET /socket.io/?EIO=4&transport=websocket HTTP/1.1" 404 2392
WARNING 2026-01-12 10:57:45,006 log 33904 24272 Not Found: /socket.io/
WARNING 2026-01-12 10:57:45,007 basehttp 33904 24272 "GET /socket.io/?EIO=4&transport=websocket HTTP/1.1" 404 2392
WARNING 2026-01-12 10:57:50,684 log 33904 8108 Not Found: /socket.io/
WARNING 2026-01-12 10:57:50,686 basehttp 33904 8108 "GET /socket.io/?EIO=4&transport=websocket HTTP/1.1" 404 2392
WARNING 2026-01-12 10:57:56,676 log 33904 19800 Not Found: /socket.io/
WARNING 2026-01-12 10:57:56,678 basehttp 33904 19800 "GET /socket.io/?EIO=4&transport=websocket HTTP/1.1" 404 2392
WARNING 2026-01-12 10:58:02,673 log 33904 14228 Not Found: /socket.io/
WARNING 2026-01-12 10:58:02,674 basehttp 33904 14228 "GET /socket.io/?EIO=4&transport=websocket HTTP/1.1" 404 2392
WARNING 2026-01-12 10:58:08,683 log 33904 22720 Not Found: /socket.io/
WARNING 2026-01-12 10:58:08,685 basehttp 33904 22720 "GET /socket.io/?EIO=4&transport=websocket HTTP/1.1" 404 2392
WARNING 2026-01-12 10:58:14,658 log 33904 23472 Not Found: /socket.io/
WARNING 2026-01-12 10:58:14,659 basehttp 33904 23472 "GET /socket.io/?EIO=4&transport=websocket HTTP/1.1" 404 2392
WARNING 2026-01-12 10:58:20,687 log 33904 30412 Not Found: /socket.io/
WARNING 2026-01-12 10:58:20,688 basehttp 33904 30412 "GET /socket.io/?EIO=4&transport=websocket HTTP/1.1" 404 2392
WARNING 2026-01-12 10:58:26,685 log 33904 27008 Not Found: /socket.io/
WARNING 2026-01-12 10:58:26,686 basehttp 33904 27008 "GET /socket.io/?EIO=4&transport=websocket HTTP/1.1" 404 2392
WARNING 2026-01-12 10:58:32,697 log 33904 14864 Not Found: /socket.io/
WARNING 2026-01-12 10:58:32,699 basehttp 33904 14864 "GET /socket.io/?EIO=4&transport=websocket HTTP/1.1" 404 2392
WARNING 2026-01-12 10:58:38,691 log 33904 1520 Not Found: /socket.io/
WARNING 2026-01-12 10:58:38,692 basehttp 33904 1520 "GET /socket.io/?EIO=4&transport=websocket HTTP/1.1" 404 2392
WARNING 2026-01-12 10:58:44,697 log 33904 37508 Not Found: /socket.io/
WARNING 2026-01-12 10:58:44,699 basehttp 33904 37508 "GET /socket.io/?EIO=4&transport=websocket HTTP/1.1" 404 2392
WARNING 2026-01-12 10:58:50,748 log 33904 30128 Not Found: /socket.io/
WARNING 2026-01-12 10:58:50,750 basehttp 33904 30128 "GET /socket.io/?EIO=4&transport=websocket HTTP/1.1" 404 2392
WARNING 2026-01-12 10:58:56,760 log 33904 31040 Not Found: /socket.io/
WARNING 2026-01-12 10:58:56,761 basehttp 33904 31040 "GET /socket.io/?EIO=4&transport=websocket HTTP/1.1" 404 2392
WARNING 2026-01-12 10:59:02,924 log 33904 18288 Not Found: /socket.io/
WARNING 2026-01-12 10:59:02,924 basehttp 33904 18288 "GET /socket.io/?EIO=4&transport=websocket HTTP/1.1" 404 2392
WARNING 2026-01-12 10:59:08,978 log 33904 38084 Not Found: /socket.io/
WARNING 2026-01-12 10:59:08,978 basehttp 33904 38084 "GET /socket.io/?EIO=4&transport=websocket HTTP/1.1" 404 2392
WARNING 2026-01-12 10:59:15,187 log 33904 37964 Not Found: /socket.io/
WARNING 2026-01-12 10:59:15,188 basehttp 33904 37964 "GET /socket.io/?EIO=4&transport=websocket HTTP/1.1" 404 2392
WARNING 2026-01-12 10:59:22,891 log 33904 32556 Not Found: /socket.io/
WARNING 2026-01-12 10:59:22,893 basehttp 33904 32556 "GET /socket.io/?EIO=4&transport=websocket HTTP/1.1" 404 2392
WARNING 2026-01-12 10:59:30,455 log 33904 12976 Not Found: /socket.io/
WARNING 2026-01-12 10:59:30,456 basehttp 33904 12976 "GET /socket.io/?EIO=4&transport=websocket HTTP/1.1" 404 2392
WARNING 2026-01-12 10:59:38,598 log 33904 37536 Not Found: /socket.io/
WARNING 2026-01-12 10:59:38,599 basehttp 33904 37536 "GET /socket.io/?EIO=4&transport=websocket HTTP/1.1" 404 2392
WARNING 2026-01-12 10:59:45,764 log 33904 28296 Not Found: /socket.io/
WARNING 2026-01-12 10:59:45,765 basehttp 33904 28296 "GET /socket.io/?EIO=4&transport=websocket HTTP/1.1" 404 2392
WARNING 2026-01-12 10:59:51,679 log 33904 21692 Not Found: /socket.io/
WARNING 2026-01-12 10:59:51,681 basehttp 33904 21692 "GET /socket.io/?EIO=4&transport=websocket HTTP/1.1" 404 2392
WARNING 2026-01-12 10:59:57,674 log 33904 28464 Not Found: /socket.io/
WARNING 2026-01-12 10:59:57,675 basehttp 33904 28464 "GET /socket.io/?EIO=4&transport=websocket HTTP/1.1" 404 2392
WARNING 2026-01-12 11:00:03,678 log 33904 21356 Not Found: /socket.io/
WARNING 2026-01-12 11:00:03,680 basehttp 33904 21356 "GET /socket.io/?EIO=4&transport=websocket HTTP/1.1" 404 2392
WARNING 2026-01-12 11:00:09,679 log 33904 21592 Not Found: /socket.io/
WARNING 2026-01-12 11:00:09,680 basehttp 33904 21592 "GET /socket.io/?EIO=4&transport=websocket HTTP/1.1" 404 2392
WARNING 2026-01-12 11:00:15,682 log 33904 36872 Not Found: /socket.io/
WARNING 2026-01-12 11:00:15,683 basehttp 33904 36872 "GET /socket.io/?EIO=4&transport=websocket HTTP/1.1" 404 2392
WARNING 2026-01-12 11:00:21,690 log 33904 36572 Not Found: /socket.io/
WARNING 2026-01-12 11:00:21,692 basehttp 33904 36572 "GET /socket.io/?EIO=4&transport=websocket HTTP/1.1" 404 2392
WARNING 2026-01-12 11:00:27,688 log 33904 33672 Not Found: /socket.io/
WARNING 2026-01-12 11:00:27,689 basehttp 33904 33672 "GET /socket.io/?EIO=4&transport=websocket HTTP/1.1" 404 2392
WARNING 2026-01-12 11:00:33,694 log 33904 34568 Not Found: /socket.io/
WARNING 2026-01-12 11:00:33,695 basehttp 33904 34568 "GET /socket.io/?EIO=4&transport=websocket HTTP/1.1" 404 2392
WARNING 2026-01-12 11:00:39,712 log 33904 20196 Not Found: /socket.io/
WARNING 2026-01-12 11:00:39,714 basehttp 33904 20196 "GET /socket.io/?EIO=4&transport=websocket HTTP/1.1" 404 2392
WARNING 2026-01-12 11:00:45,707 log 33904 32736 Not Found: /socket.io/
WARNING 2026-01-12 11:00:45,708 basehttp 33904 32736 "GET /socket.io/?EIO=4&transport=websocket HTTP/1.1" 404 2392
WARNING 2026-01-12 11:00:51,707 log 33904 26276 Not Found: /socket.io/
WARNING 2026-01-12 11:00:51,708 basehttp 33904 26276 "GET /socket.io/?EIO=4&transport=websocket HTTP/1.1" 404 2392
WARNING 2026-01-12 11:00:57,819 log 33904 35420 Not Found: /socket.io/
WARNING 2026-01-12 11:00:57,820 basehttp 33904 35420 "GET /socket.io/?EIO=4&transport=websocket HTTP/1.1" 404 2392
WARNING 2026-01-12 11:01:03,864 log 33904 4576 Not Found: /socket.io/
WARNING 2026-01-12 11:01:03,865 basehttp 33904 4576 "GET /socket.io/?EIO=4&transport=websocket HTTP/1.1" 404 2392
WARNING 2026-01-12 11:01:09,839 log 33904 34532 Not Found: /socket.io/
WARNING 2026-01-12 11:01:09,839 basehttp 33904 34532 "GET /socket.io/?EIO=4&transport=websocket HTTP/1.1" 404 2392
WARNING 2026-01-12 11:01:16,534 log 33904 24372 Not Found: /socket.io/
WARNING 2026-01-12 11:01:16,534 basehttp 33904 24372 "GET /socket.io/?EIO=4&transport=websocket HTTP/1.1" 404 2392
WARNING 2026-01-12 11:01:24,343 log 33904 36788 Not Found: /socket.io/
WARNING 2026-01-12 11:01:24,346 basehttp 33904 36788 "GET /socket.io/?EIO=4&transport=websocket HTTP/1.1" 404 2392
WARNING 2026-01-12 11:01:33,849 log 33904 36960 Not Found: /socket.io/
WARNING 2026-01-12 11:01:33,850 basehttp 33904 36960 "GET /socket.io/?EIO=4&transport=websocket HTTP/1.1" 404 2392
WARNING 2026-01-12 11:01:41,922 log 33904 36868 Not Found: /socket.io/
WARNING 2026-01-12 11:01:41,924 basehttp 33904 36868 "GET /socket.io/?EIO=4&transport=websocket HTTP/1.1" 404 2392
WARNING 2026-01-12 11:01:50,403 log 33904 10988 Not Found: /socket.io/
WARNING 2026-01-12 11:01:50,405 basehttp 33904 10988 "GET /socket.io/?EIO=4&transport=websocket HTTP/1.1" 404 2392
WARNING 2026-01-12 11:01:56,679 log 33904 23660 Not Found: /socket.io/
WARNING 2026-01-12 11:01:56,680 basehttp 33904 23660 "GET /socket.io/?EIO=4&transport=websocket HTTP/1.1" 404 2392
WARNING 2026-01-12 11:02:02,669 log 33904 35336 Not Found: /socket.io/
WARNING 2026-01-12 11:02:02,671 basehttp 33904 35336 "GET /socket.io/?EIO=4&transport=websocket HTTP/1.1" 404 2392
WARNING 2026-01-12 11:02:08,684 log 33904 6332 Not Found: /socket.io/
WARNING 2026-01-12 11:02:08,686 basehttp 33904 6332 "GET /socket.io/?EIO=4&transport=websocket HTTP/1.1" 404 2392
WARNING 2026-01-12 11:02:14,678 log 33904 32080 Not Found: /socket.io/
WARNING 2026-01-12 11:02:14,680 basehttp 33904 32080 "GET /socket.io/?EIO=4&transport=websocket HTTP/1.1" 404 2392
WARNING 2026-01-12 11:02:20,679 log 33904 1236 Not Found: /socket.io/
WARNING 2026-01-12 11:02:20,680 basehttp 33904 1236 "GET /socket.io/?EIO=4&transport=websocket HTTP/1.1" 404 2392
WARNING 2026-01-12 11:02:26,702 log 33904 37368 Not Found: /socket.io/
WARNING 2026-01-12 11:02:26,703 basehttp 33904 37368 "GET /socket.io/?EIO=4&transport=websocket HTTP/1.1" 404 2392
WARNING 2026-01-12 11:02:32,685 log 33904 29684 Not Found: /socket.io/
WARNING 2026-01-12 11:02:32,687 basehttp 33904 29684 "GET /socket.io/?EIO=4&transport=websocket HTTP/1.1" 404 2392
WARNING 2026-01-12 11:02:38,689 log 33904 34204 Not Found: /socket.io/
WARNING 2026-01-12 11:02:38,691 basehttp 33904 34204 "GET /socket.io/?EIO=4&transport=websocket HTTP/1.1" 404 2392
WARNING 2026-01-12 11:02:44,692 log 33904 4280 Not Found: /socket.io/
WARNING 2026-01-12 11:02:44,693 basehttp 33904 4280 "GET /socket.io/?EIO=4&transport=websocket HTTP/1.1" 404 2392
WARNING 2026-01-12 11:02:50,698 log 33904 35888 Not Found: /socket.io/
WARNING 2026-01-12 11:02:50,700 basehttp 33904 35888 "GET /socket.io/?EIO=4&transport=websocket HTTP/1.1" 404 2392
WARNING 2026-01-12 11:02:56,711 log 33904 21932 Not Found: /socket.io/
WARNING 2026-01-12 11:02:56,712 basehttp 33904 21932 "GET /socket.io/?EIO=4&transport=websocket HTTP/1.1" 404 2392
WARNING 2026-01-12 11:03:02,775 log 33904 27020 Not Found: /socket.io/
WARNING 2026-01-12 11:03:02,777 basehttp 33904 27020 "GET /socket.io/?EIO=4&transport=websocket HTTP/1.1" 404 2392
WARNING 2026-01-12 11:03:08,818 log 33904 22772 Not Found: /socket.io/
WARNING 2026-01-12 11:03:08,819 basehttp 33904 22772 "GET /socket.io/?EIO=4&transport=websocket HTTP/1.1" 404 2392
WARNING 2026-01-12 11:03:15,217 log 33904 21700 Not Found: /socket.io/
WARNING 2026-01-12 11:03:15,218 basehttp 33904 21700 "GET /socket.io/?EIO=4&transport=websocket HTTP/1.1" 404 2392
WARNING 2026-01-12 11:03:21,092 log 33904 1976 Not Found: /socket.io/
WARNING 2026-01-12 11:03:21,094 basehttp 33904 1976 "GET /socket.io/?EIO=4&transport=websocket HTTP/1.1" 404 2392
WARNING 2026-01-12 11:03:28,701 log 33904 34528 Not Found: /socket.io/
WARNING 2026-01-12 11:03:28,702 basehttp 33904 34528 "GET /socket.io/?EIO=4&transport=websocket HTTP/1.1" 404 2392
WARNING 2026-01-12 11:03:38,709 log 33904 29180 Not Found: /socket.io/
WARNING 2026-01-12 11:03:38,711 basehttp 33904 29180 "GET /socket.io/?EIO=4&transport=websocket HTTP/1.1" 404 2392
WARNING 2026-01-12 11:03:49,106 log 33904 11648 Not Found: /socket.io/
WARNING 2026-01-12 11:03:49,108 basehttp 33904 11648 "GET /socket.io/?EIO=4&transport=websocket HTTP/1.1" 404 2392
WARNING 2026-01-12 11:03:58,380 log 33904 34932 Not Found: /socket.io/
WARNING 2026-01-12 11:03:58,382 basehttp 33904 34932 "GET /socket.io/?EIO=4&transport=websocket HTTP/1.1" 404 2392
WARNING 2026-01-12 11:04:06,221 log 33904 14356 Not Found: /socket.io/
WARNING 2026-01-12 11:04:06,222 basehttp 33904 14356 "GET /socket.io/?EIO=4&transport=websocket HTTP/1.1" 404 2392
WARNING 2026-01-12 11:04:13,436 log 33904 11284 Not Found: /socket.io/
WARNING 2026-01-12 11:04:13,438 basehttp 33904 11284 "GET /socket.io/?EIO=4&transport=websocket HTTP/1.1" 404 2392
WARNING 2026-01-12 11:04:24,392 log 33904 20132 Not Found: /socket.io/
WARNING 2026-01-12 11:04:24,394 basehttp 33904 20132 "GET /socket.io/?EIO=4&transport=websocket HTTP/1.1" 404 2392
WARNING 2026-01-12 11:04:33,422 log 33904 18760 Not Found: /socket.io/
WARNING 2026-01-12 11:04:33,424 basehttp 33904 18760 "GET /socket.io/?EIO=4&transport=websocket HTTP/1.1" 404 2392
WARNING 2026-01-12 11:04:42,522 log 33904 4568 Not Found: /socket.io/
WARNING 2026-01-12 11:04:42,524 basehttp 33904 4568 "GET /socket.io/?EIO=4&transport=websocket HTTP/1.1" 404 2392
WARNING 2026-01-12 11:04:49,791 log 33904 19936 Not Found: /socket.io/
WARNING 2026-01-12 11:04:49,792 basehttp 33904 19936 "GET /socket.io/?EIO=4&transport=websocket HTTP/1.1" 404 2392
WARNING 2026-01-12 11:04:57,506 log 33904 27572 Not Found: /socket.io/
WARNING 2026-01-12 11:04:57,507 basehttp 33904 27572 "GET /socket.io/?EIO=4&transport=websocket HTTP/1.1" 404 2392
WARNING 2026-01-12 11:05:04,728 log 33904 13616 Not Found: /socket.io/
WARNING 2026-01-12 11:05:04,729 basehttp 33904 13616 "GET /socket.io/?EIO=4&transport=websocket HTTP/1.1" 404 2392
WARNING 2026-01-12 11:05:11,773 log 33904 19644 Not Found: /socket.io/
WARNING 2026-01-12 11:05:11,773 basehttp 33904 19644 "GET /socket.io/?EIO=4&transport=websocket HTTP/1.1" 404 2392
WARNING 2026-01-12 11:05:20,316 log 33904 9164 Not Found: /socket.io/
WARNING 2026-01-12 11:05:20,318 basehttp 33904 9164 "GET /socket.io/?EIO=4&transport=websocket HTTP/1.1" 404 2392
WARNING 2026-01-12 11:05:28,626 log 33904 33604 Not Found: /socket.io/
WARNING 2026-01-12 11:05:28,627 basehttp 33904 33604 "GET /socket.io/?EIO=4&transport=websocket HTTP/1.1" 404 2392
WARNING 2026-01-12 11:05:35,940 log 33904 5856 Not Found: /socket.io/
WARNING 2026-01-12 11:05:35,941 basehttp 33904 5856 "GET /socket.io/?EIO=4&transport=websocket HTTP/1.1" 404 2392
WARNING 2026-01-12 11:05:43,616 log 33904 21260 Not Found: /socket.io/
WARNING 2026-01-12 11:05:43,619 basehttp 33904 21260 "GET /socket.io/?EIO=4&transport=websocket HTTP/1.1" 404 2392
WARNING 2026-01-12 11:05:53,046 log 33904 20320 Not Found: /socket.io/
WARNING 2026-01-12 11:05:53,047 basehttp 33904 20320 "GET /socket.io/?EIO=4&transport=websocket HTTP/1.1" 404 2392
WARNING 2026-01-12 11:05:58,682 log 33904 28952 Not Found: /socket.io/
WARNING 2026-01-12 11:05:58,683 basehttp 33904 28952 "GET /socket.io/?EIO=4&transport=websocket HTTP/1.1" 404 2392
WARNING 2026-01-12 11:06:04,687 log 33904 25272 Not Found: /socket.io/
WARNING 2026-01-12 11:06:04,689 basehttp 33904 25272 "GET /socket.io/?EIO=4&transport=websocket HTTP/1.1" 404 2392
WARNING 2026-01-12 11:06:10,688 log 33904 2512 Not Found: /socket.io/
WARNING 2026-01-12 11:06:10,691 basehttp 33904 2512 "GET /socket.io/?EIO=4&transport=websocket HTTP/1.1" 404 2392
WARNING 2026-01-12 11:06:16,684 log 33904 11740 Not Found: /socket.io/
WARNING 2026-01-12 11:06:16,686 basehttp 33904 11740 "GET /socket.io/?EIO=4&transport=websocket HTTP/1.1" 404 2392
WARNING 2026-01-12 11:06:22,689 log 33904 21028 Not Found: /socket.io/
WARNING 2026-01-12 11:06:22,691 basehttp 33904 21028 "GET /socket.io/?EIO=4&transport=websocket HTTP/1.1" 404 2392
WARNING 2026-01-12 11:06:28,692 log 33904 37656 Not Found: /socket.io/
WARNING 2026-01-12 11:06:28,694 basehttp 33904 37656 "GET /socket.io/?EIO=4&transport=websocket HTTP/1.1" 404 2392
WARNING 2026-01-12 11:06:34,687 log 33904 31896 Not Found: /socket.io/
WARNING 2026-01-12 11:06:34,689 basehttp 33904 31896 "GET /socket.io/?EIO=4&transport=websocket HTTP/1.1" 404 2392
WARNING 2026-01-12 11:06:40,705 log 33904 34784 Not Found: /socket.io/
WARNING 2026-01-12 11:06:40,707 basehttp 33904 34784 "GET /socket.io/?EIO=4&transport=websocket HTTP/1.1" 404 2392
WARNING 2026-01-12 11:06:46,692 log 33904 27228 Not Found: /socket.io/
WARNING 2026-01-12 11:06:46,694 basehttp 33904 27228 "GET /socket.io/?EIO=4&transport=websocket HTTP/1.1" 404 2392
WARNING 2026-01-12 11:06:52,721 log 33904 38628 Not Found: /socket.io/
WARNING 2026-01-12 11:06:52,724 basehttp 33904 38628 "GET /socket.io/?EIO=4&transport=websocket HTTP/1.1" 404 2392
WARNING 2026-01-12 11:06:58,747 log 33904 17000 Not Found: /socket.io/
WARNING 2026-01-12 11:06:58,748 basehttp 33904 17000 "GET /socket.io/?EIO=4&transport=websocket HTTP/1.1" 404 2392
WARNING 2026-01-12 11:07:04,762 log 33904 35492 Not Found: /socket.io/
WARNING 2026-01-12 11:07:04,764 basehttp 33904 35492 "GET /socket.io/?EIO=4&transport=websocket HTTP/1.1" 404 2392
WARNING 2026-01-12 11:07:10,954 log 33904 32424 Not Found: /socket.io/
WARNING 2026-01-12 11:07:10,957 basehttp 33904 32424 "GET /socket.io/?EIO=4&transport=websocket HTTP/1.1" 404 2392
WARNING 2026-01-12 11:07:17,234 log 33904 22580 Not Found: /socket.io/
WARNING 2026-01-12 11:07:17,235 basehttp 33904 22580 "GET /socket.io/?EIO=4&transport=websocket HTTP/1.1" 404 2392
WARNING 2026-01-12 11:07:23,542 log 33904 32492 Not Found: /socket.io/
WARNING 2026-01-12 11:07:23,544 basehttp 33904 32492 "GET /socket.io/?EIO=4&transport=websocket HTTP/1.1" 404 2392
WARNING 2026-01-12 11:07:31,926 log 33904 30600 Not Found: /socket.io/
WARNING 2026-01-12 11:07:31,929 basehttp 33904 30600 "GET /socket.io/?EIO=4&transport=websocket HTTP/1.1" 404 2392
WARNING 2026-01-12 11:07:39,893 log 33904 26552 Not Found: /socket.io/
WARNING 2026-01-12 11:07:39,894 basehttp 33904 26552 "GET /socket.io/?EIO=4&transport=websocket HTTP/1.1" 404 2392
WARNING 2026-01-12 11:07:47,228 log 33904 15176 Not Found: /socket.io/
WARNING 2026-01-12 11:07:47,230 basehttp 33904 15176 "GET /socket.io/?EIO=4&transport=websocket HTTP/1.1" 404 2392
WARNING 2026-01-12 11:07:57,082 log 33904 5824 Not Found: /socket.io/
WARNING 2026-01-12 11:07:57,083 basehttp 33904 5824 "GET /socket.io/?EIO=4&transport=websocket HTTP/1.1" 404 2392
WARNING 2026-01-12 11:08:02,687 log 33904 10904 Not Found: /socket.io/
WARNING 2026-01-12 11:08:02,689 basehttp 33904 10904 "GET /socket.io/?EIO=4&transport=websocket HTTP/1.1" 404 2392
WARNING 2026-01-12 11:08:08,684 log 33904 28092 Not Found: /socket.io/
WARNING 2026-01-12 11:08:08,685 basehttp 33904 28092 "GET /socket.io/?EIO=4&transport=websocket HTTP/1.1" 404 2392
WARNING 2026-01-12 11:08:14,675 log 33904 37676 Not Found: /socket.io/
WARNING 2026-01-12 11:08:14,677 basehttp 33904 37676 "GET /socket.io/?EIO=4&transport=websocket HTTP/1.1" 404 2392
WARNING 2026-01-12 11:08:20,680 log 33904 34192 Not Found: /socket.io/
WARNING 2026-01-12 11:08:20,681 basehttp 33904 34192 "GET /socket.io/?EIO=4&transport=websocket HTTP/1.1" 404 2392
INFO 2026-01-12 11:08:20,693 basehttp 33904 34192 - Broken pipe from ('127.0.0.1', 62598)
WARNING 2026-01-12 11:08:26,679 log 33904 34756 Not Found: /socket.io/
WARNING 2026-01-12 11:08:26,680 basehttp 33904 34756 "GET /socket.io/?EIO=4&transport=websocket HTTP/1.1" 404 2392
WARNING 2026-01-12 11:08:32,693 log 33904 37064 Not Found: /socket.io/
WARNING 2026-01-12 11:08:32,695 basehttp 33904 37064 "GET /socket.io/?EIO=4&transport=websocket HTTP/1.1" 404 2392
WARNING 2026-01-12 11:08:38,688 log 33904 32324 Not Found: /socket.io/
WARNING 2026-01-12 11:08:38,689 basehttp 33904 32324 "GET /socket.io/?EIO=4&transport=websocket HTTP/1.1" 404 2392
WARNING 2026-01-12 11:08:44,681 log 33904 34424 Not Found: /socket.io/
WARNING 2026-01-12 11:08:44,682 basehttp 33904 34424 "GET /socket.io/?EIO=4&transport=websocket HTTP/1.1" 404 2392
WARNING 2026-01-12 11:08:50,690 log 33904 26228 Not Found: /socket.io/
WARNING 2026-01-12 11:08:50,692 basehttp 33904 26228 "GET /socket.io/?EIO=4&transport=websocket HTTP/1.1" 404 2392
WARNING 2026-01-12 11:08:56,058 log 33904 11344 Not Found: /socket.io/
WARNING 2026-01-12 11:08:56,060 basehttp 33904 11344 "GET /socket.io/?EIO=4&transport=websocket HTTP/1.1" 404 2392
WARNING 2026-01-12 11:09:01,738 log 33904 10104 Not Found: /socket.io/
WARNING 2026-01-12 11:09:01,740 basehttp 33904 10104 "GET /socket.io/?EIO=4&transport=websocket HTTP/1.1" 404 2392
WARNING 2026-01-12 11:09:07,872 log 33904 25988 Not Found: /socket.io/
WARNING 2026-01-12 11:09:07,874 basehttp 33904 25988 "GET /socket.io/?EIO=4&transport=websocket HTTP/1.1" 404 2392
WARNING 2026-01-12 11:09:14,207 log 33904 36304 Not Found: /socket.io/
WARNING 2026-01-12 11:09:14,208 basehttp 33904 36304 "GET /socket.io/?EIO=4&transport=websocket HTTP/1.1" 404 2392
WARNING 2026-01-12 11:09:19,917 log 33904 21932 Not Found: /socket.io/
WARNING 2026-01-12 11:09:19,919 basehttp 33904 21932 "GET /socket.io/?EIO=4&transport=websocket HTTP/1.1" 404 2392
WARNING 2026-01-12 11:09:26,496 log 33904 33028 Not Found: /socket.io/
WARNING 2026-01-12 11:09:26,498 basehttp 33904 33028 "GET /socket.io/?EIO=4&transport=websocket HTTP/1.1" 404 2392
WARNING 2026-01-12 11:09:34,333 log 33904 37620 Not Found: /socket.io/
WARNING 2026-01-12 11:09:34,334 basehttp 33904 37620 "GET /socket.io/?EIO=4&transport=websocket HTTP/1.1" 404 2392
WARNING 2026-01-12 11:09:41,162 log 33904 36192 Not Found: /socket.io/
WARNING 2026-01-12 11:09:41,164 basehttp 33904 36192 "GET /socket.io/?EIO=4&transport=websocket HTTP/1.1" 404 2392
WARNING 2026-01-12 11:09:49,204 log 33904 31412 Not Found: /socket.io/
WARNING 2026-01-12 11:09:49,206 basehttp 33904 31412 "GET /socket.io/?EIO=4&transport=websocket HTTP/1.1" 404 2392
WARNING 2026-01-12 11:09:56,944 log 33904 25284 Not Found: /socket.io/
WARNING 2026-01-12 11:09:56,945 basehttp 33904 25284 "GET /socket.io/?EIO=4&transport=websocket HTTP/1.1" 404 2392
WARNING 2026-01-12 11:10:08,901 log 33904 37356 Not Found: /socket.io/
WARNING 2026-01-12 11:10:08,902 basehttp 33904 37356 "GET /socket.io/?EIO=4&transport=websocket HTTP/1.1" 404 2392
WARNING 2026-01-12 11:10:18,881 log 33904 17092 Not Found: /socket.io/
WARNING 2026-01-12 11:10:18,883 basehttp 33904 17092 "GET /socket.io/?EIO=4&transport=websocket HTTP/1.1" 404 2392
WARNING 2026-01-12 11:10:27,803 log 33904 34384 Not Found: /socket.io/
WARNING 2026-01-12 11:10:27,805 basehttp 33904 34384 "GET /socket.io/?EIO=4&transport=websocket HTTP/1.1" 404 2392
WARNING 2026-01-12 11:10:35,073 log 33904 36388 Not Found: /socket.io/
WARNING 2026-01-12 11:10:35,074 basehttp 33904 36388 "GET /socket.io/?EIO=4&transport=websocket HTTP/1.1" 404 2392
WARNING 2026-01-12 11:10:41,928 log 33904 20092 Not Found: /socket.io/
WARNING 2026-01-12 11:10:41,930 basehttp 33904 20092 "GET /socket.io/?EIO=4&transport=websocket HTTP/1.1" 404 2392
WARNING 2026-01-12 11:10:50,282 log 33904 23352 Not Found: /socket.io/
WARNING 2026-01-12 11:10:50,283 basehttp 33904 23352 "GET /socket.io/?EIO=4&transport=websocket HTTP/1.1" 404 2392
WARNING 2026-01-12 11:10:58,544 log 33904 38496 Not Found: /socket.io/
WARNING 2026-01-12 11:10:58,546 basehttp 33904 38496 "GET /socket.io/?EIO=4&transport=websocket HTTP/1.1" 404 2392
WARNING 2026-01-12 11:11:09,060 log 33904 36200 Not Found: /socket.io/
WARNING 2026-01-12 11:11:09,061 basehttp 33904 36200 "GET /socket.io/?EIO=4&transport=websocket HTTP/1.1" 404 2392
WARNING 2026-01-12 11:11:19,739 log 33904 27032 Not Found: /socket.io/
WARNING 2026-01-12 11:11:19,741 basehttp 33904 27032 "GET /socket.io/?EIO=4&transport=websocket HTTP/1.1" 404 2392
WARNING 2026-01-12 11:11:28,230 log 33904 16428 Not Found: /socket.io/
WARNING 2026-01-12 11:11:28,230 basehttp 33904 16428 "GET /socket.io/?EIO=4&transport=websocket HTTP/1.1" 404 2392
WARNING 2026-01-12 11:11:38,312 log 33904 3172 Not Found: /socket.io/
WARNING 2026-01-12 11:11:38,313 basehttp 33904 3172 "GET /socket.io/?EIO=4&transport=websocket HTTP/1.1" 404 2392
WARNING 2026-01-12 11:11:47,727 log 33904 34076 Not Found: /socket.io/
WARNING 2026-01-12 11:11:47,727 basehttp 33904 34076 "GET /socket.io/?EIO=4&transport=websocket HTTP/1.1" 404 2392
WARNING 2026-01-12 11:11:57,990 log 33904 27256 Not Found: /socket.io/
WARNING 2026-01-12 11:11:57,993 basehttp 33904 27256 "GET /socket.io/?EIO=4&transport=websocket HTTP/1.1" 404 2392
WARNING 2026-01-12 11:12:05,343 log 33904 37864 Not Found: /socket.io/
WARNING 2026-01-12 11:12:05,344 basehttp 33904 37864 "GET /socket.io/?EIO=4&transport=websocket HTTP/1.1" 404 2392
WARNING 2026-01-12 11:12:11,681 log 33904 33060 Not Found: /socket.io/
WARNING 2026-01-12 11:12:11,683 basehttp 33904 33060 "GET /socket.io/?EIO=4&transport=websocket HTTP/1.1" 404 2392
WARNING 2026-01-12 11:12:17,691 log 33904 36732 Not Found: /socket.io/
WARNING 2026-01-12 11:12:17,693 basehttp 33904 36732 "GET /socket.io/?EIO=4&transport=websocket HTTP/1.1" 404 2392
WARNING 2026-01-12 11:12:23,699 log 33904 36192 Not Found: /socket.io/
WARNING 2026-01-12 11:12:23,699 basehttp 33904 36192 "GET /socket.io/?EIO=4&transport=websocket HTTP/1.1" 404 2392
WARNING 2026-01-12 11:12:29,687 log 33904 37032 Not Found: /socket.io/
WARNING 2026-01-12 11:12:29,689 basehttp 33904 37032 "GET /socket.io/?EIO=4&transport=websocket HTTP/1.1" 404 2392
WARNING 2026-01-12 11:12:35,678 log 33904 10656 Not Found: /socket.io/
WARNING 2026-01-12 11:12:35,680 basehttp 33904 10656 "GET /socket.io/?EIO=4&transport=websocket HTTP/1.1" 404 2392
WARNING 2026-01-12 11:12:41,707 log 33904 18572 Not Found: /socket.io/
WARNING 2026-01-12 11:12:41,709 basehttp 33904 18572 "GET /socket.io/?EIO=4&transport=websocket HTTP/1.1" 404 2392
WARNING 2026-01-12 11:12:47,721 log 33904 8868 Not Found: /socket.io/
WARNING 2026-01-12 11:12:47,722 basehttp 33904 8868 "GET /socket.io/?EIO=4&transport=websocket HTTP/1.1" 404 2392
WARNING 2026-01-12 11:12:53,702 log 33904 36264 Not Found: /socket.io/
WARNING 2026-01-12 11:12:53,704 basehttp 33904 36264 "GET /socket.io/?EIO=4&transport=websocket HTTP/1.1" 404 2392
WARNING 2026-01-12 11:12:59,728 log 33904 10708 Not Found: /socket.io/
WARNING 2026-01-12 11:12:59,730 basehttp 33904 10708 "GET /socket.io/?EIO=4&transport=websocket HTTP/1.1" 404 2392
WARNING 2026-01-12 11:13:05,748 log 33904 33808 Not Found: /socket.io/
WARNING 2026-01-12 11:13:05,751 basehttp 33904 33808 "GET /socket.io/?EIO=4&transport=websocket HTTP/1.1" 404 2392
WARNING 2026-01-12 11:13:11,768 log 33904 22104 Not Found: /socket.io/
WARNING 2026-01-12 11:13:11,770 basehttp 33904 22104 "GET /socket.io/?EIO=4&transport=websocket HTTP/1.1" 404 2392
WARNING 2026-01-12 11:13:17,811 log 33904 5160 Not Found: /socket.io/
WARNING 2026-01-12 11:13:17,812 basehttp 33904 5160 "GET /socket.io/?EIO=4&transport=websocket HTTP/1.1" 404 2392
WARNING 2026-01-12 11:13:24,318 log 33904 38632 Not Found: /socket.io/
WARNING 2026-01-12 11:13:24,320 basehttp 33904 38632 "GET /socket.io/?EIO=4&transport=websocket HTTP/1.1" 404 2392
WARNING 2026-01-12 11:13:30,743 log 33904 17724 Not Found: /socket.io/
WARNING 2026-01-12 11:13:30,744 basehttp 33904 17724 "GET /socket.io/?EIO=4&transport=websocket HTTP/1.1" 404 2392
WARNING 2026-01-12 11:13:37,564 log 33904 20320 Not Found: /socket.io/
WARNING 2026-01-12 11:13:37,566 basehttp 33904 20320 "GET /socket.io/?EIO=4&transport=websocket HTTP/1.1" 404 2392
WARNING 2026-01-12 11:13:48,672 log 33904 20356 Not Found: /socket.io/
WARNING 2026-01-12 11:13:48,675 basehttp 33904 20356 "GET /socket.io/?EIO=4&transport=websocket HTTP/1.1" 404 2392
WARNING 2026-01-12 11:13:57,016 log 33904 20040 Not Found: /socket.io/
WARNING 2026-01-12 11:13:57,018 basehttp 33904 20040 "GET /socket.io/?EIO=4&transport=websocket HTTP/1.1" 404 2392
WARNING 2026-01-12 11:14:05,195 log 33904 18844 Not Found: /socket.io/
WARNING 2026-01-12 11:14:05,199 basehttp 33904 18844 "GET /socket.io/?EIO=4&transport=websocket HTTP/1.1" 404 2392
WARNING 2026-01-12 11:14:12,522 log 33904 33740 Not Found: /socket.io/
WARNING 2026-01-12 11:14:12,524 basehttp 33904 33740 "GET /socket.io/?EIO=4&transport=websocket HTTP/1.1" 404 2392
WARNING 2026-01-12 11:14:23,535 log 33904 32072 Not Found: /socket.io/
WARNING 2026-01-12 11:14:23,536 basehttp 33904 32072 "GET /socket.io/?EIO=4&transport=websocket HTTP/1.1" 404 2392
WARNING 2026-01-12 11:14:32,907 log 33904 22720 Not Found: /socket.io/
WARNING 2026-01-12 11:14:32,908 basehttp 33904 22720 "GET /socket.io/?EIO=4&transport=websocket HTTP/1.1" 404 2392
WARNING 2026-01-12 11:14:41,526 log 33904 37660 Not Found: /socket.io/
WARNING 2026-01-12 11:14:41,527 basehttp 33904 37660 "GET /socket.io/?EIO=4&transport=websocket HTTP/1.1" 404 2392
WARNING 2026-01-12 11:14:48,844 log 33904 38404 Not Found: /socket.io/
WARNING 2026-01-12 11:14:48,846 basehttp 33904 38404 "GET /socket.io/?EIO=4&transport=websocket HTTP/1.1" 404 2392
WARNING 2026-01-12 11:14:56,810 log 33904 17108 Not Found: /socket.io/
WARNING 2026-01-12 11:14:56,811 basehttp 33904 17108 "GET /socket.io/?EIO=4&transport=websocket HTTP/1.1" 404 2392
WARNING 2026-01-12 11:15:05,059 log 33904 26600 Not Found: /socket.io/
WARNING 2026-01-12 11:15:05,060 basehttp 33904 26600 "GET /socket.io/?EIO=4&transport=websocket HTTP/1.1" 404 2392
WARNING 2026-01-12 11:15:12,946 log 33904 38536 Not Found: /socket.io/
WARNING 2026-01-12 11:15:12,948 basehttp 33904 38536 "GET /socket.io/?EIO=4&transport=websocket HTTP/1.1" 404 2392
WARNING 2026-01-12 11:15:19,871 log 33904 33092 Not Found: /socket.io/
WARNING 2026-01-12 11:15:19,875 basehttp 33904 33092 "GET /socket.io/?EIO=4&transport=websocket HTTP/1.1" 404 2392
WARNING 2026-01-12 11:15:27,574 log 33904 21040 Not Found: /socket.io/
WARNING 2026-01-12 11:15:27,577 basehttp 33904 21040 "GET /socket.io/?EIO=4&transport=websocket HTTP/1.1" 404 2392
WARNING 2026-01-12 11:15:36,530 log 33904 36940 Not Found: /socket.io/
WARNING 2026-01-12 11:15:36,532 basehttp 33904 36940 "GET /socket.io/?EIO=4&transport=websocket HTTP/1.1" 404 2392
WARNING 2026-01-12 11:15:46,264 log 33904 27796 Not Found: /socket.io/
WARNING 2026-01-12 11:15:46,265 basehttp 33904 27796 "GET /socket.io/?EIO=4&transport=websocket HTTP/1.1" 404 2392
WARNING 2026-01-12 11:15:56,091 log 33904 37552 Not Found: /socket.io/
WARNING 2026-01-12 11:15:56,093 basehttp 33904 37552 "GET /socket.io/?EIO=4&transport=websocket HTTP/1.1" 404 2392
WARNING 2026-01-12 11:16:02,844 log 33904 13092 Not Found: /socket.io/
WARNING 2026-01-12 11:16:02,846 basehttp 33904 13092 "GET /socket.io/?EIO=4&transport=websocket HTTP/1.1" 404 2392
WARNING 2026-01-12 11:16:10,067 log 33904 2744 Not Found: /socket.io/
WARNING 2026-01-12 11:16:10,070 basehttp 33904 2744 "GET /socket.io/?EIO=4&transport=websocket HTTP/1.1" 404 2392
WARNING 2026-01-12 11:16:20,500 log 33904 36492 Not Found: /socket.io/
WARNING 2026-01-12 11:16:20,502 basehttp 33904 36492 "GET /socket.io/?EIO=4&transport=websocket HTTP/1.1" 404 2392
WARNING 2026-01-12 11:16:30,980 log 33904 38448 Not Found: /socket.io/
WARNING 2026-01-12 11:16:30,982 basehttp 33904 38448 "GET /socket.io/?EIO=4&transport=websocket HTTP/1.1" 404 2392
WARNING 2026-01-12 11:16:40,824 log 33904 34756 Not Found: /socket.io/
WARNING 2026-01-12 11:16:40,826 basehttp 33904 34756 "GET /socket.io/?EIO=4&transport=websocket HTTP/1.1" 404 2392
WARNING 2026-01-12 11:16:48,601 log 33904 36200 Not Found: /socket.io/
WARNING 2026-01-12 11:16:48,603 basehttp 33904 36200 "GET /socket.io/?EIO=4&transport=websocket HTTP/1.1" 404 2392
WARNING 2026-01-12 11:16:56,310 log 33904 36804 Not Found: /socket.io/
WARNING 2026-01-12 11:16:56,312 basehttp 33904 36804 "GET /socket.io/?EIO=4&transport=websocket HTTP/1.1" 404 2392
WARNING 2026-01-12 11:17:03,951 log 33904 35552 Not Found: /socket.io/
WARNING 2026-01-12 11:17:03,954 basehttp 33904 35552 "GET /socket.io/?EIO=4&transport=websocket HTTP/1.1" 404 2392
WARNING 2026-01-12 11:17:13,546 log 33904 35844 Not Found: /socket.io/
WARNING 2026-01-12 11:17:13,547 basehttp 33904 35844 "GET /socket.io/?EIO=4&transport=websocket HTTP/1.1" 404 2392
WARNING 2026-01-12 11:17:22,786 log 33904 30748 Not Found: /socket.io/
WARNING 2026-01-12 11:17:22,788 basehttp 33904 30748 "GET /socket.io/?EIO=4&transport=websocket HTTP/1.1" 404 2392
WARNING 2026-01-12 11:17:29,722 log 33904 36664 Not Found: /socket.io/
WARNING 2026-01-12 11:17:29,725 basehttp 33904 36664 "GET /socket.io/?EIO=4&transport=websocket HTTP/1.1" 404 2392
WARNING 2026-01-12 11:17:38,224 log 33904 34364 Not Found: /socket.io/
WARNING 2026-01-12 11:17:38,226 basehttp 33904 34364 "GET /socket.io/?EIO=4&transport=websocket HTTP/1.1" 404 2392
WARNING 2026-01-12 11:17:47,515 log 33904 23280 Not Found: /socket.io/
WARNING 2026-01-12 11:17:47,517 basehttp 33904 23280 "GET /socket.io/?EIO=4&transport=websocket HTTP/1.1" 404 2392
WARNING 2026-01-12 11:17:58,519 log 33904 17876 Not Found: /socket.io/
WARNING 2026-01-12 11:17:58,521 basehttp 33904 17876 "GET /socket.io/?EIO=4&transport=websocket HTTP/1.1" 404 2392
WARNING 2026-01-12 11:18:04,689 log 33904 18832 Not Found: /socket.io/
WARNING 2026-01-12 11:18:04,691 basehttp 33904 18832 "GET /socket.io/?EIO=4&transport=websocket HTTP/1.1" 404 2392
WARNING 2026-01-12 11:18:10,686 log 33904 29512 Not Found: /socket.io/
WARNING 2026-01-12 11:18:10,688 basehttp 33904 29512 "GET /socket.io/?EIO=4&transport=websocket HTTP/1.1" 404 2392
WARNING 2026-01-12 11:18:16,669 log 33904 644 Not Found: /socket.io/
WARNING 2026-01-12 11:18:16,670 basehttp 33904 644 "GET /socket.io/?EIO=4&transport=websocket HTTP/1.1" 404 2392
WARNING 2026-01-12 11:18:22,674 log 33904 37372 Not Found: /socket.io/
WARNING 2026-01-12 11:18:22,675 basehttp 33904 37372 "GET /socket.io/?EIO=4&transport=websocket HTTP/1.1" 404 2392
WARNING 2026-01-12 11:18:28,685 log 33904 38160 Not Found: /socket.io/
WARNING 2026-01-12 11:18:28,688 basehttp 33904 38160 "GET /socket.io/?EIO=4&transport=websocket HTTP/1.1" 404 2392
WARNING 2026-01-12 11:18:34,698 log 33904 22120 Not Found: /socket.io/
WARNING 2026-01-12 11:18:34,701 basehttp 33904 22120 "GET /socket.io/?EIO=4&transport=websocket HTTP/1.1" 404 2392
WARNING 2026-01-12 11:18:40,691 log 33904 31928 Not Found: /socket.io/
WARNING 2026-01-12 11:18:40,693 basehttp 33904 31928 "GET /socket.io/?EIO=4&transport=websocket HTTP/1.1" 404 2392
WARNING 2026-01-12 11:18:46,697 log 33904 37364 Not Found: /socket.io/
WARNING 2026-01-12 11:18:46,699 basehttp 33904 37364 "GET /socket.io/?EIO=4&transport=websocket HTTP/1.1" 404 2392
WARNING 2026-01-12 11:18:52,730 log 33904 22612 Not Found: /socket.io/
WARNING 2026-01-12 11:18:52,733 basehttp 33904 22612 "GET /socket.io/?EIO=4&transport=websocket HTTP/1.1" 404 2392
WARNING 2026-01-12 11:18:58,738 log 33904 36824 Not Found: /socket.io/
WARNING 2026-01-12 11:18:58,740 basehttp 33904 36824 "GET /socket.io/?EIO=4&transport=websocket HTTP/1.1" 404 2392
WARNING 2026-01-12 11:19:04,771 log 33904 6176 Not Found: /socket.io/
WARNING 2026-01-12 11:19:04,773 basehttp 33904 6176 "GET /socket.io/?EIO=4&transport=websocket HTTP/1.1" 404 2392
WARNING 2026-01-12 11:19:10,790 log 33904 27456 Not Found: /socket.io/
WARNING 2026-01-12 11:19:10,791 basehttp 33904 27456 "GET /socket.io/?EIO=4&transport=websocket HTTP/1.1" 404 2392
WARNING 2026-01-12 11:19:16,762 log 33904 35892 Not Found: /socket.io/
WARNING 2026-01-12 11:19:16,764 basehttp 33904 35892 "GET /socket.io/?EIO=4&transport=websocket HTTP/1.1" 404 2392
WARNING 2026-01-12 11:19:23,082 log 33904 37636 Not Found: /socket.io/
WARNING 2026-01-12 11:19:23,083 basehttp 33904 37636 "GET /socket.io/?EIO=4&transport=websocket HTTP/1.1" 404 2392
WARNING 2026-01-12 11:19:29,016 log 33904 9064 Not Found: /socket.io/
WARNING 2026-01-12 11:19:29,017 basehttp 33904 9064 "GET /socket.io/?EIO=4&transport=websocket HTTP/1.1" 404 2392
WARNING 2026-01-12 11:19:36,469 log 33904 13664 Not Found: /socket.io/
WARNING 2026-01-12 11:19:36,470 basehttp 33904 13664 "GET /socket.io/?EIO=4&transport=websocket HTTP/1.1" 404 2392
WARNING 2026-01-12 11:19:43,751 log 33904 10252 Not Found: /socket.io/
WARNING 2026-01-12 11:19:43,752 basehttp 33904 10252 "GET /socket.io/?EIO=4&transport=websocket HTTP/1.1" 404 2392
WARNING 2026-01-12 11:19:52,250 log 33904 31776 Not Found: /socket.io/
WARNING 2026-01-12 11:19:52,251 basehttp 33904 31776 "GET /socket.io/?EIO=4&transport=websocket HTTP/1.1" 404 2392
WARNING 2026-01-12 11:20:01,774 log 33904 27548 Not Found: /socket.io/
WARNING 2026-01-12 11:20:01,776 basehttp 33904 27548 "GET /socket.io/?EIO=4&transport=websocket HTTP/1.1" 404 2392
WARNING 2026-01-12 11:20:07,675 log 33904 27416 Not Found: /socket.io/
WARNING 2026-01-12 11:20:07,677 basehttp 33904 27416 "GET /socket.io/?EIO=4&transport=websocket HTTP/1.1" 404 2392
WARNING 2026-01-12 11:20:13,676 log 33904 23428 Not Found: /socket.io/
WARNING 2026-01-12 11:20:13,678 basehttp 33904 23428 "GET /socket.io/?EIO=4&transport=websocket HTTP/1.1" 404 2392
WARNING 2026-01-12 11:20:19,671 log 33904 26332 Not Found: /socket.io/
WARNING 2026-01-12 11:20:19,673 basehttp 33904 26332 "GET /socket.io/?EIO=4&transport=websocket HTTP/1.1" 404 2392
WARNING 2026-01-12 11:20:25,686 log 33904 22488 Not Found: /socket.io/
WARNING 2026-01-12 11:20:25,688 basehttp 33904 22488 "GET /socket.io/?EIO=4&transport=websocket HTTP/1.1" 404 2392
WARNING 2026-01-12 11:20:31,679 log 33904 29684 Not Found: /socket.io/
WARNING 2026-01-12 11:20:31,681 basehttp 33904 29684 "GET /socket.io/?EIO=4&transport=websocket HTTP/1.1" 404 2392
WARNING 2026-01-12 11:20:37,711 log 33904 31332 Not Found: /socket.io/
WARNING 2026-01-12 11:20:37,714 basehttp 33904 31332 "GET /socket.io/?EIO=4&transport=websocket HTTP/1.1" 404 2392
WARNING 2026-01-12 11:20:43,688 log 33904 19580 Not Found: /socket.io/
WARNING 2026-01-12 11:20:43,689 basehttp 33904 19580 "GET /socket.io/?EIO=4&transport=websocket HTTP/1.1" 404 2392
WARNING 2026-01-12 11:20:49,685 log 33904 13616 Not Found: /socket.io/
WARNING 2026-01-12 11:20:49,687 basehttp 33904 13616 "GET /socket.io/?EIO=4&transport=websocket HTTP/1.1" 404 2392
WARNING 2026-01-12 11:20:55,696 log 33904 35412 Not Found: /socket.io/
WARNING 2026-01-12 11:20:55,697 basehttp 33904 35412 "GET /socket.io/?EIO=4&transport=websocket HTTP/1.1" 404 2392
WARNING 2026-01-12 11:21:01,706 log 33904 25836 Not Found: /socket.io/
WARNING 2026-01-12 11:21:01,708 basehttp 33904 25836 "GET /socket.io/?EIO=4&transport=websocket HTTP/1.1" 404 2392
WARNING 2026-01-12 11:21:07,742 log 33904 23500 Not Found: /socket.io/
WARNING 2026-01-12 11:21:07,744 basehttp 33904 23500 "GET /socket.io/?EIO=4&transport=websocket HTTP/1.1" 404 2392
WARNING 2026-01-12 11:21:13,827 log 33904 36424 Not Found: /socket.io/
WARNING 2026-01-12 11:21:13,829 basehttp 33904 36424 "GET /socket.io/?EIO=4&transport=websocket HTTP/1.1" 404 2392
WARNING 2026-01-12 11:21:19,938 log 33904 35228 Not Found: /socket.io/
WARNING 2026-01-12 11:21:19,939 basehttp 33904 35228 "GET /socket.io/?EIO=4&transport=websocket HTTP/1.1" 404 2392
WARNING 2026-01-12 11:21:25,928 log 33904 38596 Not Found: /socket.io/
WARNING 2026-01-12 11:21:25,929 basehttp 33904 38596 "GET /socket.io/?EIO=4&transport=websocket HTTP/1.1" 404 2392
WARNING 2026-01-12 11:21:32,747 log 33904 26752 Not Found: /socket.io/
WARNING 2026-01-12 11:21:32,748 basehttp 33904 26752 "GET /socket.io/?EIO=4&transport=websocket HTTP/1.1" 404 2392
WARNING 2026-01-12 11:21:39,691 log 33904 24692 Not Found: /socket.io/
WARNING 2026-01-12 11:21:39,693 basehttp 33904 24692 "GET /socket.io/?EIO=4&transport=websocket HTTP/1.1" 404 2392
WARNING 2026-01-12 11:21:49,893 log 33904 18772 Not Found: /socket.io/
WARNING 2026-01-12 11:21:49,895 basehttp 33904 18772 "GET /socket.io/?EIO=4&transport=websocket HTTP/1.1" 404 2392
WARNING 2026-01-12 11:21:58,797 log 33904 22460 Not Found: /socket.io/
WARNING 2026-01-12 11:21:58,798 basehttp 33904 22460 "GET /socket.io/?EIO=4&transport=websocket HTTP/1.1" 404 2392
WARNING 2026-01-12 11:22:08,130 log 33904 7484 Not Found: /socket.io/
WARNING 2026-01-12 11:22:08,131 basehttp 33904 7484 "GET /socket.io/?EIO=4&transport=websocket HTTP/1.1" 404 2392
WARNING 2026-01-12 11:22:17,646 log 33904 36324 Not Found: /socket.io/
WARNING 2026-01-12 11:22:17,647 basehttp 33904 36324 "GET /socket.io/?EIO=4&transport=websocket HTTP/1.1" 404 2392
WARNING 2026-01-12 11:22:24,683 log 33904 37104 Not Found: /socket.io/
WARNING 2026-01-12 11:22:24,684 basehttp 33904 37104 "GET /socket.io/?EIO=4&transport=websocket HTTP/1.1" 404 2392
WARNING 2026-01-12 11:22:32,294 log 33904 26404 Not Found: /socket.io/
WARNING 2026-01-12 11:22:32,295 basehttp 33904 26404 "GET /socket.io/?EIO=4&transport=websocket HTTP/1.1" 404 2392
WARNING 2026-01-12 11:22:39,592 log 33904 36896 Not Found: /socket.io/
WARNING 2026-01-12 11:22:39,593 basehttp 33904 36896 "GET /socket.io/?EIO=4&transport=websocket HTTP/1.1" 404 2392
WARNING 2026-01-12 11:22:46,828 log 33904 24844 Not Found: /socket.io/
WARNING 2026-01-12 11:22:46,829 basehttp 33904 24844 "GET /socket.io/?EIO=4&transport=websocket HTTP/1.1" 404 2392
WARNING 2026-01-12 11:22:57,115 log 33904 34748 Not Found: /socket.io/
WARNING 2026-01-12 11:22:57,116 basehttp 33904 34748 "GET /socket.io/?EIO=4&transport=websocket HTTP/1.1" 404 2392
WARNING 2026-01-12 11:23:04,403 log 33904 21164 Not Found: /socket.io/
WARNING 2026-01-12 11:23:04,404 basehttp 33904 21164 "GET /socket.io/?EIO=4&transport=websocket HTTP/1.1" 404 2392
WARNING 2026-01-12 11:23:13,887 log 33904 26424 Not Found: /socket.io/
WARNING 2026-01-12 11:23:13,888 basehttp 33904 26424 "GET /socket.io/?EIO=4&transport=websocket HTTP/1.1" 404 2392
WARNING 2026-01-12 11:23:22,889 log 33904 19948 Not Found: /socket.io/
WARNING 2026-01-12 11:23:22,890 basehttp 33904 19948 "GET /socket.io/?EIO=4&transport=websocket HTTP/1.1" 404 2392
WARNING 2026-01-12 11:23:30,910 log 33904 11252 Not Found: /socket.io/
WARNING 2026-01-12 11:23:30,911 basehttp 33904 11252 "GET /socket.io/?EIO=4&transport=websocket HTTP/1.1" 404 2392
WARNING 2026-01-12 11:23:40,681 log 33904 18796 Not Found: /socket.io/
WARNING 2026-01-12 11:23:40,683 basehttp 33904 18796 "GET /socket.io/?EIO=4&transport=websocket HTTP/1.1" 404 2392
WARNING 2026-01-12 11:23:48,381 log 33904 17972 Not Found: /socket.io/
WARNING 2026-01-12 11:23:48,382 basehttp 33904 17972 "GET /socket.io/?EIO=4&transport=websocket HTTP/1.1" 404 2392
WARNING 2026-01-12 11:23:57,780 log 33904 19672 Not Found: /socket.io/
WARNING 2026-01-12 11:23:57,781 basehttp 33904 19672 "GET /socket.io/?EIO=4&transport=websocket HTTP/1.1" 404 2392
WARNING 2026-01-12 11:24:07,740 log 33904 30792 Not Found: /socket.io/
WARNING 2026-01-12 11:24:07,743 basehttp 33904 30792 "GET /socket.io/?EIO=4&transport=websocket HTTP/1.1" 404 2392
WARNING 2026-01-12 11:24:15,726 log 33904 37980 Not Found: /socket.io/
WARNING 2026-01-12 11:24:15,727 basehttp 33904 37980 "GET /socket.io/?EIO=4&transport=websocket HTTP/1.1" 404 2392
WARNING 2026-01-12 11:24:23,348 log 33904 35388 Not Found: /socket.io/
WARNING 2026-01-12 11:24:23,349 basehttp 33904 35388 "GET /socket.io/?EIO=4&transport=websocket HTTP/1.1" 404 2392
WARNING 2026-01-12 11:24:32,698 log 33904 37204 Not Found: /socket.io/
WARNING 2026-01-12 11:24:32,699 basehttp 33904 37204 "GET /socket.io/?EIO=4&transport=websocket HTTP/1.1" 404 2392
WARNING 2026-01-12 11:24:41,422 log 33904 18672 Not Found: /socket.io/
WARNING 2026-01-12 11:24:41,423 basehttp 33904 18672 "GET /socket.io/?EIO=4&transport=websocket HTTP/1.1" 404 2392
WARNING 2026-01-12 11:24:52,425 log 33904 38760 Not Found: /socket.io/
WARNING 2026-01-12 11:24:52,426 basehttp 33904 38760 "GET /socket.io/?EIO=4&transport=websocket HTTP/1.1" 404 2392
WARNING 2026-01-12 11:25:02,945 log 33904 3732 Not Found: /socket.io/
WARNING 2026-01-12 11:25:02,946 basehttp 33904 3732 "GET /socket.io/?EIO=4&transport=websocket HTTP/1.1" 404 2392
WARNING 2026-01-12 11:25:13,366 log 33904 27676 Not Found: /socket.io/
WARNING 2026-01-12 11:25:13,368 basehttp 33904 27676 "GET /socket.io/?EIO=4&transport=websocket HTTP/1.1" 404 2392
WARNING 2026-01-12 11:25:20,956 log 33904 18548 Not Found: /socket.io/
WARNING 2026-01-12 11:25:20,958 basehttp 33904 18548 "GET /socket.io/?EIO=4&transport=websocket HTTP/1.1" 404 2392
WARNING 2026-01-12 11:25:29,631 log 33904 10684 Not Found: /socket.io/
WARNING 2026-01-12 11:25:29,633 basehttp 33904 10684 "GET /socket.io/?EIO=4&transport=websocket HTTP/1.1" 404 2392
WARNING 2026-01-12 11:25:40,001 log 33904 37624 Not Found: /socket.io/
WARNING 2026-01-12 11:25:40,003 basehttp 33904 37624 "GET /socket.io/?EIO=4&transport=websocket HTTP/1.1" 404 2392
WARNING 2026-01-12 11:25:48,400 log 33904 14088 Not Found: /socket.io/
WARNING 2026-01-12 11:25:48,400 basehttp 33904 14088 "GET /socket.io/?EIO=4&transport=websocket HTTP/1.1" 404 2392
WARNING 2026-01-12 11:25:56,986 log 33904 13088 Not Found: /socket.io/
WARNING 2026-01-12 11:25:56,988 basehttp 33904 13088 "GET /socket.io/?EIO=4&transport=websocket HTTP/1.1" 404 2392
WARNING 2026-01-12 11:26:06,820 log 33904 31540 Not Found: /socket.io/
WARNING 2026-01-12 11:26:06,821 basehttp 33904 31540 "GET /socket.io/?EIO=4&transport=websocket HTTP/1.1" 404 2392
WARNING 2026-01-12 11:26:12,672 log 33904 31272 Not Found: /socket.io/
WARNING 2026-01-12 11:26:12,672 basehttp 33904 31272 "GET /socket.io/?EIO=4&transport=websocket HTTP/1.1" 404 2392
WARNING 2026-01-12 11:26:18,683 log 33904 32808 Not Found: /socket.io/
WARNING 2026-01-12 11:26:18,684 basehttp 33904 32808 "GET /socket.io/?EIO=4&transport=websocket HTTP/1.1" 404 2392
WARNING 2026-01-12 11:26:24,679 log 33904 13260 Not Found: /socket.io/
WARNING 2026-01-12 11:26:24,680 basehttp 33904 13260 "GET /socket.io/?EIO=4&transport=websocket HTTP/1.1" 404 2392
WARNING 2026-01-12 11:26:30,670 log 33904 4812 Not Found: /socket.io/
WARNING 2026-01-12 11:26:30,671 basehttp 33904 4812 "GET /socket.io/?EIO=4&transport=websocket HTTP/1.1" 404 2392
WARNING 2026-01-12 11:26:36,676 log 33904 25712 Not Found: /socket.io/
WARNING 2026-01-12 11:26:36,677 basehttp 33904 25712 "GET /socket.io/?EIO=4&transport=websocket HTTP/1.1" 404 2392
WARNING 2026-01-12 11:26:42,687 log 33904 35320 Not Found: /socket.io/
WARNING 2026-01-12 11:26:42,688 basehttp 33904 35320 "GET /socket.io/?EIO=4&transport=websocket HTTP/1.1" 404 2392
WARNING 2026-01-12 11:26:48,676 log 33904 24904 Not Found: /socket.io/
WARNING 2026-01-12 11:26:48,677 basehttp 33904 24904 "GET /socket.io/?EIO=4&transport=websocket HTTP/1.1" 404 2392
WARNING 2026-01-12 11:26:54,687 log 33904 30532 Not Found: /socket.io/
WARNING 2026-01-12 11:26:54,689 basehttp 33904 30532 "GET /socket.io/?EIO=4&transport=websocket HTTP/1.1" 404 2392
WARNING 2026-01-12 11:27:00,687 log 33904 36620 Not Found: /socket.io/
WARNING 2026-01-12 11:27:00,688 basehttp 33904 36620 "GET /socket.io/?EIO=4&transport=websocket HTTP/1.1" 404 2392
WARNING 2026-01-12 11:27:06,671 log 33904 27844 Not Found: /socket.io/
WARNING 2026-01-12 11:27:06,672 basehttp 33904 27844 "GET /socket.io/?EIO=4&transport=websocket HTTP/1.1" 404 2392
WARNING 2026-01-12 11:27:12,749 log 33904 33640 Not Found: /socket.io/
WARNING 2026-01-12 11:27:12,751 basehttp 33904 33640 "GET /socket.io/?EIO=4&transport=websocket HTTP/1.1" 404 2392
WARNING 2026-01-12 11:27:18,817 log 33904 38700 Not Found: /socket.io/
WARNING 2026-01-12 11:27:18,819 basehttp 33904 38700 "GET /socket.io/?EIO=4&transport=websocket HTTP/1.1" 404 2392
WARNING 2026-01-12 11:27:24,901 log 33904 9056 Not Found: /socket.io/
WARNING 2026-01-12 11:27:24,902 basehttp 33904 9056 "GET /socket.io/?EIO=4&transport=websocket HTTP/1.1" 404 2392
WARNING 2026-01-12 11:27:30,807 log 33904 17092 Not Found: /socket.io/
WARNING 2026-01-12 11:27:30,808 basehttp 33904 17092 "GET /socket.io/?EIO=4&transport=websocket HTTP/1.1" 404 2392
WARNING 2026-01-12 11:27:37,205 log 33904 6036 Not Found: /socket.io/
WARNING 2026-01-12 11:27:37,205 basehttp 33904 6036 "GET /socket.io/?EIO=4&transport=websocket HTTP/1.1" 404 2392
WARNING 2026-01-12 11:27:44,863 log 33904 12112 Not Found: /socket.io/
WARNING 2026-01-12 11:27:44,864 basehttp 33904 12112 "GET /socket.io/?EIO=4&transport=websocket HTTP/1.1" 404 2392
WARNING 2026-01-12 11:27:55,379 log 33904 33700 Not Found: /socket.io/
WARNING 2026-01-12 11:27:55,379 basehttp 33904 33700 "GET /socket.io/?EIO=4&transport=websocket HTTP/1.1" 404 2392
WARNING 2026-01-12 11:28:06,052 log 33904 35288 Not Found: /socket.io/
WARNING 2026-01-12 11:28:06,054 basehttp 33904 35288 "GET /socket.io/?EIO=4&transport=websocket HTTP/1.1" 404 2392
WARNING 2026-01-12 11:28:16,418 log 33904 30428 Not Found: /socket.io/
WARNING 2026-01-12 11:28:16,418 basehttp 33904 30428 "GET /socket.io/?EIO=4&transport=websocket HTTP/1.1" 404 2392
WARNING 2026-01-12 11:28:25,478 log 33904 36492 Not Found: /socket.io/
WARNING 2026-01-12 11:28:25,478 basehttp 33904 36492 "GET /socket.io/?EIO=4&transport=websocket HTTP/1.1" 404 2392
WARNING 2026-01-12 11:28:32,846 log 33904 28548 Not Found: /socket.io/
WARNING 2026-01-12 11:28:32,847 basehttp 33904 28548 "GET /socket.io/?EIO=4&transport=websocket HTTP/1.1" 404 2392
WARNING 2026-01-12 11:28:40,994 log 33904 35512 Not Found: /socket.io/
WARNING 2026-01-12 11:28:40,995 basehttp 33904 35512 "GET /socket.io/?EIO=4&transport=websocket HTTP/1.1" 404 2392
WARNING 2026-01-12 11:28:48,638 log 33904 36744 Not Found: /socket.io/
WARNING 2026-01-12 11:28:48,638 basehttp 33904 36744 "GET /socket.io/?EIO=4&transport=websocket HTTP/1.1" 404 2392
WARNING 2026-01-12 11:28:57,346 log 33904 25272 Not Found: /socket.io/
WARNING 2026-01-12 11:28:57,346 basehttp 33904 25272 "GET /socket.io/?EIO=4&transport=websocket HTTP/1.1" 404 2392
WARNING 2026-01-12 11:29:07,938 log 33904 21004 Not Found: /socket.io/
WARNING 2026-01-12 11:29:07,940 basehttp 33904 21004 "GET /socket.io/?EIO=4&transport=websocket HTTP/1.1" 404 2392
WARNING 2026-01-12 11:29:17,186 log 33904 10080 Not Found: /socket.io/
WARNING 2026-01-12 11:29:17,186 basehttp 33904 10080 "GET /socket.io/?EIO=4&transport=websocket HTTP/1.1" 404 2392
WARNING 2026-01-12 11:29:24,484 log 33904 28316 Not Found: /socket.io/
WARNING 2026-01-12 11:29:24,486 basehttp 33904 28316 "GET /socket.io/?EIO=4&transport=websocket HTTP/1.1" 404 2392
WARNING 2026-01-12 11:29:34,947 log 33904 34732 Not Found: /socket.io/
WARNING 2026-01-12 11:29:34,948 basehttp 33904 34732 "GET /socket.io/?EIO=4&transport=websocket HTTP/1.1" 404 2392
WARNING 2026-01-12 11:29:42,042 log 33904 36436 Not Found: /socket.io/
WARNING 2026-01-12 11:29:42,043 basehttp 33904 36436 "GET /socket.io/?EIO=4&transport=websocket HTTP/1.1" 404 2392
WARNING 2026-01-12 11:29:49,662 log 33904 35844 Not Found: /socket.io/
WARNING 2026-01-12 11:29:49,662 basehttp 33904 35844 "GET /socket.io/?EIO=4&transport=websocket HTTP/1.1" 404 2392
WARNING 2026-01-12 11:29:58,000 log 33904 24084 Not Found: /socket.io/
WARNING 2026-01-12 11:29:58,000 basehttp 33904 24084 "GET /socket.io/?EIO=4&transport=websocket HTTP/1.1" 404 2392
WARNING 2026-01-12 11:30:07,430 log 33904 24380 Not Found: /socket.io/
WARNING 2026-01-12 11:30:07,432 basehttp 33904 24380 "GET /socket.io/?EIO=4&transport=websocket HTTP/1.1" 404 2392
WARNING 2026-01-12 11:30:13,672 log 33904 29984 Not Found: /socket.io/
WARNING 2026-01-12 11:30:13,673 basehttp 33904 29984 "GET /socket.io/?EIO=4&transport=websocket HTTP/1.1" 404 2392
WARNING 2026-01-12 11:30:19,679 log 33904 5824 Not Found: /socket.io/
WARNING 2026-01-12 11:30:19,680 basehttp 33904 5824 "GET /socket.io/?EIO=4&transport=websocket HTTP/1.1" 404 2392
WARNING 2026-01-12 11:30:25,677 log 33904 34952 Not Found: /socket.io/
WARNING 2026-01-12 11:30:25,679 basehttp 33904 34952 "GET /socket.io/?EIO=4&transport=websocket HTTP/1.1" 404 2392
WARNING 2026-01-12 11:30:31,680 log 33904 29060 Not Found: /socket.io/
WARNING 2026-01-12 11:30:31,681 basehttp 33904 29060 "GET /socket.io/?EIO=4&transport=websocket HTTP/1.1" 404 2392
WARNING 2026-01-12 11:30:37,677 log 33904 12972 Not Found: /socket.io/
WARNING 2026-01-12 11:30:37,678 basehttp 33904 12972 "GET /socket.io/?EIO=4&transport=websocket HTTP/1.1" 404 2392
WARNING 2026-01-12 11:30:43,695 log 33904 25360 Not Found: /socket.io/
WARNING 2026-01-12 11:30:43,696 basehttp 33904 25360 "GET /socket.io/?EIO=4&transport=websocket HTTP/1.1" 404 2392
WARNING 2026-01-12 11:30:49,688 log 33904 37636 Not Found: /socket.io/
WARNING 2026-01-12 11:30:49,690 basehttp 33904 37636 "GET /socket.io/?EIO=4&transport=websocket HTTP/1.1" 404 2392
WARNING 2026-01-12 11:30:55,681 log 33904 31776 Not Found: /socket.io/
WARNING 2026-01-12 11:30:55,682 basehttp 33904 31776 "GET /socket.io/?EIO=4&transport=websocket HTTP/1.1" 404 2392
WARNING 2026-01-12 11:31:01,705 log 33904 27416 Not Found: /socket.io/
WARNING 2026-01-12 11:31:01,707 basehttp 33904 27416 "GET /socket.io/?EIO=4&transport=websocket HTTP/1.1" 404 2392
WARNING 2026-01-12 11:31:07,762 log 33904 28312 Not Found: /socket.io/
WARNING 2026-01-12 11:31:07,763 basehttp 33904 28312 "GET /socket.io/?EIO=4&transport=websocket HTTP/1.1" 404 2392
WARNING 2026-01-12 11:31:13,745 log 33904 36152 Not Found: /socket.io/
WARNING 2026-01-12 11:31:13,746 basehttp 33904 36152 "GET /socket.io/?EIO=4&transport=websocket HTTP/1.1" 404 2392
WARNING 2026-01-12 11:31:19,752 log 33904 25460 Not Found: /socket.io/
WARNING 2026-01-12 11:31:19,753 basehttp 33904 25460 "GET /socket.io/?EIO=4&transport=websocket HTTP/1.1" 404 2392
WARNING 2026-01-12 11:31:25,750 log 33904 35028 Not Found: /socket.io/
WARNING 2026-01-12 11:31:25,750 basehttp 33904 35028 "GET /socket.io/?EIO=4&transport=websocket HTTP/1.1" 404 2392
WARNING 2026-01-12 11:31:31,861 log 33904 2804 Not Found: /socket.io/
WARNING 2026-01-12 11:31:31,862 basehttp 33904 2804 "GET /socket.io/?EIO=4&transport=websocket HTTP/1.1" 404 2392
WARNING 2026-01-12 11:31:38,083 log 33904 33524 Not Found: /socket.io/
WARNING 2026-01-12 11:31:38,083 basehttp 33904 33524 "GET /socket.io/?EIO=4&transport=websocket HTTP/1.1" 404 2392
WARNING 2026-01-12 11:31:44,986 log 33904 37608 Not Found: /socket.io/
WARNING 2026-01-12 11:31:44,988 basehttp 33904 37608 "GET /socket.io/?EIO=4&transport=websocket HTTP/1.1" 404 2392
WARNING 2026-01-12 11:31:54,763 log 33904 20188 Not Found: /socket.io/
WARNING 2026-01-12 11:31:54,765 basehttp 33904 20188 "GET /socket.io/?EIO=4&transport=websocket HTTP/1.1" 404 2392
WARNING 2026-01-12 11:32:04,077 log 33904 24888 Not Found: /socket.io/
WARNING 2026-01-12 11:32:04,078 basehttp 33904 24888 "GET /socket.io/?EIO=4&transport=websocket HTTP/1.1" 404 2392
WARNING 2026-01-12 11:32:11,775 log 33904 34504 Not Found: /socket.io/
WARNING 2026-01-12 11:32:11,777 basehttp 33904 34504 "GET /socket.io/?EIO=4&transport=websocket HTTP/1.1" 404 2392
WARNING 2026-01-12 11:32:17,671 log 33904 25336 Not Found: /socket.io/
WARNING 2026-01-12 11:32:17,672 basehttp 33904 25336 "GET /socket.io/?EIO=4&transport=websocket HTTP/1.1" 404 2392
WARNING 2026-01-12 11:32:23,676 log 33904 19956 Not Found: /socket.io/
WARNING 2026-01-12 11:32:23,677 basehttp 33904 19956 "GET /socket.io/?EIO=4&transport=websocket HTTP/1.1" 404 2392
WARNING 2026-01-12 11:32:29,694 log 33904 10284 Not Found: /socket.io/
WARNING 2026-01-12 11:32:29,696 basehttp 33904 10284 "GET /socket.io/?EIO=4&transport=websocket HTTP/1.1" 404 2392
WARNING 2026-01-12 11:32:35,664 log 33904 27020 Not Found: /socket.io/
WARNING 2026-01-12 11:32:35,666 basehttp 33904 27020 "GET /socket.io/?EIO=4&transport=websocket HTTP/1.1" 404 2392
WARNING 2026-01-12 11:32:41,681 log 33904 36948 Not Found: /socket.io/
WARNING 2026-01-12 11:32:41,682 basehttp 33904 36948 "GET /socket.io/?EIO=4&transport=websocket HTTP/1.1" 404 2392
WARNING 2026-01-12 11:32:47,688 log 33904 2092 Not Found: /socket.io/
WARNING 2026-01-12 11:32:47,690 basehttp 33904 2092 "GET /socket.io/?EIO=4&transport=websocket HTTP/1.1" 404 2392
WARNING 2026-01-12 11:32:53,711 log 33904 35496 Not Found: /socket.io/
WARNING 2026-01-12 11:32:53,713 basehttp 33904 35496 "GET /socket.io/?EIO=4&transport=websocket HTTP/1.1" 404 2392
WARNING 2026-01-12 11:32:59,731 log 33904 24600 Not Found: /socket.io/
WARNING 2026-01-12 11:32:59,734 basehttp 33904 24600 "GET /socket.io/?EIO=4&transport=websocket HTTP/1.1" 404 2392
WARNING 2026-01-12 11:33:05,722 log 33904 3224 Not Found: /socket.io/
WARNING 2026-01-12 11:33:05,723 basehttp 33904 3224 "GET /socket.io/?EIO=4&transport=websocket HTTP/1.1" 404 2392
WARNING 2026-01-12 11:33:11,719 log 33904 35940 Not Found: /socket.io/
WARNING 2026-01-12 11:33:11,721 basehttp 33904 35940 "GET /socket.io/?EIO=4&transport=websocket HTTP/1.1" 404 2392
WARNING 2026-01-12 11:33:17,746 log 33904 18004 Not Found: /socket.io/
WARNING 2026-01-12 11:33:17,749 basehttp 33904 18004 "GET /socket.io/?EIO=4&transport=websocket HTTP/1.1" 404 2392
WARNING 2026-01-12 11:33:23,800 log 33904 24012 Not Found: /socket.io/
WARNING 2026-01-12 11:33:23,801 basehttp 33904 24012 "GET /socket.io/?EIO=4&transport=websocket HTTP/1.1" 404 2392
WARNING 2026-01-12 11:33:29,806 log 33904 22376 Not Found: /socket.io/
WARNING 2026-01-12 11:33:29,808 basehttp 33904 22376 "GET /socket.io/?EIO=4&transport=websocket HTTP/1.1" 404 2392
WARNING 2026-01-12 11:33:36,113 log 33904 25972 Not Found: /socket.io/
WARNING 2026-01-12 11:33:36,121 basehttp 33904 25972 "GET /socket.io/?EIO=4&transport=websocket HTTP/1.1" 404 2392
WARNING 2026-01-12 11:33:42,576 log 33904 37152 Not Found: /socket.io/
WARNING 2026-01-12 11:33:42,579 basehttp 33904 37152 "GET /socket.io/?EIO=4&transport=websocket HTTP/1.1" 404 2392
WARNING 2026-01-12 11:33:49,982 log 33904 21952 Not Found: /socket.io/
WARNING 2026-01-12 11:33:49,983 basehttp 33904 21952 "GET /socket.io/?EIO=4&transport=websocket HTTP/1.1" 404 2392
WARNING 2026-01-12 11:34:00,410 log 33904 38224 Not Found: /socket.io/
WARNING 2026-01-12 11:34:00,413 basehttp 33904 38224 "GET /socket.io/?EIO=4&transport=websocket HTTP/1.1" 404 2392
WARNING 2026-01-12 11:34:11,009 log 33904 38316 Not Found: /socket.io/
WARNING 2026-01-12 11:34:11,012 basehttp 33904 38316 "GET /socket.io/?EIO=4&transport=websocket HTTP/1.1" 404 2392
WARNING 2026-01-12 11:34:21,063 log 33904 13716 Not Found: /socket.io/
WARNING 2026-01-12 11:34:21,065 basehttp 33904 13716 "GET /socket.io/?EIO=4&transport=websocket HTTP/1.1" 404 2392
WARNING 2026-01-12 11:34:28,627 log 33904 34564 Not Found: /socket.io/
WARNING 2026-01-12 11:34:28,629 basehttp 33904 34564 "GET /socket.io/?EIO=4&transport=websocket HTTP/1.1" 404 2392
WARNING 2026-01-12 11:34:38,086 log 33904 19356 Not Found: /socket.io/
WARNING 2026-01-12 11:34:38,088 basehttp 33904 19356 "GET /socket.io/?EIO=4&transport=websocket HTTP/1.1" 404 2392
WARNING 2026-01-12 11:34:46,410 log 33904 37920 Not Found: /socket.io/
WARNING 2026-01-12 11:34:46,412 basehttp 33904 37920 "GET /socket.io/?EIO=4&transport=websocket HTTP/1.1" 404 2392
WARNING 2026-01-12 11:34:56,058 log 33904 36048 Not Found: /socket.io/
WARNING 2026-01-12 11:34:56,060 basehttp 33904 36048 "GET /socket.io/?EIO=4&transport=websocket HTTP/1.1" 404 2392
WARNING 2026-01-12 11:35:07,382 log 33904 29704 Not Found: /socket.io/
WARNING 2026-01-12 11:35:07,385 basehttp 33904 29704 "GET /socket.io/?EIO=4&transport=websocket HTTP/1.1" 404 2392
WARNING 2026-01-12 11:35:18,537 log 33904 24560 Not Found: /socket.io/
WARNING 2026-01-12 11:35:18,538 basehttp 33904 24560 "GET /socket.io/?EIO=4&transport=websocket HTTP/1.1" 404 2392
WARNING 2026-01-12 11:35:26,042 log 33904 1656 Not Found: /socket.io/
WARNING 2026-01-12 11:35:26,045 basehttp 33904 1656 "GET /socket.io/?EIO=4&transport=websocket HTTP/1.1" 404 2392
WARNING 2026-01-12 11:35:36,160 log 33904 35948 Not Found: /socket.io/
WARNING 2026-01-12 11:35:36,162 basehttp 33904 35948 "GET /socket.io/?EIO=4&transport=websocket HTTP/1.1" 404 2392
WARNING 2026-01-12 11:35:45,167 log 33904 36728 Not Found: /socket.io/
WARNING 2026-01-12 11:35:45,169 basehttp 33904 36728 "GET /socket.io/?EIO=4&transport=websocket HTTP/1.1" 404 2392
WARNING 2026-01-12 11:35:55,003 log 33904 26456 Not Found: /socket.io/
WARNING 2026-01-12 11:35:55,005 basehttp 33904 26456 "GET /socket.io/?EIO=4&transport=websocket HTTP/1.1" 404 2392
WARNING 2026-01-12 11:36:03,250 log 33904 38648 Not Found: /socket.io/
WARNING 2026-01-12 11:36:03,252 basehttp 33904 38648 "GET /socket.io/?EIO=4&transport=websocket HTTP/1.1" 404 2392
WARNING 2026-01-12 11:36:09,862 log 33904 37632 Not Found: /socket.io/
WARNING 2026-01-12 11:36:09,864 basehttp 33904 37632 "GET /socket.io/?EIO=4&transport=websocket HTTP/1.1" 404 2392
WARNING 2026-01-12 11:36:18,932 log 33904 32464 Not Found: /socket.io/
WARNING 2026-01-12 11:36:18,934 basehttp 33904 32464 "GET /socket.io/?EIO=4&transport=websocket HTTP/1.1" 404 2392
WARNING 2026-01-12 11:36:25,323 log 33904 36464 Not Found: /socket.io/
WARNING 2026-01-12 11:36:25,325 basehttp 33904 36464 "GET /socket.io/?EIO=4&transport=websocket HTTP/1.1" 404 2392
WARNING 2026-01-12 11:36:31,759 log 33904 24880 Not Found: /socket.io/
WARNING 2026-01-12 11:36:31,761 basehttp 33904 24880 "GET /socket.io/?EIO=4&transport=websocket HTTP/1.1" 404 2392
WARNING 2026-01-12 11:36:42,309 log 33904 35896 Not Found: /socket.io/
WARNING 2026-01-12 11:36:42,310 basehttp 33904 35896 "GET /socket.io/?EIO=4&transport=websocket HTTP/1.1" 404 2392
WARNING 2026-01-12 11:36:51,746 log 33904 20688 Not Found: /socket.io/
WARNING 2026-01-12 11:36:51,747 basehttp 33904 20688 "GET /socket.io/?EIO=4&transport=websocket HTTP/1.1" 404 2392
WARNING 2026-01-12 11:36:59,538 log 33904 32156 Not Found: /socket.io/
WARNING 2026-01-12 11:36:59,538 basehttp 33904 32156 "GET /socket.io/?EIO=4&transport=websocket HTTP/1.1" 404 2392
WARNING 2026-01-12 11:37:07,689 log 33904 34876 Not Found: /socket.io/
WARNING 2026-01-12 11:37:07,692 basehttp 33904 34876 "GET /socket.io/?EIO=4&transport=websocket HTTP/1.1" 404 2392
WARNING 2026-01-12 11:37:14,934 log 33904 19972 Not Found: /socket.io/
WARNING 2026-01-12 11:37:14,936 basehttp 33904 19972 "GET /socket.io/?EIO=4&transport=websocket HTTP/1.1" 404 2392
WARNING 2026-01-12 11:37:24,253 log 33904 24964 Not Found: /socket.io/
WARNING 2026-01-12 11:37:24,255 basehttp 33904 24964 "GET /socket.io/?EIO=4&transport=websocket HTTP/1.1" 404 2392
WARNING 2026-01-12 11:37:32,624 log 33904 17108 Not Found: /socket.io/
WARNING 2026-01-12 11:37:32,625 basehttp 33904 17108 "GET /socket.io/?EIO=4&transport=websocket HTTP/1.1" 404 2392
WARNING 2026-01-12 11:37:40,474 log 33904 20524 Not Found: /socket.io/
WARNING 2026-01-12 11:37:40,477 basehttp 33904 20524 "GET /socket.io/?EIO=4&transport=websocket HTTP/1.1" 404 2392
WARNING 2026-01-12 11:37:47,981 log 33904 31420 Not Found: /socket.io/
WARNING 2026-01-12 11:37:47,982 basehttp 33904 31420 "GET /socket.io/?EIO=4&transport=websocket HTTP/1.1" 404 2392
WARNING 2026-01-12 11:37:57,334 log 33904 35580 Not Found: /socket.io/
WARNING 2026-01-12 11:37:57,336 basehttp 33904 35580 "GET /socket.io/?EIO=4&transport=websocket HTTP/1.1" 404 2392
WARNING 2026-01-12 11:38:03,860 log 33904 33060 Not Found: /socket.io/
WARNING 2026-01-12 11:38:03,863 basehttp 33904 33060 "GET /socket.io/?EIO=4&transport=websocket HTTP/1.1" 404 2392
WARNING 2026-01-12 11:38:10,771 log 33904 37088 Not Found: /socket.io/
WARNING 2026-01-12 11:38:10,774 basehttp 33904 37088 "GET /socket.io/?EIO=4&transport=websocket HTTP/1.1" 404 2392
WARNING 2026-01-12 11:38:20,850 log 33904 3152 Not Found: /socket.io/
WARNING 2026-01-12 11:38:20,851 basehttp 33904 3152 "GET /socket.io/?EIO=4&transport=websocket HTTP/1.1" 404 2392
WARNING 2026-01-12 11:38:31,327 log 33904 38748 Not Found: /socket.io/
WARNING 2026-01-12 11:38:31,329 basehttp 33904 38748 "GET /socket.io/?EIO=4&transport=websocket HTTP/1.1" 404 2392
WARNING 2026-01-12 11:38:41,072 log 33904 36060 Not Found: /socket.io/
WARNING 2026-01-12 11:38:41,073 basehttp 33904 36060 "GET /socket.io/?EIO=4&transport=websocket HTTP/1.1" 404 2392
WARNING 2026-01-12 11:38:47,750 log 33904 23964 Not Found: /socket.io/
WARNING 2026-01-12 11:38:47,752 basehttp 33904 23964 "GET /socket.io/?EIO=4&transport=websocket HTTP/1.1" 404 2392
WARNING 2026-01-12 11:38:56,974 log 33904 34880 Not Found: /socket.io/
WARNING 2026-01-12 11:38:56,975 basehttp 33904 34880 "GET /socket.io/?EIO=4&transport=websocket HTTP/1.1" 404 2392
WARNING 2026-01-12 11:39:04,099 log 33904 9136 Not Found: /socket.io/
WARNING 2026-01-12 11:39:04,100 basehttp 33904 9136 "GET /socket.io/?EIO=4&transport=websocket HTTP/1.1" 404 2392
WARNING 2026-01-12 11:39:11,205 log 33904 33020 Not Found: /socket.io/
WARNING 2026-01-12 11:39:11,208 basehttp 33904 33020 "GET /socket.io/?EIO=4&transport=websocket HTTP/1.1" 404 2392
WARNING 2026-01-12 11:39:21,602 log 33904 31388 Not Found: /socket.io/
WARNING 2026-01-12 11:39:21,604 basehttp 33904 31388 "GET /socket.io/?EIO=4&transport=websocket HTTP/1.1" 404 2392
WARNING 2026-01-12 11:39:30,409 log 33904 34356 Not Found: /socket.io/
WARNING 2026-01-12 11:39:30,412 basehttp 33904 34356 "GET /socket.io/?EIO=4&transport=websocket HTTP/1.1" 404 2392
WARNING 2026-01-12 11:39:40,333 log 33904 12972 Not Found: /socket.io/
WARNING 2026-01-12 11:39:40,335 basehttp 33904 12972 "GET /socket.io/?EIO=4&transport=websocket HTTP/1.1" 404 2392
WARNING 2026-01-12 11:39:46,712 log 33904 30716 Not Found: /socket.io/
WARNING 2026-01-12 11:39:46,713 basehttp 33904 30716 "GET /socket.io/?EIO=4&transport=websocket HTTP/1.1" 404 2392
WARNING 2026-01-12 11:39:55,928 log 33904 5400 Not Found: /socket.io/
WARNING 2026-01-12 11:39:55,929 basehttp 33904 5400 "GET /socket.io/?EIO=4&transport=websocket HTTP/1.1" 404 2392
WARNING 2026-01-12 11:40:06,283 log 33904 33712 Not Found: /socket.io/
WARNING 2026-01-12 11:40:06,284 basehttp 33904 33712 "GET /socket.io/?EIO=4&transport=websocket HTTP/1.1" 404 2392
WARNING 2026-01-12 11:40:15,643 log 33904 34364 Not Found: /socket.io/
WARNING 2026-01-12 11:40:15,645 basehttp 33904 34364 "GET /socket.io/?EIO=4&transport=websocket HTTP/1.1" 404 2392
WARNING 2026-01-12 11:40:21,674 log 33904 31576 Not Found: /socket.io/
WARNING 2026-01-12 11:40:21,675 basehttp 33904 31576 "GET /socket.io/?EIO=4&transport=websocket HTTP/1.1" 404 2392
WARNING 2026-01-12 11:40:27,682 log 33904 12976 Not Found: /socket.io/
WARNING 2026-01-12 11:40:27,683 basehttp 33904 12976 "GET /socket.io/?EIO=4&transport=websocket HTTP/1.1" 404 2392
WARNING 2026-01-12 11:40:33,676 log 33904 38692 Not Found: /socket.io/
WARNING 2026-01-12 11:40:33,678 basehttp 33904 38692 "GET /socket.io/?EIO=4&transport=websocket HTTP/1.1" 404 2392
WARNING 2026-01-12 11:40:39,673 log 33904 19844 Not Found: /socket.io/
WARNING 2026-01-12 11:40:39,675 basehttp 33904 19844 "GET /socket.io/?EIO=4&transport=websocket HTTP/1.1" 404 2392
WARNING 2026-01-12 11:40:45,680 log 33904 37264 Not Found: /socket.io/
WARNING 2026-01-12 11:40:45,681 basehttp 33904 37264 "GET /socket.io/?EIO=4&transport=websocket HTTP/1.1" 404 2392
WARNING 2026-01-12 11:40:51,699 log 33904 25460 Not Found: /socket.io/
WARNING 2026-01-12 11:40:51,700 basehttp 33904 25460 "GET /socket.io/?EIO=4&transport=websocket HTTP/1.1" 404 2392
WARNING 2026-01-12 11:40:57,689 log 33904 23436 Not Found: /socket.io/
WARNING 2026-01-12 11:40:57,691 basehttp 33904 23436 "GET /socket.io/?EIO=4&transport=websocket HTTP/1.1" 404 2392
WARNING 2026-01-12 11:41:03,704 log 33904 13856 Not Found: /socket.io/
WARNING 2026-01-12 11:41:03,705 basehttp 33904 13856 "GET /socket.io/?EIO=4&transport=websocket HTTP/1.1" 404 2392
WARNING 2026-01-12 11:41:09,687 log 33904 37612 Not Found: /socket.io/
WARNING 2026-01-12 11:41:09,689 basehttp 33904 37612 "GET /socket.io/?EIO=4&transport=websocket HTTP/1.1" 404 2392
WARNING 2026-01-12 11:41:15,715 log 33904 13676 Not Found: /socket.io/
WARNING 2026-01-12 11:41:15,717 basehttp 33904 13676 "GET /socket.io/?EIO=4&transport=websocket HTTP/1.1" 404 2392
WARNING 2026-01-12 11:41:21,707 log 33904 17604 Not Found: /socket.io/
WARNING 2026-01-12 11:41:21,709 basehttp 33904 17604 "GET /socket.io/?EIO=4&transport=websocket HTTP/1.1" 404 2392
WARNING 2026-01-12 11:41:27,724 log 33904 35104 Not Found: /socket.io/
WARNING 2026-01-12 11:41:27,724 basehttp 33904 35104 "GET /socket.io/?EIO=4&transport=websocket HTTP/1.1" 404 2392
WARNING 2026-01-12 11:41:33,872 log 33904 12812 Not Found: /socket.io/
WARNING 2026-01-12 11:41:33,874 basehttp 33904 12812 "GET /socket.io/?EIO=4&transport=websocket HTTP/1.1" 404 2392
WARNING 2026-01-12 11:41:40,098 log 33904 34504 Not Found: /socket.io/
WARNING 2026-01-12 11:41:40,099 basehttp 33904 34504 "GET /socket.io/?EIO=4&transport=websocket HTTP/1.1" 404 2392
WARNING 2026-01-12 11:41:46,024 log 33904 23716 Not Found: /socket.io/
WARNING 2026-01-12 11:41:46,024 basehttp 33904 23716 "GET /socket.io/?EIO=4&transport=websocket HTTP/1.1" 404 2392
WARNING 2026-01-12 11:41:52,630 log 33904 5444 Not Found: /socket.io/
WARNING 2026-01-12 11:41:52,632 basehttp 33904 5444 "GET /socket.io/?EIO=4&transport=websocket HTTP/1.1" 404 2392
WARNING 2026-01-12 11:42:03,168 log 33904 12708 Not Found: /socket.io/
WARNING 2026-01-12 11:42:03,169 basehttp 33904 12708 "GET /socket.io/?EIO=4&transport=websocket HTTP/1.1" 404 2392
WARNING 2026-01-12 11:42:11,601 log 33904 9948 Not Found: /socket.io/
WARNING 2026-01-12 11:42:11,602 basehttp 33904 9948 "GET /socket.io/?EIO=4&transport=websocket HTTP/1.1" 404 2392
WARNING 2026-01-12 11:42:19,838 log 33904 18780 Not Found: /socket.io/
WARNING 2026-01-12 11:42:19,838 basehttp 33904 18780 "GET /socket.io/?EIO=4&transport=websocket HTTP/1.1" 404 2392
WARNING 2026-01-12 11:42:25,681 log 33904 28792 Not Found: /socket.io/
WARNING 2026-01-12 11:42:25,682 basehttp 33904 28792 "GET /socket.io/?EIO=4&transport=websocket HTTP/1.1" 404 2392
WARNING 2026-01-12 11:42:31,661 log 33904 35084 Not Found: /socket.io/
WARNING 2026-01-12 11:42:31,662 basehttp 33904 35084 "GET /socket.io/?EIO=4&transport=websocket HTTP/1.1" 404 2392
WARNING 2026-01-12 11:42:37,671 log 33904 34992 Not Found: /socket.io/
WARNING 2026-01-12 11:42:37,673 basehttp 33904 34992 "GET /socket.io/?EIO=4&transport=websocket HTTP/1.1" 404 2392
WARNING 2026-01-12 11:42:43,678 log 33904 20892 Not Found: /socket.io/
WARNING 2026-01-12 11:42:43,679 basehttp 33904 20892 "GET /socket.io/?EIO=4&transport=websocket HTTP/1.1" 404 2392
WARNING 2026-01-12 11:42:49,681 log 33904 18912 Not Found: /socket.io/
WARNING 2026-01-12 11:42:49,683 basehttp 33904 18912 "GET /socket.io/?EIO=4&transport=websocket HTTP/1.1" 404 2392
WARNING 2026-01-12 11:42:55,690 log 33904 35000 Not Found: /socket.io/
WARNING 2026-01-12 11:42:55,691 basehttp 33904 35000 "GET /socket.io/?EIO=4&transport=websocket HTTP/1.1" 404 2392
WARNING 2026-01-12 11:43:01,716 log 33904 23804 Not Found: /socket.io/
WARNING 2026-01-12 11:43:01,718 basehttp 33904 23804 "GET /socket.io/?EIO=4&transport=websocket HTTP/1.1" 404 2392
WARNING 2026-01-12 11:43:07,679 log 33904 25216 Not Found: /socket.io/
WARNING 2026-01-12 11:43:07,679 basehttp 33904 25216 "GET /socket.io/?EIO=4&transport=websocket HTTP/1.1" 404 2392
WARNING 2026-01-12 11:43:13,689 log 33904 31624 Not Found: /socket.io/
WARNING 2026-01-12 11:43:13,690 basehttp 33904 31624 "GET /socket.io/?EIO=4&transport=websocket HTTP/1.1" 404 2392
WARNING 2026-01-12 11:43:19,728 log 33904 35764 Not Found: /socket.io/
WARNING 2026-01-12 11:43:19,729 basehttp 33904 35764 "GET /socket.io/?EIO=4&transport=websocket HTTP/1.1" 404 2392
WARNING 2026-01-12 11:43:25,699 log 33904 35604 Not Found: /socket.io/
WARNING 2026-01-12 11:43:25,700 basehttp 33904 35604 "GET /socket.io/?EIO=4&transport=websocket HTTP/1.1" 404 2392
WARNING 2026-01-12 11:43:31,717 log 33904 27888 Not Found: /socket.io/
WARNING 2026-01-12 11:43:31,719 basehttp 33904 27888 "GET /socket.io/?EIO=4&transport=websocket HTTP/1.1" 404 2392
WARNING 2026-01-12 11:43:37,939 log 33904 38780 Not Found: /socket.io/
WARNING 2026-01-12 11:43:37,941 basehttp 33904 38780 "GET /socket.io/?EIO=4&transport=websocket HTTP/1.1" 404 2392
WARNING 2026-01-12 11:43:43,974 log 33904 25976 Not Found: /socket.io/
WARNING 2026-01-12 11:43:43,976 basehttp 33904 25976 "GET /socket.io/?EIO=4&transport=websocket HTTP/1.1" 404 2392
WARNING 2026-01-12 11:43:50,133 log 33904 20492 Not Found: /socket.io/
WARNING 2026-01-12 11:43:50,134 basehttp 33904 20492 "GET /socket.io/?EIO=4&transport=websocket HTTP/1.1" 404 2392
WARNING 2026-01-12 11:43:56,513 log 33904 18408 Not Found: /socket.io/
WARNING 2026-01-12 11:43:56,513 basehttp 33904 18408 "GET /socket.io/?EIO=4&transport=websocket HTTP/1.1" 404 2392
WARNING 2026-01-12 11:44:05,064 log 33904 23312 Not Found: /socket.io/
WARNING 2026-01-12 11:44:05,065 basehttp 33904 23312 "GET /socket.io/?EIO=4&transport=websocket HTTP/1.1" 404 2392
WARNING 2026-01-12 11:44:13,964 log 33904 22588 Not Found: /socket.io/
WARNING 2026-01-12 11:44:13,965 basehttp 33904 22588 "GET /socket.io/?EIO=4&transport=websocket HTTP/1.1" 404 2392
WARNING 2026-01-12 11:44:24,410 log 33904 35992 Not Found: /socket.io/
WARNING 2026-01-12 11:44:24,411 basehttp 33904 35992 "GET /socket.io/?EIO=4&transport=websocket HTTP/1.1" 404 2392
WARNING 2026-01-12 11:44:30,688 log 33904 36556 Not Found: /socket.io/
WARNING 2026-01-12 11:44:30,690 basehttp 33904 36556 "GET /socket.io/?EIO=4&transport=websocket HTTP/1.1" 404 2392
WARNING 2026-01-12 11:44:36,670 log 33904 21140 Not Found: /socket.io/
WARNING 2026-01-12 11:44:36,671 basehttp 33904 21140 "GET /socket.io/?EIO=4&transport=websocket HTTP/1.1" 404 2392
WARNING 2026-01-12 11:44:42,672 log 33904 35552 Not Found: /socket.io/
WARNING 2026-01-12 11:44:42,673 basehttp 33904 35552 "GET /socket.io/?EIO=4&transport=websocket HTTP/1.1" 404 2392
WARNING 2026-01-12 11:44:48,656 log 33904 21952 Not Found: /socket.io/
WARNING 2026-01-12 11:44:48,656 basehttp 33904 21952 "GET /socket.io/?EIO=4&transport=websocket HTTP/1.1" 404 2392
WARNING 2026-01-12 11:44:54,682 log 33904 7848 Not Found: /socket.io/
WARNING 2026-01-12 11:44:54,683 basehttp 33904 7848 "GET /socket.io/?EIO=4&transport=websocket HTTP/1.1" 404 2392
WARNING 2026-01-12 11:45:00,675 log 33904 10772 Not Found: /socket.io/
WARNING 2026-01-12 11:45:00,676 basehttp 33904 10772 "GET /socket.io/?EIO=4&transport=websocket HTTP/1.1" 404 2392
WARNING 2026-01-12 11:45:06,678 log 33904 28780 Not Found: /socket.io/
WARNING 2026-01-12 11:45:06,680 basehttp 33904 28780 "GET /socket.io/?EIO=4&transport=websocket HTTP/1.1" 404 2392
WARNING 2026-01-12 11:45:12,705 log 33904 12628 Not Found: /socket.io/
WARNING 2026-01-12 11:45:12,707 basehttp 33904 12628 "GET /socket.io/?EIO=4&transport=websocket HTTP/1.1" 404 2392
WARNING 2026-01-12 11:45:18,683 log 33904 31248 Not Found: /socket.io/
WARNING 2026-01-12 11:45:18,684 basehttp 33904 31248 "GET /socket.io/?EIO=4&transport=websocket HTTP/1.1" 404 2392
WARNING 2026-01-12 11:45:24,708 log 33904 37804 Not Found: /socket.io/
WARNING 2026-01-12 11:45:24,710 basehttp 33904 37804 "GET /socket.io/?EIO=4&transport=websocket HTTP/1.1" 404 2392
WARNING 2026-01-12 11:45:30,716 log 33904 38472 Not Found: /socket.io/
WARNING 2026-01-12 11:45:30,718 basehttp 33904 38472 "GET /socket.io/?EIO=4&transport=websocket HTTP/1.1" 404 2392
WARNING 2026-01-12 11:45:36,733 log 33904 33580 Not Found: /socket.io/
WARNING 2026-01-12 11:45:36,735 basehttp 33904 33580 "GET /socket.io/?EIO=4&transport=websocket HTTP/1.1" 404 2392
WARNING 2026-01-12 11:45:42,988 log 33904 35996 Not Found: /socket.io/
WARNING 2026-01-12 11:45:42,989 basehttp 33904 35996 "GET /socket.io/?EIO=4&transport=websocket HTTP/1.1" 404 2392
WARNING 2026-01-12 11:45:49,133 log 33904 11840 Not Found: /socket.io/
WARNING 2026-01-12 11:45:49,135 basehttp 33904 11840 "GET /socket.io/?EIO=4&transport=websocket HTTP/1.1" 404 2392
WARNING 2026-01-12 11:45:55,086 log 33904 37372 Not Found: /socket.io/
WARNING 2026-01-12 11:45:55,088 basehttp 33904 37372 "GET /socket.io/?EIO=4&transport=websocket HTTP/1.1" 404 2392
WARNING 2026-01-12 11:46:01,971 log 33904 38144 Not Found: /socket.io/
WARNING 2026-01-12 11:46:01,972 basehttp 33904 38144 "GET /socket.io/?EIO=4&transport=websocket HTTP/1.1" 404 2392
WARNING 2026-01-12 11:46:10,292 log 33904 21784 Not Found: /socket.io/
WARNING 2026-01-12 11:46:10,293 basehttp 33904 21784 "GET /socket.io/?EIO=4&transport=websocket HTTP/1.1" 404 2392
WARNING 2026-01-12 11:46:17,603 log 33904 2944 Not Found: /socket.io/
WARNING 2026-01-12 11:46:17,605 basehttp 33904 2944 "GET /socket.io/?EIO=4&transport=websocket HTTP/1.1" 404 2392
WARNING 2026-01-12 11:46:25,554 log 33904 18760 Not Found: /socket.io/
WARNING 2026-01-12 11:46:25,556 basehttp 33904 18760 "GET /socket.io/?EIO=4&transport=websocket HTTP/1.1" 404 2392
WARNING 2026-01-12 11:46:31,687 log 33904 24396 Not Found: /socket.io/
WARNING 2026-01-12 11:46:31,688 basehttp 33904 24396 "GET /socket.io/?EIO=4&transport=websocket HTTP/1.1" 404 2392
WARNING 2026-01-12 11:46:37,675 log 33904 17868 Not Found: /socket.io/
WARNING 2026-01-12 11:46:37,676 basehttp 33904 17868 "GET /socket.io/?EIO=4&transport=websocket HTTP/1.1" 404 2392
WARNING 2026-01-12 11:46:43,675 log 33904 33384 Not Found: /socket.io/
WARNING 2026-01-12 11:46:43,678 basehttp 33904 33384 "GET /socket.io/?EIO=4&transport=websocket HTTP/1.1" 404 2392
WARNING 2026-01-12 11:46:49,683 log 33904 21576 Not Found: /socket.io/
WARNING 2026-01-12 11:46:49,685 basehttp 33904 21576 "GET /socket.io/?EIO=4&transport=websocket HTTP/1.1" 404 2392
WARNING 2026-01-12 11:46:55,677 log 33904 36872 Not Found: /socket.io/
WARNING 2026-01-12 11:46:55,681 basehttp 33904 36872 "GET /socket.io/?EIO=4&transport=websocket HTTP/1.1" 404 2392
WARNING 2026-01-12 11:47:01,681 log 33904 34072 Not Found: /socket.io/
WARNING 2026-01-12 11:47:01,682 basehttp 33904 34072 "GET /socket.io/?EIO=4&transport=websocket HTTP/1.1" 404 2392
WARNING 2026-01-12 11:47:07,706 log 33904 36124 Not Found: /socket.io/
WARNING 2026-01-12 11:47:07,708 basehttp 33904 36124 "GET /socket.io/?EIO=4&transport=websocket HTTP/1.1" 404 2392
WARNING 2026-01-12 11:47:13,696 log 33904 38080 Not Found: /socket.io/
WARNING 2026-01-12 11:47:13,696 basehttp 33904 38080 "GET /socket.io/?EIO=4&transport=websocket HTTP/1.1" 404 2392
WARNING 2026-01-12 11:47:19,701 log 33904 10372 Not Found: /socket.io/
WARNING 2026-01-12 11:47:19,703 basehttp 33904 10372 "GET /socket.io/?EIO=4&transport=websocket HTTP/1.1" 404 2392
WARNING 2026-01-12 11:47:25,703 log 33904 23584 Not Found: /socket.io/
WARNING 2026-01-12 11:47:25,704 basehttp 33904 23584 "GET /socket.io/?EIO=4&transport=websocket HTTP/1.1" 404 2392
WARNING 2026-01-12 11:47:31,733 log 33904 35388 Not Found: /socket.io/
WARNING 2026-01-12 11:47:31,733 basehttp 33904 35388 "GET /socket.io/?EIO=4&transport=websocket HTTP/1.1" 404 2392
WARNING 2026-01-12 11:47:34,732 log 33904 33336 Unauthorized: /api/accounts/dashboard/lecturer/
WARNING 2026-01-12 11:47:34,732 basehttp 33904 33336 "GET /api/accounts/dashboard/lecturer/ HTTP/1.1" 401 172
WARNING 2026-01-12 11:47:34,744 log 33904 21776 Unauthorized: /api/accounts/dashboard/lecturer/
WARNING 2026-01-12 11:47:34,746 basehttp 33904 21776 "GET /api/accounts/dashboard/lecturer/ HTTP/1.1" 401 172
INFO 2026-01-12 13:46:06,162 basehttp 33904 37056 "POST /api/accounts/jwt/login/ HTTP/1.1" 200 639
INFO 2026-01-12 13:46:06,297 views 33904 28940 Dashboard request for user 13: lecturer@zetech.ac.ke, type: lecturer
INFO 2026-01-12 13:46:06,304 views 33904 28940 Dashboard data returned for user 13
INFO 2026-01-12 13:46:06,305 basehttp 33904 28940 "GET /api/accounts/dashboard/lecturer/ HTTP/1.1" 200 222
INFO 2026-01-12 13:46:06,310 views 33904 14956 Dashboard request for user 13: lecturer@zetech.ac.ke, type: lecturer
INFO 2026-01-12 13:46:06,317 views 33904 14956 Dashboard data returned for user 13
INFO 2026-01-12 13:46:06,318 basehttp 33904 14956 "GET /api/accounts/dashboard/lecturer/ HTTP/1.1" 200 222
WARNING 2026-01-12 13:46:06,631 log 33904 34860 Not Found: /socket.io/
WARNING 2026-01-12 13:46:06,633 basehttp 33904 34860 "GET /socket.io/?EIO=4&transport=websocket HTTP/1.1" 404 2392
WARNING 2026-01-12 13:46:08,445 log 33904 21712 Not Found: /socket.io/
WARNING 2026-01-12 13:46:08,445 basehttp 33904 21712 "GET /socket.io/?EIO=4&transport=websocket HTTP/1.1" 404 2392
WARNING 2026-01-12 13:46:11,572 log 33904 32580 Not Found: /socket.io/
WARNING 2026-01-12 13:46:11,574 basehttp 33904 32580 "GET /socket.io/?EIO=4&transport=websocket HTTP/1.1" 404 2392
WARNING 2026-01-12 13:46:15,104 log 33904 27572 Not Found: /socket.io/
WARNING 2026-01-12 13:46:15,105 basehttp 33904 27572 "GET /socket.io/?EIO=4&transport=websocket HTTP/1.1" 404 2392
WARNING 2026-01-12 13:46:20,441 log 33904 36304 Not Found: /socket.io/
WARNING 2026-01-12 13:46:20,442 basehttp 33904 36304 "GET /socket.io/?EIO=4&transport=websocket HTTP/1.1" 404 2392
WARNING 2026-01-12 13:46:25,753 log 33904 29684 Not Found: /socket.io/
WARNING 2026-01-12 13:46:25,753 basehttp 33904 29684 "GET /socket.io/?EIO=4&transport=websocket HTTP/1.1" 404 2392
WARNING 2026-01-12 13:46:31,094 log 33904 37752 Not Found: /socket.io/
WARNING 2026-01-12 13:46:31,095 basehttp 33904 37752 "GET /socket.io/?EIO=4&transport=websocket HTTP/1.1" 404 2392
WARNING 2026-01-12 13:46:36,436 log 33904 22408 Not Found: /socket.io/
WARNING 2026-01-12 13:46:36,438 basehttp 33904 22408 "GET /socket.io/?EIO=4&transport=websocket HTTP/1.1" 404 2392
WARNING 2026-01-12 13:46:41,773 log 33904 7848 Not Found: /socket.io/
WARNING 2026-01-12 13:46:41,774 basehttp 33904 7848 "GET /socket.io/?EIO=4&transport=websocket HTTP/1.1" 404 2392
WARNING 2026-01-12 13:46:47,126 log 33904 22376 Not Found: /socket.io/
WARNING 2026-01-12 13:46:47,127 basehttp 33904 22376 "GET /socket.io/?EIO=4&transport=websocket HTTP/1.1" 404 2392
WARNING 2026-01-12 13:46:52,471 log 33904 24184 Not Found: /socket.io/
WARNING 2026-01-12 13:46:52,472 basehttp 33904 24184 "GET /socket.io/?EIO=4&transport=websocket HTTP/1.1" 404 2392
WARNING 2026-01-12 13:46:57,801 log 33904 16456 Not Found: /socket.io/
WARNING 2026-01-12 13:46:57,802 basehttp 33904 16456 "GET /socket.io/?EIO=4&transport=websocket HTTP/1.1" 404 2392
WARNING 2026-01-12 13:47:03,138 log 33904 24768 Not Found: /socket.io/
WARNING 2026-01-12 13:47:03,138 basehttp 33904 24768 "GET /socket.io/?EIO=4&transport=websocket HTTP/1.1" 404 2392
WARNING 2026-01-12 13:47:08,489 log 33904 22460 Not Found: /socket.io/
WARNING 2026-01-12 13:47:08,490 basehttp 33904 22460 "GET /socket.io/?EIO=4&transport=websocket HTTP/1.1" 404 2392
WARNING 2026-01-12 13:47:13,842 log 33904 38476 Not Found: /socket.io/
WARNING 2026-01-12 13:47:13,843 basehttp 33904 38476 "GET /socket.io/?EIO=4&transport=websocket HTTP/1.1" 404 2392
WARNING 2026-01-12 13:47:19,193 log 33904 27128 Not Found: /socket.io/
WARNING 2026-01-12 13:47:19,194 basehttp 33904 27128 "GET /socket.io/?EIO=4&transport=websocket HTTP/1.1" 404 2392
WARNING 2026-01-12 13:47:24,554 log 33904 38276 Not Found: /socket.io/
WARNING 2026-01-12 13:47:24,555 basehttp 33904 38276 "GET /socket.io/?EIO=4&transport=websocket HTTP/1.1" 404 2392
WARNING 2026-01-12 13:47:29,903 log 33904 35400 Not Found: /socket.io/
WARNING 2026-01-12 13:47:29,905 basehttp 33904 35400 "GET /socket.io/?EIO=4&transport=websocket HTTP/1.1" 404 2392
WARNING 2026-01-12 13:47:35,274 log 33904 14076 Not Found: /socket.io/
WARNING 2026-01-12 13:47:35,276 basehttp 33904 14076 "GET /socket.io/?EIO=4&transport=websocket HTTP/1.1" 404 2392
WARNING 2026-01-12 13:47:40,653 log 33904 18788 Not Found: /socket.io/
WARNING 2026-01-12 13:47:40,654 basehttp 33904 18788 "GET /socket.io/?EIO=4&transport=websocket HTTP/1.1" 404 2392
WARNING 2026-01-12 13:47:46,070 log 33904 34572 Not Found: /socket.io/
WARNING 2026-01-12 13:47:46,071 basehttp 33904 34572 "GET /socket.io/?EIO=4&transport=websocket HTTP/1.1" 404 2392
WARNING 2026-01-12 13:47:51,804 log 33904 32068 Not Found: /socket.io/
WARNING 2026-01-12 13:47:51,806 basehttp 33904 32068 "GET /socket.io/?EIO=4&transport=websocket HTTP/1.1" 404 2392
WARNING 2026-01-12 13:47:57,760 log 33904 19736 Not Found: /socket.io/
WARNING 2026-01-12 13:47:57,761 basehttp 33904 19736 "GET /socket.io/?EIO=4&transport=websocket HTTP/1.1" 404 2392
WARNING 2026-01-12 13:48:03,804 log 33904 28388 Not Found: /socket.io/
WARNING 2026-01-12 13:48:03,805 basehttp 33904 28388 "GET /socket.io/?EIO=4&transport=websocket HTTP/1.1" 404 2392
WARNING 2026-01-12 13:48:09,982 log 33904 34948 Not Found: /socket.io/
WARNING 2026-01-12 13:48:09,983 basehttp 33904 34948 "GET /socket.io/?EIO=4&transport=websocket HTTP/1.1" 404 2392
WARNING 2026-01-12 13:48:16,291 log 33904 20012 Not Found: /socket.io/
WARNING 2026-01-12 13:48:16,292 basehttp 33904 20012 "GET /socket.io/?EIO=4&transport=websocket HTTP/1.1" 404 2392
WARNING 2026-01-12 13:48:21,961 log 33904 36984 Not Found: /socket.io/
WARNING 2026-01-12 13:48:21,962 basehttp 33904 36984 "GET /socket.io/?EIO=4&transport=websocket HTTP/1.1" 404 2392
WARNING 2026-01-12 13:48:28,015 log 33904 37096 Not Found: /socket.io/
WARNING 2026-01-12 13:48:28,017 basehttp 33904 37096 "GET /socket.io/?EIO=4&transport=websocket HTTP/1.1" 404 2392
WARNING 2026-01-12 13:48:34,880 log 33904 9896 Not Found: /socket.io/
WARNING 2026-01-12 13:48:34,881 basehttp 33904 9896 "GET /socket.io/?EIO=4&transport=websocket HTTP/1.1" 404 2392
WARNING 2026-01-12 13:48:41,312 log 33904 21536 Not Found: /socket.io/
WARNING 2026-01-12 13:48:41,313 basehttp 33904 21536 "GET /socket.io/?EIO=4&transport=websocket HTTP/1.1" 404 2392
WARNING 2026-01-12 13:48:47,501 log 33904 29928 Not Found: /socket.io/
WARNING 2026-01-12 13:48:47,503 basehttp 33904 29928 "GET /socket.io/?EIO=4&transport=websocket HTTP/1.1" 404 2392
WARNING 2026-01-12 13:48:55,722 log 33904 23288 Not Found: /socket.io/
WARNING 2026-01-12 13:48:55,724 basehttp 33904 23288 "GET /socket.io/?EIO=4&transport=websocket HTTP/1.1" 404 2392
WARNING 2026-01-12 13:49:03,981 log 33904 29812 Not Found: /socket.io/
WARNING 2026-01-12 13:49:03,982 basehttp 33904 29812 "GET /socket.io/?EIO=4&transport=websocket HTTP/1.1" 404 2392
WARNING 2026-01-12 13:49:11,054 log 33904 37464 Not Found: /socket.io/
WARNING 2026-01-12 13:49:11,055 basehttp 33904 37464 "GET /socket.io/?EIO=4&transport=websocket HTTP/1.1" 404 2392
WARNING 2026-01-12 13:49:20,761 log 33904 25680 Not Found: /socket.io/
WARNING 2026-01-12 13:49:20,762 basehttp 33904 25680 "GET /socket.io/?EIO=4&transport=websocket HTTP/1.1" 404 2392
WARNING 2026-01-12 13:49:31,565 log 33904 31776 Not Found: /socket.io/
WARNING 2026-01-12 13:49:31,566 basehttp 33904 31776 "GET /socket.io/?EIO=4&transport=websocket HTTP/1.1" 404 2392
WARNING 2026-01-12 13:49:42,510 log 33904 26696 Not Found: /socket.io/
WARNING 2026-01-12 13:49:42,512 basehttp 33904 26696 "GET /socket.io/?EIO=4&transport=websocket HTTP/1.1" 404 2392
WARNING 2026-01-12 13:49:52,042 log 33904 19828 Not Found: /socket.io/
WARNING 2026-01-12 13:49:52,043 basehttp 33904 19828 "GET /socket.io/?EIO=4&transport=websocket HTTP/1.1" 404 2392
WARNING 2026-01-12 13:50:00,741 log 33904 38212 Not Found: /socket.io/
WARNING 2026-01-12 13:50:00,743 basehttp 33904 38212 "GET /socket.io/?EIO=4&transport=websocket HTTP/1.1" 404 2392
WARNING 2026-01-12 13:50:06,670 log 33904 35412 Not Found: /socket.io/
WARNING 2026-01-12 13:50:06,671 basehttp 33904 35412 "GET /socket.io/?EIO=4&transport=websocket HTTP/1.1" 404 2392
WARNING 2026-01-12 13:50:12,682 log 33904 18428 Not Found: /socket.io/
WARNING 2026-01-12 13:50:12,683 basehttp 33904 18428 "GET /socket.io/?EIO=4&transport=websocket HTTP/1.1" 404 2392
WARNING 2026-01-12 13:50:18,672 log 33904 10412 Not Found: /socket.io/
WARNING 2026-01-12 13:50:18,673 basehttp 33904 10412 "GET /socket.io/?EIO=4&transport=websocket HTTP/1.1" 404 2392
WARNING 2026-01-12 13:50:24,668 log 33904 7344 Not Found: /socket.io/
WARNING 2026-01-12 13:50:24,668 basehttp 33904 7344 "GET /socket.io/?EIO=4&transport=websocket HTTP/1.1" 404 2392
WARNING 2026-01-12 13:50:30,678 log 33904 30584 Not Found: /socket.io/
WARNING 2026-01-12 13:50:30,678 basehttp 33904 30584 "GET /socket.io/?EIO=4&transport=websocket HTTP/1.1" 404 2392
WARNING 2026-01-12 13:50:36,690 log 33904 30840 Not Found: /socket.io/
WARNING 2026-01-12 13:50:36,692 basehttp 33904 30840 "GET /socket.io/?EIO=4&transport=websocket HTTP/1.1" 404 2392
WARNING 2026-01-12 13:50:42,700 log 33904 36752 Not Found: /socket.io/
WARNING 2026-01-12 13:50:42,700 basehttp 33904 36752 "GET /socket.io/?EIO=4&transport=websocket HTTP/1.1" 404 2392
WARNING 2026-01-12 13:50:48,680 log 33904 20008 Not Found: /socket.io/
WARNING 2026-01-12 13:50:48,681 basehttp 33904 20008 "GET /socket.io/?EIO=4&transport=websocket HTTP/1.1" 404 2392
WARNING 2026-01-12 13:50:54,702 log 33904 19944 Not Found: /socket.io/
WARNING 2026-01-12 13:50:54,704 basehttp 33904 19944 "GET /socket.io/?EIO=4&transport=websocket HTTP/1.1" 404 2392
WARNING 2026-01-12 13:51:00,709 log 33904 15124 Not Found: /socket.io/
WARNING 2026-01-12 13:51:00,710 basehttp 33904 15124 "GET /socket.io/?EIO=4&transport=websocket HTTP/1.1" 404 2392
WARNING 2026-01-12 13:51:06,699 log 33904 35164 Not Found: /socket.io/
WARNING 2026-01-12 13:51:06,701 basehttp 33904 35164 "GET /socket.io/?EIO=4&transport=websocket HTTP/1.1" 404 2392
WARNING 2026-01-12 13:51:12,719 log 33904 33200 Not Found: /socket.io/
WARNING 2026-01-12 13:51:12,720 basehttp 33904 33200 "GET /socket.io/?EIO=4&transport=websocket HTTP/1.1" 404 2392
WARNING 2026-01-12 13:51:18,795 log 33904 28432 Not Found: /socket.io/
WARNING 2026-01-12 13:51:18,796 basehttp 33904 28432 "GET /socket.io/?EIO=4&transport=websocket HTTP/1.1" 404 2392
WARNING 2026-01-12 13:51:24,883 log 33904 22264 Not Found: /socket.io/
WARNING 2026-01-12 13:51:24,885 basehttp 33904 22264 "GET /socket.io/?EIO=4&transport=websocket HTTP/1.1" 404 2392
WARNING 2026-01-12 13:51:31,643 log 33904 30636 Not Found: /socket.io/
WARNING 2026-01-12 13:51:31,645 basehttp 33904 30636 "GET /socket.io/?EIO=4&transport=websocket HTTP/1.1" 404 2392
WARNING 2026-01-12 13:51:38,830 log 33904 34984 Not Found: /socket.io/
WARNING 2026-01-12 13:51:38,832 basehttp 33904 34984 "GET /socket.io/?EIO=4&transport=websocket HTTP/1.1" 404 2392
WARNING 2026-01-12 13:51:48,958 log 33904 31788 Not Found: /socket.io/
WARNING 2026-01-12 13:51:48,959 basehttp 33904 31788 "GET /socket.io/?EIO=4&transport=websocket HTTP/1.1" 404 2392
WARNING 2026-01-12 13:51:56,988 log 33904 36972 Not Found: /socket.io/
WARNING 2026-01-12 13:51:56,990 basehttp 33904 36972 "GET /socket.io/?EIO=4&transport=websocket HTTP/1.1" 404 2392
WARNING 2026-01-12 13:52:06,853 log 33904 37356 Not Found: /socket.io/
WARNING 2026-01-12 13:52:06,855 basehttp 33904 37356 "GET /socket.io/?EIO=4&transport=websocket HTTP/1.1" 404 2392
WARNING 2026-01-12 13:52:14,146 log 33904 31392 Not Found: /socket.io/
WARNING 2026-01-12 13:52:14,147 basehttp 33904 31392 "GET /socket.io/?EIO=4&transport=websocket HTTP/1.1" 404 2392
WARNING 2026-01-12 13:52:22,272 log 33904 19440 Not Found: /socket.io/
WARNING 2026-01-12 13:52:22,273 basehttp 33904 19440 "GET /socket.io/?EIO=4&transport=websocket HTTP/1.1" 404 2392
WARNING 2026-01-12 13:52:31,898 log 33904 35076 Not Found: /socket.io/
WARNING 2026-01-12 13:52:31,899 basehttp 33904 35076 "GET /socket.io/?EIO=4&transport=websocket HTTP/1.1" 404 2392
WARNING 2026-01-12 13:52:42,165 log 33904 38568 Not Found: /socket.io/
WARNING 2026-01-12 13:52:42,167 basehttp 33904 38568 "GET /socket.io/?EIO=4&transport=websocket HTTP/1.1" 404 2392
WARNING 2026-01-12 13:52:49,975 log 33904 25256 Not Found: /socket.io/
WARNING 2026-01-12 13:52:49,976 basehttp 33904 25256 "GET /socket.io/?EIO=4&transport=websocket HTTP/1.1" 404 2392
WARNING 2026-01-12 13:52:57,481 log 33904 25996 Not Found: /socket.io/
WARNING 2026-01-12 13:52:57,482 basehttp 33904 25996 "GET /socket.io/?EIO=4&transport=websocket HTTP/1.1" 404 2392
WARNING 2026-01-12 13:53:06,823 log 33904 10144 Not Found: /socket.io/
WARNING 2026-01-12 13:53:06,824 basehttp 33904 10144 "GET /socket.io/?EIO=4&transport=websocket HTTP/1.1" 404 2392
WARNING 2026-01-12 13:53:16,318 log 33904 27832 Not Found: /socket.io/
WARNING 2026-01-12 13:53:16,320 basehttp 33904 27832 "GET /socket.io/?EIO=4&transport=websocket HTTP/1.1" 404 2392
WARNING 2026-01-12 13:53:24,345 log 33904 624 Not Found: /socket.io/
WARNING 2026-01-12 13:53:24,346 basehttp 33904 624 "GET /socket.io/?EIO=4&transport=websocket HTTP/1.1" 404 2392
WARNING 2026-01-12 13:53:34,371 log 33904 28220 Not Found: /socket.io/
WARNING 2026-01-12 13:53:34,372 basehttp 33904 28220 "GET /socket.io/?EIO=4&transport=websocket HTTP/1.1" 404 2392
WARNING 2026-01-12 13:53:41,313 log 33904 38876 Not Found: /socket.io/
WARNING 2026-01-12 13:53:41,314 basehttp 33904 38876 "GET /socket.io/?EIO=4&transport=websocket HTTP/1.1" 404 2392
WARNING 2026-01-12 13:53:50,915 log 33904 36656 Not Found: /socket.io/
WARNING 2026-01-12 13:53:50,915 basehttp 33904 36656 "GET /socket.io/?EIO=4&transport=websocket HTTP/1.1" 404 2392
WARNING 2026-01-12 13:53:57,974 log 33904 13676 Not Found: /socket.io/
WARNING 2026-01-12 13:53:57,975 basehttp 33904 13676 "GET /socket.io/?EIO=4&transport=websocket HTTP/1.1" 404 2392
WARNING 2026-01-12 13:54:07,037 log 33904 36952 Not Found: /socket.io/
WARNING 2026-01-12 13:54:07,038 basehttp 33904 36952 "GET /socket.io/?EIO=4&transport=websocket HTTP/1.1" 404 2392
WARNING 2026-01-12 13:54:12,974 log 33904 37748 Not Found: /socket.io/
WARNING 2026-01-12 13:54:12,975 basehttp 33904 37748 "GET /socket.io/?EIO=4&transport=websocket HTTP/1.1" 404 2392
WARNING 2026-01-12 13:54:21,966 log 33904 31192 Not Found: /socket.io/
WARNING 2026-01-12 13:54:21,967 basehttp 33904 31192 "GET /socket.io/?EIO=4&transport=websocket HTTP/1.1" 404 2392
WARNING 2026-01-12 13:54:29,582 log 33904 17972 Not Found: /socket.io/
WARNING 2026-01-12 13:54:29,583 basehttp 33904 17972 "GET /socket.io/?EIO=4&transport=websocket HTTP/1.1" 404 2392
WARNING 2026-01-12 13:54:36,071 log 33904 38404 Not Found: /socket.io/
WARNING 2026-01-12 13:54:36,073 basehttp 33904 38404 "GET /socket.io/?EIO=4&transport=websocket HTTP/1.1" 404 2392
WARNING 2026-01-12 13:54:45,816 log 33904 36540 Not Found: /socket.io/
WARNING 2026-01-12 13:54:45,818 basehttp 33904 36540 "GET /socket.io/?EIO=4&transport=websocket HTTP/1.1" 404 2392
WARNING 2026-01-12 13:54:54,635 log 33904 30320 Not Found: /socket.io/
WARNING 2026-01-12 13:54:54,635 basehttp 33904 30320 "GET /socket.io/?EIO=4&transport=websocket HTTP/1.1" 404 2392
WARNING 2026-01-12 13:55:04,181 log 33904 38076 Not Found: /socket.io/
WARNING 2026-01-12 13:55:04,183 basehttp 33904 38076 "GET /socket.io/?EIO=4&transport=websocket HTTP/1.1" 404 2392
WARNING 2026-01-12 13:55:11,103 log 33904 35240 Not Found: /socket.io/
WARNING 2026-01-12 13:55:11,104 basehttp 33904 35240 "GET /socket.io/?EIO=4&transport=websocket HTTP/1.1" 404 2392
WARNING 2026-01-12 13:55:17,457 log 33904 26444 Not Found: /socket.io/
WARNING 2026-01-12 13:55:17,459 basehttp 33904 26444 "GET /socket.io/?EIO=4&transport=websocket HTTP/1.1" 404 2392
WARNING 2026-01-12 13:55:24,492 log 33904 32500 Not Found: /socket.io/
WARNING 2026-01-12 13:55:24,493 basehttp 33904 32500 "GET /socket.io/?EIO=4&transport=websocket HTTP/1.1" 404 2392
WARNING 2026-01-12 13:55:32,483 log 33904 23964 Not Found: /socket.io/
WARNING 2026-01-12 13:55:32,484 basehttp 33904 23964 "GET /socket.io/?EIO=4&transport=websocket HTTP/1.1" 404 2392
WARNING 2026-01-12 13:55:41,558 log 33904 21832 Not Found: /socket.io/
WARNING 2026-01-12 13:55:41,559 basehttp 33904 21832 "GET /socket.io/?EIO=4&transport=websocket HTTP/1.1" 404 2392
WARNING 2026-01-12 13:55:51,421 log 33904 17644 Not Found: /socket.io/
WARNING 2026-01-12 13:55:51,421 basehttp 33904 17644 "GET /socket.io/?EIO=4&transport=websocket HTTP/1.1" 404 2392
WARNING 2026-01-12 13:56:00,909 log 33904 38464 Not Found: /socket.io/
WARNING 2026-01-12 13:56:00,910 basehttp 33904 38464 "GET /socket.io/?EIO=4&transport=websocket HTTP/1.1" 404 2392
WARNING 2026-01-12 13:56:09,273 log 33904 25448 Not Found: /socket.io/
WARNING 2026-01-12 13:56:09,274 basehttp 33904 25448 "GET /socket.io/?EIO=4&transport=websocket HTTP/1.1" 404 2392
WARNING 2026-01-12 13:56:16,085 log 33904 32016 Not Found: /socket.io/
WARNING 2026-01-12 13:56:16,087 basehttp 33904 32016 "GET /socket.io/?EIO=4&transport=websocket HTTP/1.1" 404 2392
WARNING 2026-01-12 13:56:25,966 log 33904 30312 Not Found: /socket.io/
WARNING 2026-01-12 13:56:25,967 basehttp 33904 30312 "GET /socket.io/?EIO=4&transport=websocket HTTP/1.1" 404 2392
WARNING 2026-01-12 13:56:34,502 log 33904 38540 Not Found: /socket.io/
WARNING 2026-01-12 13:56:34,503 basehttp 33904 38540 "GET /socket.io/?EIO=4&transport=websocket HTTP/1.1" 404 2392
WARNING 2026-01-12 13:56:40,874 log 33904 26980 Not Found: /socket.io/
WARNING 2026-01-12 13:56:40,876 basehttp 33904 26980 "GET /socket.io/?EIO=4&transport=websocket HTTP/1.1" 404 2392
WARNING 2026-01-12 13:56:48,313 log 33904 3460 Not Found: /socket.io/
WARNING 2026-01-12 13:56:48,315 basehttp 33904 3460 "GET /socket.io/?EIO=4&transport=websocket HTTP/1.1" 404 2392
WARNING 2026-01-12 13:56:57,420 log 33904 23312 Not Found: /socket.io/
WARNING 2026-01-12 13:56:57,421 basehttp 33904 23312 "GET /socket.io/?EIO=4&transport=websocket HTTP/1.1" 404 2392
WARNING 2026-01-12 13:57:05,503 log 33904 31780 Not Found: /socket.io/
WARNING 2026-01-12 13:57:05,504 basehttp 33904 31780 "GET /socket.io/?EIO=4&transport=websocket HTTP/1.1" 404 2392
WARNING 2026-01-12 13:57:15,822 log 33904 13716 Not Found: /socket.io/
WARNING 2026-01-12 13:57:15,824 basehttp 33904 13716 "GET /socket.io/?EIO=4&transport=websocket HTTP/1.1" 404 2392
WARNING 2026-01-12 13:57:26,024 log 33904 32216 Not Found: /socket.io/
WARNING 2026-01-12 13:57:26,026 basehttp 33904 32216 "GET /socket.io/?EIO=4&transport=websocket HTTP/1.1" 404 2392
WARNING 2026-01-12 13:57:34,613 log 33904 38468 Not Found: /socket.io/
WARNING 2026-01-12 13:57:34,614 basehttp 33904 38468 "GET /socket.io/?EIO=4&transport=websocket HTTP/1.1" 404 2392
WARNING 2026-01-12 13:57:42,469 log 33904 36112 Not Found: /socket.io/
WARNING 2026-01-12 13:57:42,471 basehttp 33904 36112 "GET /socket.io/?EIO=4&transport=websocket HTTP/1.1" 404 2392
WARNING 2026-01-12 13:57:52,519 log 33904 32856 Not Found: /socket.io/
WARNING 2026-01-12 13:57:52,520 basehttp 33904 32856 "GET /socket.io/?EIO=4&transport=websocket HTTP/1.1" 404 2392
WARNING 2026-01-12 13:57:59,199 log 33904 28412 Not Found: /socket.io/
WARNING 2026-01-12 13:57:59,200 basehttp 33904 28412 "GET /socket.io/?EIO=4&transport=websocket HTTP/1.1" 404 2392
WARNING 2026-01-12 13:58:06,010 log 33904 11412 Not Found: /socket.io/
WARNING 2026-01-12 13:58:06,011 basehttp 33904 11412 "GET /socket.io/?EIO=4&transport=websocket HTTP/1.1" 404 2392
WARNING 2026-01-12 13:58:11,335 log 33904 26480 Not Found: /socket.io/
WARNING 2026-01-12 13:58:11,336 basehttp 33904 26480 "GET /socket.io/?EIO=4&transport=websocket HTTP/1.1" 404 2392
WARNING 2026-01-12 13:58:16,655 log 33904 38184 Not Found: /socket.io/
WARNING 2026-01-12 13:58:16,656 basehttp 33904 38184 "GET /socket.io/?EIO=4&transport=websocket HTTP/1.1" 404 2392
WARNING 2026-01-12 13:58:21,990 log 33904 37340 Not Found: /socket.io/
WARNING 2026-01-12 13:58:21,992 basehttp 33904 37340 "GET /socket.io/?EIO=4&transport=websocket HTTP/1.1" 404 2392
WARNING 2026-01-12 13:58:27,317 log 33904 16884 Not Found: /socket.io/
WARNING 2026-01-12 13:58:27,318 basehttp 33904 16884 "GET /socket.io/?EIO=4&transport=websocket HTTP/1.1" 404 2392
WARNING 2026-01-12 13:58:32,660 log 33904 19592 Not Found: /socket.io/
WARNING 2026-01-12 13:58:32,660 basehttp 33904 19592 "GET /socket.io/?EIO=4&transport=websocket HTTP/1.1" 404 2392
WARNING 2026-01-12 13:58:38,015 log 33904 19796 Not Found: /socket.io/
WARNING 2026-01-12 13:58:38,016 basehttp 33904 19796 "GET /socket.io/?EIO=4&transport=websocket HTTP/1.1" 404 2392
WARNING 2026-01-12 13:58:43,354 log 33904 37832 Not Found: /socket.io/
WARNING 2026-01-12 13:58:43,355 basehttp 33904 37832 "GET /socket.io/?EIO=4&transport=websocket HTTP/1.1" 404 2392
WARNING 2026-01-12 13:58:48,711 log 33904 38360 Not Found: /socket.io/
WARNING 2026-01-12 13:58:48,713 basehttp 33904 38360 "GET /socket.io/?EIO=4&transport=websocket HTTP/1.1" 404 2392
WARNING 2026-01-12 13:58:54,061 log 33904 17452 Not Found: /socket.io/
WARNING 2026-01-12 13:58:54,061 basehttp 33904 17452 "GET /socket.io/?EIO=4&transport=websocket HTTP/1.1" 404 2392
WARNING 2026-01-12 13:58:59,408 log 33904 37752 Not Found: /socket.io/
WARNING 2026-01-12 13:58:59,408 basehttp 33904 37752 "GET /socket.io/?EIO=4&transport=websocket HTTP/1.1" 404 2392
WARNING 2026-01-12 13:59:04,768 log 33904 24632 Not Found: /socket.io/
WARNING 2026-01-12 13:59:04,769 basehttp 33904 24632 "GET /socket.io/?EIO=4&transport=websocket HTTP/1.1" 404 2392
WARNING 2026-01-12 13:59:10,149 log 33904 36048 Not Found: /socket.io/
WARNING 2026-01-12 13:59:10,150 basehttp 33904 36048 "GET /socket.io/?EIO=4&transport=websocket HTTP/1.1" 404 2392
WARNING 2026-01-12 13:59:15,695 log 33904 35136 Not Found: /socket.io/
WARNING 2026-01-12 13:59:15,697 basehttp 33904 35136 "GET /socket.io/?EIO=4&transport=websocket HTTP/1.1" 404 2392
WARNING 2026-01-12 13:59:21,223 log 33904 36716 Not Found: /socket.io/
WARNING 2026-01-12 13:59:21,225 basehttp 33904 36716 "GET /socket.io/?EIO=4&transport=websocket HTTP/1.1" 404 2392
WARNING 2026-01-12 13:59:27,090 log 33904 33492 Not Found: /socket.io/
WARNING 2026-01-12 13:59:27,092 basehttp 33904 33492 "GET /socket.io/?EIO=4&transport=websocket HTTP/1.1" 404 2392
WARNING 2026-01-12 13:59:34,075 log 33904 33820 Not Found: /socket.io/
WARNING 2026-01-12 13:59:34,076 basehttp 33904 33820 "GET /socket.io/?EIO=4&transport=websocket HTTP/1.1" 404 2392
WARNING 2026-01-12 13:59:43,645 log 33904 28092 Not Found: /socket.io/
WARNING 2026-01-12 13:59:43,645 basehttp 33904 28092 "GET /socket.io/?EIO=4&transport=websocket HTTP/1.1" 404 2392
WARNING 2026-01-12 13:59:51,364 log 33904 34784 Not Found: /socket.io/
WARNING 2026-01-12 13:59:51,366 basehttp 33904 34784 "GET /socket.io/?EIO=4&transport=websocket HTTP/1.1" 404 2392
WARNING 2026-01-12 14:00:00,509 log 33904 19492 Not Found: /socket.io/
WARNING 2026-01-12 14:00:00,510 basehttp 33904 19492 "GET /socket.io/?EIO=4&transport=websocket HTTP/1.1" 404 2392
WARNING 2026-01-12 14:00:08,384 log 33904 22548 Not Found: /socket.io/
WARNING 2026-01-12 14:00:08,385 basehttp 33904 22548 "GET /socket.io/?EIO=4&transport=websocket HTTP/1.1" 404 2392
WARNING 2026-01-12 14:00:13,701 log 33904 27236 Not Found: /socket.io/
WARNING 2026-01-12 14:00:13,702 basehttp 33904 27236 "GET /socket.io/?EIO=4&transport=websocket HTTP/1.1" 404 2392
WARNING 2026-01-12 14:00:19,032 log 33904 8976 Not Found: /socket.io/
WARNING 2026-01-12 14:00:19,033 basehttp 33904 8976 "GET /socket.io/?EIO=4&transport=websocket HTTP/1.1" 404 2392
WARNING 2026-01-12 14:00:24,371 log 33904 10428 Not Found: /socket.io/
WARNING 2026-01-12 14:00:24,371 basehttp 33904 10428 "GET /socket.io/?EIO=4&transport=websocket HTTP/1.1" 404 2392
WARNING 2026-01-12 14:00:29,701 log 33904 9896 Not Found: /socket.io/
WARNING 2026-01-12 14:00:29,702 basehttp 33904 9896 "GET /socket.io/?EIO=4&transport=websocket HTTP/1.1" 404 2392
WARNING 2026-01-12 14:00:35,022 log 33904 37700 Not Found: /socket.io/
WARNING 2026-01-12 14:00:35,023 basehttp 33904 37700 "GET /socket.io/?EIO=4&transport=websocket HTTP/1.1" 404 2392
WARNING 2026-01-12 14:00:40,370 log 33904 21784 Not Found: /socket.io/
WARNING 2026-01-12 14:00:40,370 basehttp 33904 21784 "GET /socket.io/?EIO=4&transport=websocket HTTP/1.1" 404 2392
WARNING 2026-01-12 14:00:45,718 log 33904 18832 Not Found: /socket.io/
WARNING 2026-01-12 14:00:45,718 basehttp 33904 18832 "GET /socket.io/?EIO=4&transport=websocket HTTP/1.1" 404 2392
WARNING 2026-01-12 14:00:51,073 log 33904 3936 Not Found: /socket.io/
WARNING 2026-01-12 14:00:51,074 basehttp 33904 3936 "GET /socket.io/?EIO=4&transport=websocket HTTP/1.1" 404 2392
WARNING 2026-01-12 14:00:56,422 log 33904 24724 Not Found: /socket.io/
WARNING 2026-01-12 14:00:56,423 basehttp 33904 24724 "GET /socket.io/?EIO=4&transport=websocket HTTP/1.1" 404 2392
WARNING 2026-01-12 14:01:01,785 log 33904 35836 Not Found: /socket.io/
WARNING 2026-01-12 14:01:01,786 basehttp 33904 35836 "GET /socket.io/?EIO=4&transport=websocket HTTP/1.1" 404 2392
WARNING 2026-01-12 14:01:07,206 log 33904 10104 Not Found: /socket.io/
WARNING 2026-01-12 14:01:07,207 basehttp 33904 10104 "GET /socket.io/?EIO=4&transport=websocket HTTP/1.1" 404 2392
WARNING 2026-01-12 14:01:12,701 log 33904 38892 Not Found: /socket.io/
WARNING 2026-01-12 14:01:12,702 basehttp 33904 38892 "GET /socket.io/?EIO=4&transport=websocket HTTP/1.1" 404 2392
WARNING 2026-01-12 14:01:18,206 log 33904 33848 Not Found: /socket.io/
WARNING 2026-01-12 14:01:18,206 basehttp 33904 33848 "GET /socket.io/?EIO=4&transport=websocket HTTP/1.1" 404 2392
WARNING 2026-01-12 14:01:24,008 log 33904 35604 Not Found: /socket.io/
WARNING 2026-01-12 14:01:24,009 basehttp 33904 35604 "GET /socket.io/?EIO=4&transport=websocket HTTP/1.1" 404 2392
WARNING 2026-01-12 14:01:29,870 log 33904 18588 Not Found: /socket.io/
WARNING 2026-01-12 14:01:29,871 basehttp 33904 18588 "GET /socket.io/?EIO=4&transport=websocket HTTP/1.1" 404 2392
WARNING 2026-01-12 14:01:37,586 log 33904 19828 Not Found: /socket.io/
WARNING 2026-01-12 14:01:37,587 basehttp 33904 19828 "GET /socket.io/?EIO=4&transport=websocket HTTP/1.1" 404 2392
WARNING 2026-01-12 14:01:45,207 log 33904 38316 Not Found: /socket.io/
WARNING 2026-01-12 14:01:45,209 basehttp 33904 38316 "GET /socket.io/?EIO=4&transport=websocket HTTP/1.1" 404 2392
WARNING 2026-01-12 14:01:52,819 log 33904 38816 Not Found: /socket.io/
WARNING 2026-01-12 14:01:52,821 basehttp 33904 38816 "GET /socket.io/?EIO=4&transport=websocket HTTP/1.1" 404 2392
WARNING 2026-01-12 14:02:01,565 log 33904 32072 Not Found: /socket.io/
WARNING 2026-01-12 14:02:01,566 basehttp 33904 32072 "GET /socket.io/?EIO=4&transport=websocket HTTP/1.1" 404 2392
WARNING 2026-01-12 14:02:09,903 log 33904 10476 Not Found: /socket.io/
WARNING 2026-01-12 14:02:09,904 basehttp 33904 10476 "GET /socket.io/?EIO=4&transport=websocket HTTP/1.1" 404 2392
WARNING 2026-01-12 14:02:15,234 log 33904 38560 Not Found: /socket.io/
WARNING 2026-01-12 14:02:15,234 basehttp 33904 38560 "GET /socket.io/?EIO=4&transport=websocket HTTP/1.1" 404 2392
WARNING 2026-01-12 14:02:20,564 log 33904 18428 Not Found: /socket.io/
WARNING 2026-01-12 14:02:20,565 basehttp 33904 18428 "GET /socket.io/?EIO=4&transport=websocket HTTP/1.1" 404 2392
WARNING 2026-01-12 14:02:25,907 log 33904 37244 Not Found: /socket.io/
WARNING 2026-01-12 14:02:25,909 basehttp 33904 37244 "GET /socket.io/?EIO=4&transport=websocket HTTP/1.1" 404 2392
WARNING 2026-01-12 14:02:31,233 log 33904 19944 Not Found: /socket.io/
WARNING 2026-01-12 14:02:31,234 basehttp 33904 19944 "GET /socket.io/?EIO=4&transport=websocket HTTP/1.1" 404 2392
WARNING 2026-01-12 14:02:36,581 log 33904 35164 Not Found: /socket.io/
WARNING 2026-01-12 14:02:36,583 basehttp 33904 35164 "GET /socket.io/?EIO=4&transport=websocket HTTP/1.1" 404 2392
WARNING 2026-01-12 14:02:41,921 log 33904 38520 Not Found: /socket.io/
WARNING 2026-01-12 14:02:41,923 basehttp 33904 38520 "GET /socket.io/?EIO=4&transport=websocket HTTP/1.1" 404 2392
WARNING 2026-01-12 14:02:47,287 log 33904 36512 Not Found: /socket.io/
WARNING 2026-01-12 14:02:47,288 basehttp 33904 36512 "GET /socket.io/?EIO=4&transport=websocket HTTP/1.1" 404 2392
WARNING 2026-01-12 14:02:52,626 log 33904 32528 Not Found: /socket.io/
WARNING 2026-01-12 14:02:52,627 basehttp 33904 32528 "GET /socket.io/?EIO=4&transport=websocket HTTP/1.1" 404 2392
WARNING 2026-01-12 14:02:57,973 log 33904 18672 Not Found: /socket.io/
WARNING 2026-01-12 14:02:57,974 basehttp 33904 18672 "GET /socket.io/?EIO=4&transport=websocket HTTP/1.1" 404 2392
WARNING 2026-01-12 14:03:03,330 log 33904 11036 Not Found: /socket.io/
WARNING 2026-01-12 14:03:03,331 basehttp 33904 11036 "GET /socket.io/?EIO=4&transport=websocket HTTP/1.1" 404 2392
WARNING 2026-01-12 14:03:08,729 log 33904 28804 Not Found: /socket.io/
WARNING 2026-01-12 14:03:08,730 basehttp 33904 28804 "GET /socket.io/?EIO=4&transport=websocket HTTP/1.1" 404 2392
WARNING 2026-01-12 14:03:14,117 log 33904 26004 Not Found: /socket.io/
WARNING 2026-01-12 14:03:14,119 basehttp 33904 26004 "GET /socket.io/?EIO=4&transport=websocket HTTP/1.1" 404 2392
WARNING 2026-01-12 14:03:19,542 log 33904 6392 Not Found: /socket.io/
WARNING 2026-01-12 14:03:19,544 basehttp 33904 6392 "GET /socket.io/?EIO=4&transport=websocket HTTP/1.1" 404 2392
WARNING 2026-01-12 14:03:25,393 log 33904 36424 Not Found: /socket.io/
WARNING 2026-01-12 14:03:25,394 basehttp 33904 36424 "GET /socket.io/?EIO=4&transport=websocket HTTP/1.1" 404 2392
WARNING 2026-01-12 14:03:31,500 log 33904 32964 Not Found: /socket.io/
WARNING 2026-01-12 14:03:31,502 basehttp 33904 32964 "GET /socket.io/?EIO=4&transport=websocket HTTP/1.1" 404 2392
WARNING 2026-01-12 14:03:38,415 log 33904 31536 Not Found: /socket.io/
WARNING 2026-01-12 14:03:38,417 basehttp 33904 31536 "GET /socket.io/?EIO=4&transport=websocket HTTP/1.1" 404 2392
WARNING 2026-01-12 14:03:45,701 log 33904 4216 Not Found: /socket.io/
WARNING 2026-01-12 14:03:45,703 basehttp 33904 4216 "GET /socket.io/?EIO=4&transport=websocket HTTP/1.1" 404 2392
WARNING 2026-01-12 14:03:53,518 log 33904 37936 Not Found: /socket.io/
WARNING 2026-01-12 14:03:53,518 basehttp 33904 37936 "GET /socket.io/?EIO=4&transport=websocket HTTP/1.1" 404 2392
WARNING 2026-01-12 14:04:03,546 log 33904 33924 Not Found: /socket.io/
WARNING 2026-01-12 14:04:03,547 basehttp 33904 33924 "GET /socket.io/?EIO=4&transport=websocket HTTP/1.1" 404 2392
WARNING 2026-01-12 14:04:13,503 log 33904 24304 Not Found: /socket.io/
WARNING 2026-01-12 14:04:13,504 basehttp 33904 24304 "GET /socket.io/?EIO=4&transport=websocket HTTP/1.1" 404 2392
WARNING 2026-01-12 14:04:18,829 log 33904 25936 Not Found: /socket.io/
WARNING 2026-01-12 14:04:18,831 basehttp 33904 25936 "GET /socket.io/?EIO=4&transport=websocket HTTP/1.1" 404 2392
WARNING 2026-01-12 14:04:24,163 log 33904 21748 Not Found: /socket.io/
WARNING 2026-01-12 14:04:24,164 basehttp 33904 21748 "GET /socket.io/?EIO=4&transport=websocket HTTP/1.1" 404 2392
WARNING 2026-01-12 14:04:29,494 log 33904 29060 Not Found: /socket.io/
WARNING 2026-01-12 14:04:29,495 basehttp 33904 29060 "GET /socket.io/?EIO=4&transport=websocket HTTP/1.1" 404 2392
WARNING 2026-01-12 14:04:34,817 log 33904 12832 Not Found: /socket.io/
WARNING 2026-01-12 14:04:34,817 basehttp 33904 12832 "GET /socket.io/?EIO=4&transport=websocket HTTP/1.1" 404 2392
WARNING 2026-01-12 14:04:40,156 log 33904 22232 Not Found: /socket.io/
WARNING 2026-01-12 14:04:40,157 basehttp 33904 22232 "GET /socket.io/?EIO=4&transport=websocket HTTP/1.1" 404 2392
WARNING 2026-01-12 14:04:45,514 log 33904 7960 Not Found: /socket.io/
WARNING 2026-01-12 14:04:45,516 basehttp 33904 7960 "GET /socket.io/?EIO=4&transport=websocket HTTP/1.1" 404 2392
WARNING 2026-01-12 14:04:50,872 log 33904 27952 Not Found: /socket.io/
WARNING 2026-01-12 14:04:50,874 basehttp 33904 27952 "GET /socket.io/?EIO=4&transport=websocket HTTP/1.1" 404 2392
WARNING 2026-01-12 14:04:56,215 log 33904 11868 Not Found: /socket.io/
WARNING 2026-01-12 14:04:56,216 basehttp 33904 11868 "GET /socket.io/?EIO=4&transport=websocket HTTP/1.1" 404 2392
WARNING 2026-01-12 14:05:01,577 log 33904 19440 Not Found: /socket.io/
WARNING 2026-01-12 14:05:01,579 basehttp 33904 19440 "GET /socket.io/?EIO=4&transport=websocket HTTP/1.1" 404 2392
WARNING 2026-01-12 14:05:06,940 log 33904 36860 Not Found: /socket.io/
WARNING 2026-01-12 14:05:06,942 basehttp 33904 36860 "GET /socket.io/?EIO=4&transport=websocket HTTP/1.1" 404 2392
WARNING 2026-01-12 14:05:12,346 log 33904 10740 Not Found: /socket.io/
WARNING 2026-01-12 14:05:12,348 basehttp 33904 10740 "GET /socket.io/?EIO=4&transport=websocket HTTP/1.1" 404 2392
WARNING 2026-01-12 14:05:17,766 log 33904 31628 Not Found: /socket.io/
WARNING 2026-01-12 14:05:17,767 basehttp 33904 31628 "GET /socket.io/?EIO=4&transport=websocket HTTP/1.1" 404 2392
WARNING 2026-01-12 14:05:23,266 log 33904 31448 Not Found: /socket.io/
WARNING 2026-01-12 14:05:23,267 basehttp 33904 31448 "GET /socket.io/?EIO=4&transport=websocket HTTP/1.1" 404 2392
WARNING 2026-01-12 14:05:28,818 log 33904 2092 Not Found: /socket.io/
WARNING 2026-01-12 14:05:28,820 basehttp 33904 2092 "GET /socket.io/?EIO=4&transport=websocket HTTP/1.1" 404 2392
WARNING 2026-01-12 14:05:35,169 log 33904 9256 Not Found: /socket.io/
WARNING 2026-01-12 14:05:35,171 basehttp 33904 9256 "GET /socket.io/?EIO=4&transport=websocket HTTP/1.1" 404 2392
WARNING 2026-01-12 14:05:42,678 log 33904 19676 Not Found: /socket.io/
WARNING 2026-01-12 14:05:42,680 basehttp 33904 19676 "GET /socket.io/?EIO=4&transport=websocket HTTP/1.1" 404 2392
WARNING 2026-01-12 14:05:52,105 log 33904 35396 Not Found: /socket.io/
WARNING 2026-01-12 14:05:52,106 basehttp 33904 35396 "GET /socket.io/?EIO=4&transport=websocket HTTP/1.1" 404 2392
WARNING 2026-01-12 14:06:01,520 log 33904 34636 Not Found: /socket.io/
WARNING 2026-01-12 14:06:01,521 basehttp 33904 34636 "GET /socket.io/?EIO=4&transport=websocket HTTP/1.1" 404 2392
WARNING 2026-01-12 14:06:11,180 log 33904 18880 Not Found: /socket.io/
WARNING 2026-01-12 14:06:11,182 basehttp 33904 18880 "GET /socket.io/?EIO=4&transport=websocket HTTP/1.1" 404 2392
WARNING 2026-01-12 14:06:21,178 log 33904 624 Not Found: /socket.io/
WARNING 2026-01-12 14:06:21,178 basehttp 33904 624 "GET /socket.io/?EIO=4&transport=websocket HTTP/1.1" 404 2392
WARNING 2026-01-12 14:06:28,022 log 33904 38856 Not Found: /socket.io/
WARNING 2026-01-12 14:06:28,024 basehttp 33904 38856 "GET /socket.io/?EIO=4&transport=websocket HTTP/1.1" 404 2392
WARNING 2026-01-12 14:06:36,548 log 33904 8176 Not Found: /socket.io/
WARNING 2026-01-12 14:06:36,549 basehttp 33904 8176 "GET /socket.io/?EIO=4&transport=websocket HTTP/1.1" 404 2392
WARNING 2026-01-12 14:06:43,830 log 33904 18712 Not Found: /socket.io/
WARNING 2026-01-12 14:06:43,832 basehttp 33904 18712 "GET /socket.io/?EIO=4&transport=websocket HTTP/1.1" 404 2392
WARNING 2026-01-12 14:06:53,353 log 33904 36332 Not Found: /socket.io/
WARNING 2026-01-12 14:06:53,354 basehttp 33904 36332 "GET /socket.io/?EIO=4&transport=websocket HTTP/1.1" 404 2392
WARNING 2026-01-12 14:07:01,327 log 33904 29508 Not Found: /socket.io/
WARNING 2026-01-12 14:07:01,329 basehttp 33904 29508 "GET /socket.io/?EIO=4&transport=websocket HTTP/1.1" 404 2392
WARNING 2026-01-12 14:07:10,926 log 33904 38552 Not Found: /socket.io/
WARNING 2026-01-12 14:07:10,928 basehttp 33904 38552 "GET /socket.io/?EIO=4&transport=websocket HTTP/1.1" 404 2392
WARNING 2026-01-12 14:07:19,192 log 33904 23504 Not Found: /socket.io/
WARNING 2026-01-12 14:07:19,192 basehttp 33904 23504 "GET /socket.io/?EIO=4&transport=websocket HTTP/1.1" 404 2392
WARNING 2026-01-12 14:07:28,473 log 33904 19240 Not Found: /socket.io/
WARNING 2026-01-12 14:07:28,475 basehttp 33904 19240 "GET /socket.io/?EIO=4&transport=websocket HTTP/1.1" 404 2392
WARNING 2026-01-12 14:07:38,395 log 33904 6036 Not Found: /socket.io/
WARNING 2026-01-12 14:07:38,397 basehttp 33904 6036 "GET /socket.io/?EIO=4&transport=websocket HTTP/1.1" 404 2392
WARNING 2026-01-12 14:07:47,764 log 33904 31288 Not Found: /socket.io/
WARNING 2026-01-12 14:07:47,765 basehttp 33904 31288 "GET /socket.io/?EIO=4&transport=websocket HTTP/1.1" 404 2392
WARNING 2026-01-12 14:07:57,969 log 33904 34068 Not Found: /socket.io/
WARNING 2026-01-12 14:07:57,970 basehttp 33904 34068 "GET /socket.io/?EIO=4&transport=websocket HTTP/1.1" 404 2392
WARNING 2026-01-12 14:08:06,475 log 33904 30956 Not Found: /socket.io/
WARNING 2026-01-12 14:08:06,477 basehttp 33904 30956 "GET /socket.io/?EIO=4&transport=websocket HTTP/1.1" 404 2392
WARNING 2026-01-12 14:08:16,046 log 33904 31868 Not Found: /socket.io/
WARNING 2026-01-12 14:08:16,048 basehttp 33904 31868 "GET /socket.io/?EIO=4&transport=websocket HTTP/1.1" 404 2392
WARNING 2026-01-12 14:08:21,375 log 33904 1896 Not Found: /socket.io/
WARNING 2026-01-12 14:08:21,377 basehttp 33904 1896 "GET /socket.io/?EIO=4&transport=websocket HTTP/1.1" 404 2392
WARNING 2026-01-12 14:08:26,711 log 33904 24028 Not Found: /socket.io/
WARNING 2026-01-12 14:08:26,713 basehttp 33904 24028 "GET /socket.io/?EIO=4&transport=websocket HTTP/1.1" 404 2392
WARNING 2026-01-12 14:08:32,041 log 33904 38728 Not Found: /socket.io/
WARNING 2026-01-12 14:08:32,042 basehttp 33904 38728 "GET /socket.io/?EIO=4&transport=websocket HTTP/1.1" 404 2392
WARNING 2026-01-12 14:08:37,378 log 33904 21976 Not Found: /socket.io/
WARNING 2026-01-12 14:08:37,379 basehttp 33904 21976 "GET /socket.io/?EIO=4&transport=websocket HTTP/1.1" 404 2392
WARNING 2026-01-12 14:08:42,701 log 33904 36316 Not Found: /socket.io/
WARNING 2026-01-12 14:08:42,703 basehttp 33904 36316 "GET /socket.io/?EIO=4&transport=websocket HTTP/1.1" 404 2392
WARNING 2026-01-12 14:08:48,051 log 33904 20936 Not Found: /socket.io/
WARNING 2026-01-12 14:08:48,052 basehttp 33904 20936 "GET /socket.io/?EIO=4&transport=websocket HTTP/1.1" 404 2392
WARNING 2026-01-12 14:08:53,409 log 33904 5864 Not Found: /socket.io/
WARNING 2026-01-12 14:08:53,411 basehttp 33904 5864 "GET /socket.io/?EIO=4&transport=websocket HTTP/1.1" 404 2392
WARNING 2026-01-12 14:08:58,750 log 33904 10464 Not Found: /socket.io/
WARNING 2026-01-12 14:08:58,752 basehttp 33904 10464 "GET /socket.io/?EIO=4&transport=websocket HTTP/1.1" 404 2392
WARNING 2026-01-12 14:09:04,109 log 33904 31820 Not Found: /socket.io/
WARNING 2026-01-12 14:09:04,111 basehttp 33904 31820 "GET /socket.io/?EIO=4&transport=websocket HTTP/1.1" 404 2392
WARNING 2026-01-12 14:09:09,478 log 33904 38356 Not Found: /socket.io/
WARNING 2026-01-12 14:09:09,479 basehttp 33904 38356 "GET /socket.io/?EIO=4&transport=websocket HTTP/1.1" 404 2392
WARNING 2026-01-12 14:09:14,872 log 33904 21832 Not Found: /socket.io/
WARNING 2026-01-12 14:09:14,873 basehttp 33904 21832 "GET /socket.io/?EIO=4&transport=websocket HTTP/1.1" 404 2392
WARNING 2026-01-12 14:09:20,311 log 33904 1576 Not Found: /socket.io/
WARNING 2026-01-12 14:09:20,312 basehttp 33904 1576 "GET /socket.io/?EIO=4&transport=websocket HTTP/1.1" 404 2392
WARNING 2026-01-12 14:09:25,839 log 33904 18680 Not Found: /socket.io/
WARNING 2026-01-12 14:09:25,840 basehttp 33904 18680 "GET /socket.io/?EIO=4&transport=websocket HTTP/1.1" 404 2392
WARNING 2026-01-12 14:09:31,790 log 33904 36496 Not Found: /socket.io/
WARNING 2026-01-12 14:09:31,791 basehttp 33904 36496 "GET /socket.io/?EIO=4&transport=websocket HTTP/1.1" 404 2392
WARNING 2026-01-12 14:09:38,071 log 33904 25448 Not Found: /socket.io/
WARNING 2026-01-12 14:09:38,073 basehttp 33904 25448 "GET /socket.io/?EIO=4&transport=websocket HTTP/1.1" 404 2392
WARNING 2026-01-12 14:09:44,426 log 33904 23264 Not Found: /socket.io/
WARNING 2026-01-12 14:09:44,427 basehttp 33904 23264 "GET /socket.io/?EIO=4&transport=websocket HTTP/1.1" 404 2392
WARNING 2026-01-12 14:09:51,127 log 33904 17392 Not Found: /socket.io/
WARNING 2026-01-12 14:09:51,128 basehttp 33904 17392 "GET /socket.io/?EIO=4&transport=websocket HTTP/1.1" 404 2392
WARNING 2026-01-12 14:09:57,944 log 33904 31464 Not Found: /socket.io/
WARNING 2026-01-12 14:09:57,946 basehttp 33904 31464 "GET /socket.io/?EIO=4&transport=websocket HTTP/1.1" 404 2392
WARNING 2026-01-12 14:10:08,292 log 33904 35392 Not Found: /socket.io/
WARNING 2026-01-12 14:10:08,293 basehttp 33904 35392 "GET /socket.io/?EIO=4&transport=websocket HTTP/1.1" 404 2392
WARNING 2026-01-12 14:10:18,345 log 33904 22612 Not Found: /socket.io/
WARNING 2026-01-12 14:10:18,347 basehttp 33904 22612 "GET /socket.io/?EIO=4&transport=websocket HTTP/1.1" 404 2392
WARNING 2026-01-12 14:10:23,670 log 33904 7228 Not Found: /socket.io/
WARNING 2026-01-12 14:10:23,671 basehttp 33904 7228 "GET /socket.io/?EIO=4&transport=websocket HTTP/1.1" 404 2392
WARNING 2026-01-12 14:10:28,999 log 33904 37768 Not Found: /socket.io/
WARNING 2026-01-12 14:10:29,000 basehttp 33904 37768 "GET /socket.io/?EIO=4&transport=websocket HTTP/1.1" 404 2392
WARNING 2026-01-12 14:10:34,326 log 33904 23884 Not Found: /socket.io/
WARNING 2026-01-12 14:10:34,327 basehttp 33904 23884 "GET /socket.io/?EIO=4&transport=websocket HTTP/1.1" 404 2392
WARNING 2026-01-12 14:10:39,664 log 33904 34040 Not Found: /socket.io/
WARNING 2026-01-12 14:10:39,665 basehttp 33904 34040 "GET /socket.io/?EIO=4&transport=websocket HTTP/1.1" 404 2392
WARNING 2026-01-12 14:10:45,004 log 33904 37324 Not Found: /socket.io/
WARNING 2026-01-12 14:10:45,005 basehttp 33904 37324 "GET /socket.io/?EIO=4&transport=websocket HTTP/1.1" 404 2392
WARNING 2026-01-12 14:10:50,360 log 33904 13092 Not Found: /socket.io/
WARNING 2026-01-12 14:10:50,361 basehttp 33904 13092 "GET /socket.io/?EIO=4&transport=websocket HTTP/1.1" 404 2392
WARNING 2026-01-12 14:10:56,697 log 33904 14848 Not Found: /socket.io/
WARNING 2026-01-12 14:10:56,699 basehttp 33904 14848 "GET /socket.io/?EIO=4&transport=websocket HTTP/1.1" 404 2392
WARNING 2026-01-12 14:11:02,605 log 33904 10212 Not Found: /socket.io/
WARNING 2026-01-12 14:11:02,605 basehttp 33904 10212 "GET /socket.io/?EIO=4&transport=websocket HTTP/1.1" 404 2392
WARNING 2026-01-12 14:11:08,691 log 33904 26480 Not Found: /socket.io/
WARNING 2026-01-12 14:11:08,692 basehttp 33904 26480 "GET /socket.io/?EIO=4&transport=websocket HTTP/1.1" 404 2392
WARNING 2026-01-12 14:11:14,079 log 33904 37340 Not Found: /socket.io/
WARNING 2026-01-12 14:11:14,081 basehttp 33904 37340 "GET /socket.io/?EIO=4&transport=websocket HTTP/1.1" 404 2392
WARNING 2026-01-12 14:11:19,510 log 33904 19928 Not Found: /socket.io/
WARNING 2026-01-12 14:11:19,511 basehttp 33904 19928 "GET /socket.io/?EIO=4&transport=websocket HTTP/1.1" 404 2392
WARNING 2026-01-12 14:11:24,971 log 33904 36056 Not Found: /socket.io/
WARNING 2026-01-12 14:11:24,973 basehttp 33904 36056 "GET /socket.io/?EIO=4&transport=websocket HTTP/1.1" 404 2392
WARNING 2026-01-12 14:11:30,926 log 33904 25084 Not Found: /socket.io/
WARNING 2026-01-12 14:11:30,926 basehttp 33904 25084 "GET /socket.io/?EIO=4&transport=websocket HTTP/1.1" 404 2392
WARNING 2026-01-12 14:11:37,089 log 33904 24908 Not Found: /socket.io/
WARNING 2026-01-12 14:11:37,091 basehttp 33904 24908 "GET /socket.io/?EIO=4&transport=websocket HTTP/1.1" 404 2392
WARNING 2026-01-12 14:11:43,624 log 33904 38776 Not Found: /socket.io/
WARNING 2026-01-12 14:11:43,625 basehttp 33904 38776 "GET /socket.io/?EIO=4&transport=websocket HTTP/1.1" 404 2392
WARNING 2026-01-12 14:11:51,653 log 33904 38256 Not Found: /socket.io/
WARNING 2026-01-12 14:11:51,654 basehttp 33904 38256 "GET /socket.io/?EIO=4&transport=websocket HTTP/1.1" 404 2392
WARNING 2026-01-12 14:11:59,872 log 33904 36080 Not Found: /socket.io/
WARNING 2026-01-12 14:11:59,874 basehttp 33904 36080 "GET /socket.io/?EIO=4&transport=websocket HTTP/1.1" 404 2392
WARNING 2026-01-12 14:12:07,755 log 33904 2444 Not Found: /socket.io/
WARNING 2026-01-12 14:12:07,757 basehttp 33904 2444 "GET /socket.io/?EIO=4&transport=websocket HTTP/1.1" 404 2392
WARNING 2026-01-12 14:12:15,040 log 33904 34784 Not Found: /socket.io/
WARNING 2026-01-12 14:12:15,043 basehttp 33904 34784 "GET /socket.io/?EIO=4&transport=websocket HTTP/1.1" 404 2392
WARNING 2026-01-12 14:12:22,557 log 33904 18036 Not Found: /socket.io/
WARNING 2026-01-12 14:12:22,559 basehttp 33904 18036 "GET /socket.io/?EIO=4&transport=websocket HTTP/1.1" 404 2392
WARNING 2026-01-12 14:12:28,672 log 33904 30872 Not Found: /socket.io/
WARNING 2026-01-12 14:12:28,674 basehttp 33904 30872 "GET /socket.io/?EIO=4&transport=websocket HTTP/1.1" 404 2392
WARNING 2026-01-12 14:12:34,661 log 33904 34284 Not Found: /socket.io/
WARNING 2026-01-12 14:12:34,661 basehttp 33904 34284 "GET /socket.io/?EIO=4&transport=websocket HTTP/1.1" 404 2392
WARNING 2026-01-12 14:12:40,682 log 33904 32208 Not Found: /socket.io/
WARNING 2026-01-12 14:12:40,682 basehttp 33904 32208 "GET /socket.io/?EIO=4&transport=websocket HTTP/1.1" 404 2392
WARNING 2026-01-12 14:12:46,671 log 33904 30152 Not Found: /socket.io/
WARNING 2026-01-12 14:12:46,672 basehttp 33904 30152 "GET /socket.io/?EIO=4&transport=websocket HTTP/1.1" 404 2392
WARNING 2026-01-12 14:12:52,697 log 33904 4688 Not Found: /socket.io/
WARNING 2026-01-12 14:12:52,699 basehttp 33904 4688 "GET /socket.io/?EIO=4&transport=websocket HTTP/1.1" 404 2392
WARNING 2026-01-12 14:12:58,704 log 33904 36552 Not Found: /socket.io/
WARNING 2026-01-12 14:12:58,706 basehttp 33904 36552 "GET /socket.io/?EIO=4&transport=websocket HTTP/1.1" 404 2392
WARNING 2026-01-12 14:13:04,687 log 33904 34640 Not Found: /socket.io/
WARNING 2026-01-12 14:13:04,689 basehttp 33904 34640 "GET /socket.io/?EIO=4&transport=websocket HTTP/1.1" 404 2392
WARNING 2026-01-12 14:13:10,701 log 33904 36128 Not Found: /socket.io/
WARNING 2026-01-12 14:13:10,704 basehttp 33904 36128 "GET /socket.io/?EIO=4&transport=websocket HTTP/1.1" 404 2392
WARNING 2026-01-12 14:13:16,718 log 33904 21520 Not Found: /socket.io/
WARNING 2026-01-12 14:13:16,720 basehttp 33904 21520 "GET /socket.io/?EIO=4&transport=websocket HTTP/1.1" 404 2392
WARNING 2026-01-12 14:13:22,716 log 33904 33620 Not Found: /socket.io/
WARNING 2026-01-12 14:13:22,718 basehttp 33904 33620 "GET /socket.io/?EIO=4&transport=websocket HTTP/1.1" 404 2392
WARNING 2026-01-12 14:13:28,754 log 33904 35264 Not Found: /socket.io/
WARNING 2026-01-12 14:13:28,755 basehttp 33904 35264 "GET /socket.io/?EIO=4&transport=websocket HTTP/1.1" 404 2392
WARNING 2026-01-12 14:13:34,831 log 33904 38212 Not Found: /socket.io/
WARNING 2026-01-12 14:13:34,832 basehttp 33904 38212 "GET /socket.io/?EIO=4&transport=websocket HTTP/1.1" 404 2392
WARNING 2026-01-12 14:13:40,902 log 33904 36448 Not Found: /socket.io/
WARNING 2026-01-12 14:13:40,904 basehttp 33904 36448 "GET /socket.io/?EIO=4&transport=websocket HTTP/1.1" 404 2392
WARNING 2026-01-12 14:13:46,954 log 33904 30532 Not Found: /socket.io/
WARNING 2026-01-12 14:13:46,956 basehttp 33904 30532 "GET /socket.io/?EIO=4&transport=websocket HTTP/1.1" 404 2392
WARNING 2026-01-12 14:13:53,851 log 33904 24768 Not Found: /socket.io/
WARNING 2026-01-12 14:13:53,852 basehttp 33904 24768 "GET /socket.io/?EIO=4&transport=websocket HTTP/1.1" 404 2392
WARNING 2026-01-12 14:14:00,494 log 33904 31848 Not Found: /socket.io/
WARNING 2026-01-12 14:14:00,498 basehttp 33904 31848 "GET /socket.io/?EIO=4&transport=websocket HTTP/1.1" 404 2392
WARNING 2026-01-12 14:14:11,634 log 33904 32528 Not Found: /socket.io/
WARNING 2026-01-12 14:14:11,635 basehttp 33904 32528 "GET /socket.io/?EIO=4&transport=websocket HTTP/1.1" 404 2392
WARNING 2026-01-12 14:14:21,967 log 33904 20832 Not Found: /socket.io/
WARNING 2026-01-12 14:14:21,968 basehttp 33904 20832 "GET /socket.io/?EIO=4&transport=websocket HTTP/1.1" 404 2392
WARNING 2026-01-12 14:14:29,614 log 33904 11552 Not Found: /socket.io/
WARNING 2026-01-12 14:14:29,616 basehttp 33904 11552 "GET /socket.io/?EIO=4&transport=websocket HTTP/1.1" 404 2392
WARNING 2026-01-12 14:14:37,582 log 33904 20040 Not Found: /socket.io/
WARNING 2026-01-12 14:14:37,583 basehttp 33904 20040 "GET /socket.io/?EIO=4&transport=websocket HTTP/1.1" 404 2392
WARNING 2026-01-12 14:14:46,265 log 33904 11732 Not Found: /socket.io/
WARNING 2026-01-12 14:14:46,267 basehttp 33904 11732 "GET /socket.io/?EIO=4&transport=websocket HTTP/1.1" 404 2392
WARNING 2026-01-12 14:14:55,189 log 33904 6508 Not Found: /socket.io/
WARNING 2026-01-12 14:14:55,190 basehttp 33904 6508 "GET /socket.io/?EIO=4&transport=websocket HTTP/1.1" 404 2392
WARNING 2026-01-12 14:15:03,371 log 33904 3152 Not Found: /socket.io/
WARNING 2026-01-12 14:15:03,373 basehttp 33904 3152 "GET /socket.io/?EIO=4&transport=websocket HTTP/1.1" 404 2392
WARNING 2026-01-12 14:15:12,360 log 33904 3732 Not Found: /socket.io/
WARNING 2026-01-12 14:15:12,362 basehttp 33904 3732 "GET /socket.io/?EIO=4&transport=websocket HTTP/1.1" 404 2392
WARNING 2026-01-12 14:15:21,248 log 33904 7276 Not Found: /socket.io/
WARNING 2026-01-12 14:15:21,250 basehttp 33904 7276 "GET /socket.io/?EIO=4&transport=websocket HTTP/1.1" 404 2392
WARNING 2026-01-12 14:15:28,700 log 33904 29556 Not Found: /socket.io/
WARNING 2026-01-12 14:15:28,703 basehttp 33904 29556 "GET /socket.io/?EIO=4&transport=websocket HTTP/1.1" 404 2392
WARNING 2026-01-12 14:15:37,589 log 33904 32888 Not Found: /socket.io/
WARNING 2026-01-12 14:15:37,590 basehttp 33904 32888 "GET /socket.io/?EIO=4&transport=websocket HTTP/1.1" 404 2392
WARNING 2026-01-12 14:15:46,989 log 33904 24368 Not Found: /socket.io/
WARNING 2026-01-12 14:15:46,991 basehttp 33904 24368 "GET /socket.io/?EIO=4&transport=websocket HTTP/1.1" 404 2392
WARNING 2026-01-12 14:15:55,665 log 33904 29060 Not Found: /socket.io/
WARNING 2026-01-12 14:15:55,666 basehttp 33904 29060 "GET /socket.io/?EIO=4&transport=websocket HTTP/1.1" 404 2392
WARNING 2026-01-12 14:16:03,258 log 33904 36548 Not Found: /socket.io/
WARNING 2026-01-12 14:16:03,259 basehttp 33904 36548 "GET /socket.io/?EIO=4&transport=websocket HTTP/1.1" 404 2392
WARNING 2026-01-12 14:16:11,765 log 33904 5612 Not Found: /socket.io/
WARNING 2026-01-12 14:16:11,766 basehttp 33904 5612 "GET /socket.io/?EIO=4&transport=websocket HTTP/1.1" 404 2392
WARNING 2026-01-12 14:16:19,870 log 33904 3040 Not Found: /socket.io/
WARNING 2026-01-12 14:16:19,871 basehttp 33904 3040 "GET /socket.io/?EIO=4&transport=websocket HTTP/1.1" 404 2392
WARNING 2026-01-12 14:16:27,310 log 33904 10452 Not Found: /socket.io/
WARNING 2026-01-12 14:16:27,311 basehttp 33904 10452 "GET /socket.io/?EIO=4&transport=websocket HTTP/1.1" 404 2392
WARNING 2026-01-12 14:16:32,666 log 33904 29844 Not Found: /socket.io/
WARNING 2026-01-12 14:16:32,668 basehttp 33904 29844 "GET /socket.io/?EIO=4&transport=websocket HTTP/1.1" 404 2392
WARNING 2026-01-12 14:16:38,677 log 33904 31424 Not Found: /socket.io/
WARNING 2026-01-12 14:16:38,678 basehttp 33904 31424 "GET /socket.io/?EIO=4&transport=websocket HTTP/1.1" 404 2392
WARNING 2026-01-12 14:16:44,677 log 33904 33672 Not Found: /socket.io/
WARNING 2026-01-12 14:16:44,678 basehttp 33904 33672 "GET /socket.io/?EIO=4&transport=websocket HTTP/1.1" 404 2392
WARNING 2026-01-12 14:16:50,666 log 33904 32448 Not Found: /socket.io/
WARNING 2026-01-12 14:16:50,667 basehttp 33904 32448 "GET /socket.io/?EIO=4&transport=websocket HTTP/1.1" 404 2392
WARNING 2026-01-12 14:16:56,673 log 33904 18304 Not Found: /socket.io/
WARNING 2026-01-12 14:16:56,675 basehttp 33904 18304 "GET /socket.io/?EIO=4&transport=websocket HTTP/1.1" 404 2392
WARNING 2026-01-12 14:17:02,683 log 33904 9412 Not Found: /socket.io/
WARNING 2026-01-12 14:17:02,685 basehttp 33904 9412 "GET /socket.io/?EIO=4&transport=websocket HTTP/1.1" 404 2392
WARNING 2026-01-12 14:17:08,684 log 33904 20684 Not Found: /socket.io/
WARNING 2026-01-12 14:17:08,686 basehttp 33904 20684 "GET /socket.io/?EIO=4&transport=websocket HTTP/1.1" 404 2392
WARNING 2026-01-12 14:17:14,682 log 33904 18448 Not Found: /socket.io/
WARNING 2026-01-12 14:17:14,683 basehttp 33904 18448 "GET /socket.io/?EIO=4&transport=websocket HTTP/1.1" 404 2392
WARNING 2026-01-12 14:17:20,688 log 33904 37980 Not Found: /socket.io/
WARNING 2026-01-12 14:17:20,689 basehttp 33904 37980 "GET /socket.io/?EIO=4&transport=websocket HTTP/1.1" 404 2392
WARNING 2026-01-12 14:17:26,721 log 33904 15524 Not Found: /socket.io/
WARNING 2026-01-12 14:17:26,722 basehttp 33904 15524 "GET /socket.io/?EIO=4&transport=websocket HTTP/1.1" 404 2392
WARNING 2026-01-12 14:17:32,758 log 33904 624 Not Found: /socket.io/
WARNING 2026-01-12 14:17:32,759 basehttp 33904 624 "GET /socket.io/?EIO=4&transport=websocket HTTP/1.1" 404 2392
WARNING 2026-01-12 14:17:38,805 log 33904 32876 Not Found: /socket.io/
WARNING 2026-01-12 14:17:38,806 basehttp 33904 32876 "GET /socket.io/?EIO=4&transport=websocket HTTP/1.1" 404 2392
WARNING 2026-01-12 14:17:44,883 log 33904 28792 Not Found: /socket.io/
WARNING 2026-01-12 14:17:44,885 basehttp 33904 28792 "GET /socket.io/?EIO=4&transport=websocket HTTP/1.1" 404 2392
WARNING 2026-01-12 14:17:51,184 log 33904 22780 Not Found: /socket.io/
WARNING 2026-01-12 14:17:51,186 basehttp 33904 22780 "GET /socket.io/?EIO=4&transport=websocket HTTP/1.1" 404 2392
WARNING 2026-01-12 14:17:57,677 log 33904 8176 Not Found: /socket.io/
WARNING 2026-01-12 14:17:57,678 basehttp 33904 8176 "GET /socket.io/?EIO=4&transport=websocket HTTP/1.1" 404 2392
WARNING 2026-01-12 14:18:04,342 log 33904 25508 Not Found: /socket.io/
WARNING 2026-01-12 14:18:04,344 basehttp 33904 25508 "GET /socket.io/?EIO=4&transport=websocket HTTP/1.1" 404 2392
WARNING 2026-01-12 14:18:12,334 log 33904 10284 Not Found: /socket.io/
WARNING 2026-01-12 14:18:12,335 basehttp 33904 10284 "GET /socket.io/?EIO=4&transport=websocket HTTP/1.1" 404 2392
WARNING 2026-01-12 14:18:19,102 log 33904 8856 Not Found: /socket.io/
WARNING 2026-01-12 14:18:19,103 basehttp 33904 8856 "GET /socket.io/?EIO=4&transport=websocket HTTP/1.1" 404 2392
WARNING 2026-01-12 14:18:27,845 log 33904 24396 Not Found: /socket.io/
WARNING 2026-01-12 14:18:27,847 basehttp 33904 24396 "GET /socket.io/?EIO=4&transport=websocket HTTP/1.1" 404 2392
WARNING 2026-01-12 14:18:33,683 log 33904 30368 Not Found: /socket.io/
WARNING 2026-01-12 14:18:33,685 basehttp 33904 30368 "GET /socket.io/?EIO=4&transport=websocket HTTP/1.1" 404 2392
WARNING 2026-01-12 14:18:39,687 log 33904 32108 Not Found: /socket.io/
WARNING 2026-01-12 14:18:39,689 basehttp 33904 32108 "GET /socket.io/?EIO=4&transport=websocket HTTP/1.1" 404 2392
WARNING 2026-01-12 14:18:45,674 log 33904 38404 Not Found: /socket.io/
WARNING 2026-01-12 14:18:45,675 basehttp 33904 38404 "GET /socket.io/?EIO=4&transport=websocket HTTP/1.1" 404 2392
WARNING 2026-01-12 14:18:51,679 log 33904 26700 Not Found: /socket.io/
WARNING 2026-01-12 14:18:51,680 basehttp 33904 26700 "GET /socket.io/?EIO=4&transport=websocket HTTP/1.1" 404 2392
WARNING 2026-01-12 14:18:57,656 log 33904 19324 Not Found: /socket.io/
WARNING 2026-01-12 14:18:57,657 basehttp 33904 19324 "GET /socket.io/?EIO=4&transport=websocket HTTP/1.1" 404 2392
WARNING 2026-01-12 14:19:03,684 log 33904 30116 Not Found: /socket.io/
WARNING 2026-01-12 14:19:03,685 basehttp 33904 30116 "GET /socket.io/?EIO=4&transport=websocket HTTP/1.1" 404 2392
WARNING 2026-01-12 14:19:09,686 log 33904 23232 Not Found: /socket.io/
WARNING 2026-01-12 14:19:09,687 basehttp 33904 23232 "GET /socket.io/?EIO=4&transport=websocket HTTP/1.1" 404 2392
WARNING 2026-01-12 14:19:15,682 log 33904 24016 Not Found: /socket.io/
WARNING 2026-01-12 14:19:15,683 basehttp 33904 24016 "GET /socket.io/?EIO=4&transport=websocket HTTP/1.1" 404 2392
WARNING 2026-01-12 14:19:21,704 log 33904 38164 Not Found: /socket.io/
WARNING 2026-01-12 14:19:21,705 basehttp 33904 38164 "GET /socket.io/?EIO=4&transport=websocket HTTP/1.1" 404 2392
WARNING 2026-01-12 14:19:27,697 log 33904 36104 Not Found: /socket.io/
WARNING 2026-01-12 14:19:27,699 basehttp 33904 36104 "GET /socket.io/?EIO=4&transport=websocket HTTP/1.1" 404 2392
WARNING 2026-01-12 14:19:33,749 log 33904 22756 Not Found: /socket.io/
WARNING 2026-01-12 14:19:33,750 basehttp 33904 22756 "GET /socket.io/?EIO=4&transport=websocket HTTP/1.1" 404 2392
WARNING 2026-01-12 14:19:39,716 log 33904 38668 Not Found: /socket.io/
WARNING 2026-01-12 14:19:39,717 basehttp 33904 38668 "GET /socket.io/?EIO=4&transport=websocket HTTP/1.1" 404 2392
WARNING 2026-01-12 14:19:45,777 log 33904 35012 Not Found: /socket.io/
WARNING 2026-01-12 14:19:45,778 basehttp 33904 35012 "GET /socket.io/?EIO=4&transport=websocket HTTP/1.1" 404 2392
WARNING 2026-01-12 14:19:51,958 log 33904 36820 Not Found: /socket.io/
WARNING 2026-01-12 14:19:51,959 basehttp 33904 36820 "GET /socket.io/?EIO=4&transport=websocket HTTP/1.1" 404 2392
WARNING 2026-01-12 14:19:58,685 log 33904 28152 Not Found: /socket.io/
WARNING 2026-01-12 14:19:58,685 basehttp 33904 28152 "GET /socket.io/?EIO=4&transport=websocket HTTP/1.1" 404 2392
WARNING 2026-01-12 14:20:06,152 log 33904 13676 Not Found: /socket.io/
WARNING 2026-01-12 14:20:06,152 basehttp 33904 13676 "GET /socket.io/?EIO=4&transport=websocket HTTP/1.1" 404 2392
WARNING 2026-01-12 14:20:14,216 log 33904 38124 Not Found: /socket.io/
WARNING 2026-01-12 14:20:14,217 basehttp 33904 38124 "GET /socket.io/?EIO=4&transport=websocket HTTP/1.1" 404 2392
WARNING 2026-01-12 14:20:24,302 log 33904 29756 Not Found: /socket.io/
WARNING 2026-01-12 14:20:24,303 basehttp 33904 29756 "GET /socket.io/?EIO=4&transport=websocket HTTP/1.1" 404 2392
WARNING 2026-01-12 14:20:33,744 log 33904 38076 Not Found: /socket.io/
WARNING 2026-01-12 14:20:33,746 basehttp 33904 38076 "GET /socket.io/?EIO=4&transport=websocket HTTP/1.1" 404 2392
WARNING 2026-01-12 14:20:41,339 log 33904 38192 Not Found: /socket.io/
WARNING 2026-01-12 14:20:41,341 basehttp 33904 38192 "GET /socket.io/?EIO=4&transport=websocket HTTP/1.1" 404 2392
WARNING 2026-01-12 14:20:49,603 log 33904 30212 Not Found: /socket.io/
WARNING 2026-01-12 14:20:49,604 basehttp 33904 30212 "GET /socket.io/?EIO=4&transport=websocket HTTP/1.1" 404 2392
WARNING 2026-01-12 14:20:57,090 log 33904 35800 Not Found: /socket.io/
WARNING 2026-01-12 14:20:57,091 basehttp 33904 35800 "GET /socket.io/?EIO=4&transport=websocket HTTP/1.1" 404 2392
WARNING 2026-01-12 14:21:06,601 log 33904 22272 Not Found: /socket.io/
WARNING 2026-01-12 14:21:06,603 basehttp 33904 22272 "GET /socket.io/?EIO=4&transport=websocket HTTP/1.1" 404 2392
WARNING 2026-01-12 14:21:15,716 log 33904 33112 Not Found: /socket.io/
WARNING 2026-01-12 14:21:15,717 basehttp 33904 33112 "GET /socket.io/?EIO=4&transport=websocket HTTP/1.1" 404 2392
WARNING 2026-01-12 14:21:24,492 log 33904 28700 Not Found: /socket.io/
WARNING 2026-01-12 14:21:24,492 basehttp 33904 28700 "GET /socket.io/?EIO=4&transport=websocket HTTP/1.1" 404 2392
WARNING 2026-01-12 14:21:33,430 log 33904 29488 Not Found: /socket.io/
WARNING 2026-01-12 14:21:33,431 basehttp 33904 29488 "GET /socket.io/?EIO=4&transport=websocket HTTP/1.1" 404 2392
WARNING 2026-01-12 14:21:44,524 log 33904 18408 Not Found: /socket.io/
WARNING 2026-01-12 14:21:44,526 basehttp 33904 18408 "GET /socket.io/?EIO=4&transport=websocket HTTP/1.1" 404 2392
WARNING 2026-01-12 14:21:51,978 log 33904 15140 Not Found: /socket.io/
WARNING 2026-01-12 14:21:51,980 basehttp 33904 15140 "GET /socket.io/?EIO=4&transport=websocket HTTP/1.1" 404 2392
WARNING 2026-01-12 14:22:02,067 log 33904 25256 Not Found: /socket.io/
WARNING 2026-01-12 14:22:02,068 basehttp 33904 25256 "GET /socket.io/?EIO=4&transport=websocket HTTP/1.1" 404 2392
WARNING 2026-01-12 14:22:09,522 log 33904 38824 Not Found: /socket.io/
WARNING 2026-01-12 14:22:09,523 basehttp 33904 38824 "GET /socket.io/?EIO=4&transport=websocket HTTP/1.1" 404 2392
WARNING 2026-01-12 14:22:17,855 log 33904 22728 Not Found: /socket.io/
WARNING 2026-01-12 14:22:17,857 basehttp 33904 22728 "GET /socket.io/?EIO=4&transport=websocket HTTP/1.1" 404 2392
WARNING 2026-01-12 14:22:25,571 log 33904 38052 Not Found: /socket.io/
WARNING 2026-01-12 14:22:25,572 basehttp 33904 38052 "GET /socket.io/?EIO=4&transport=websocket HTTP/1.1" 404 2392
WARNING 2026-01-12 14:22:33,489 log 33904 27204 Not Found: /socket.io/
WARNING 2026-01-12 14:22:33,491 basehttp 33904 27204 "GET /socket.io/?EIO=4&transport=websocket HTTP/1.1" 404 2392
WARNING 2026-01-12 14:22:41,551 log 33904 3056 Not Found: /socket.io/
WARNING 2026-01-12 14:22:41,552 basehttp 33904 3056 "GET /socket.io/?EIO=4&transport=websocket HTTP/1.1" 404 2392
WARNING 2026-01-12 14:22:52,585 log 33904 32128 Not Found: /socket.io/
WARNING 2026-01-12 14:22:52,587 basehttp 33904 32128 "GET /socket.io/?EIO=4&transport=websocket HTTP/1.1" 404 2392
WARNING 2026-01-12 14:23:03,259 log 33904 36440 Not Found: /socket.io/
WARNING 2026-01-12 14:23:03,260 basehttp 33904 36440 "GET /socket.io/?EIO=4&transport=websocket HTTP/1.1" 404 2392
WARNING 2026-01-12 14:23:10,213 log 33904 24548 Not Found: /socket.io/
WARNING 2026-01-12 14:23:10,214 basehttp 33904 24548 "GET /socket.io/?EIO=4&transport=websocket HTTP/1.1" 404 2392
WARNING 2026-01-12 14:23:18,133 log 33904 22308 Not Found: /socket.io/
WARNING 2026-01-12 14:23:18,134 basehttp 33904 22308 "GET /socket.io/?EIO=4&transport=websocket HTTP/1.1" 404 2392
WARNING 2026-01-12 14:23:25,330 log 33904 36544 Not Found: /socket.io/
WARNING 2026-01-12 14:23:25,331 basehttp 33904 36544 "GET /socket.io/?EIO=4&transport=websocket HTTP/1.1" 404 2392
WARNING 2026-01-12 14:23:32,806 log 33904 29084 Not Found: /socket.io/
WARNING 2026-01-12 14:23:32,807 basehttp 33904 29084 "GET /socket.io/?EIO=4&transport=websocket HTTP/1.1" 404 2392
WARNING 2026-01-12 14:23:41,068 log 33904 37172 Not Found: /socket.io/
WARNING 2026-01-12 14:23:41,070 basehttp 33904 37172 "GET /socket.io/?EIO=4&transport=websocket HTTP/1.1" 404 2392
WARNING 2026-01-12 14:23:51,358 log 33904 11740 Not Found: /socket.io/
WARNING 2026-01-12 14:23:51,359 basehttp 33904 11740 "GET /socket.io/?EIO=4&transport=websocket HTTP/1.1" 404 2392
WARNING 2026-01-12 14:24:01,629 log 33904 4688 Not Found: /socket.io/
WARNING 2026-01-12 14:24:01,631 basehttp 33904 4688 "GET /socket.io/?EIO=4&transport=websocket HTTP/1.1" 404 2392
WARNING 2026-01-12 14:24:09,583 log 33904 22580 Not Found: /socket.io/
WARNING 2026-01-12 14:24:09,584 basehttp 33904 22580 "GET /socket.io/?EIO=4&transport=websocket HTTP/1.1" 404 2392
WARNING 2026-01-12 14:24:18,793 log 33904 12996 Not Found: /socket.io/
WARNING 2026-01-12 14:24:18,795 basehttp 33904 12996 "GET /socket.io/?EIO=4&transport=websocket HTTP/1.1" 404 2392
WARNING 2026-01-12 14:24:27,071 log 33904 12676 Not Found: /socket.io/
WARNING 2026-01-12 14:24:27,072 basehttp 33904 12676 "GET /socket.io/?EIO=4&transport=websocket HTTP/1.1" 404 2392
WARNING 2026-01-12 14:24:36,347 log 33904 23544 Not Found: /socket.io/
WARNING 2026-01-12 14:24:36,348 basehttp 33904 23544 "GET /socket.io/?EIO=4&transport=websocket HTTP/1.1" 404 2392
WARNING 2026-01-12 14:24:44,506 log 33904 20220 Not Found: /socket.io/
WARNING 2026-01-12 14:24:44,507 basehttp 33904 20220 "GET /socket.io/?EIO=4&transport=websocket HTTP/1.1" 404 2392
WARNING 2026-01-12 14:24:53,206 log 33904 11216 Not Found: /socket.io/
WARNING 2026-01-12 14:24:53,207 basehttp 33904 11216 "GET /socket.io/?EIO=4&transport=websocket HTTP/1.1" 404 2392
WARNING 2026-01-12 14:25:00,542 log 33904 23268 Not Found: /socket.io/
WARNING 2026-01-12 14:25:00,543 basehttp 33904 23268 "GET /socket.io/?EIO=4&transport=websocket HTTP/1.1" 404 2392
WARNING 2026-01-12 14:25:09,211 log 33904 35400 Not Found: /socket.io/
WARNING 2026-01-12 14:25:09,212 basehttp 33904 35400 "GET /socket.io/?EIO=4&transport=websocket HTTP/1.1" 404 2392
WARNING 2026-01-12 14:25:15,677 log 33904 34612 Not Found: /socket.io/
WARNING 2026-01-12 14:25:15,678 basehttp 33904 34612 "GET /socket.io/?EIO=4&transport=websocket HTTP/1.1" 404 2392
WARNING 2026-01-12 14:25:24,490 log 33904 37688 Not Found: /socket.io/
WARNING 2026-01-12 14:25:24,492 basehttp 33904 37688 "GET /socket.io/?EIO=4&transport=websocket HTTP/1.1" 404 2392
WARNING 2026-01-12 14:25:31,989 log 33904 34024 Not Found: /socket.io/
WARNING 2026-01-12 14:25:31,990 basehttp 33904 34024 "GET /socket.io/?EIO=4&transport=websocket HTTP/1.1" 404 2392
WARNING 2026-01-12 14:25:39,193 log 33904 36696 Not Found: /socket.io/
WARNING 2026-01-12 14:25:39,195 basehttp 33904 36696 "GET /socket.io/?EIO=4&transport=websocket HTTP/1.1" 404 2392
WARNING 2026-01-12 14:25:46,982 log 33904 6244 Not Found: /socket.io/
WARNING 2026-01-12 14:25:46,983 basehttp 33904 6244 "GET /socket.io/?EIO=4&transport=websocket HTTP/1.1" 404 2392
WARNING 2026-01-12 14:25:54,515 log 33904 29424 Not Found: /socket.io/
WARNING 2026-01-12 14:25:54,516 basehttp 33904 29424 "GET /socket.io/?EIO=4&transport=websocket HTTP/1.1" 404 2392
WARNING 2026-01-12 14:26:01,784 log 33904 17060 Not Found: /socket.io/
WARNING 2026-01-12 14:26:01,785 basehttp 33904 17060 "GET /socket.io/?EIO=4&transport=websocket HTTP/1.1" 404 2392
WARNING 2026-01-12 14:26:10,758 log 33904 30708 Not Found: /socket.io/
WARNING 2026-01-12 14:26:10,759 basehttp 33904 30708 "GET /socket.io/?EIO=4&transport=websocket HTTP/1.1" 404 2392
WARNING 2026-01-12 14:26:21,269 log 33904 24324 Not Found: /socket.io/
WARNING 2026-01-12 14:26:21,271 basehttp 33904 24324 "GET /socket.io/?EIO=4&transport=websocket HTTP/1.1" 404 2392
WARNING 2026-01-12 14:26:29,293 log 33904 34932 Not Found: /socket.io/
WARNING 2026-01-12 14:26:29,295 basehttp 33904 34932 "GET /socket.io/?EIO=4&transport=websocket HTTP/1.1" 404 2392
WARNING 2026-01-12 14:26:34,664 log 33904 18748 Not Found: /socket.io/
WARNING 2026-01-12 14:26:34,665 basehttp 33904 18748 "GET /socket.io/?EIO=4&transport=websocket HTTP/1.1" 404 2392
WARNING 2026-01-12 14:26:40,692 log 33904 32812 Not Found: /socket.io/
WARNING 2026-01-12 14:26:40,693 basehttp 33904 32812 "GET /socket.io/?EIO=4&transport=websocket HTTP/1.1" 404 2392
WARNING 2026-01-12 14:26:46,674 log 33904 3120 Not Found: /socket.io/
WARNING 2026-01-12 14:26:46,674 basehttp 33904 3120 "GET /socket.io/?EIO=4&transport=websocket HTTP/1.1" 404 2392
WARNING 2026-01-12 14:26:52,672 log 33904 23124 Not Found: /socket.io/
WARNING 2026-01-12 14:26:52,673 basehttp 33904 23124 "GET /socket.io/?EIO=4&transport=websocket HTTP/1.1" 404 2392
WARNING 2026-01-12 14:26:58,671 log 33904 29336 Not Found: /socket.io/
WARNING 2026-01-12 14:26:58,671 basehttp 33904 29336 "GET /socket.io/?EIO=4&transport=websocket HTTP/1.1" 404 2392
WARNING 2026-01-12 14:27:04,698 log 33904 8332 Not Found: /socket.io/
WARNING 2026-01-12 14:27:04,700 basehttp 33904 8332 "GET /socket.io/?EIO=4&transport=websocket HTTP/1.1" 404 2392
WARNING 2026-01-12 14:27:10,695 log 33904 29060 Not Found: /socket.io/
WARNING 2026-01-12 14:27:10,697 basehttp 33904 29060 "GET /socket.io/?EIO=4&transport=websocket HTTP/1.1" 404 2392
WARNING 2026-01-12 14:27:16,699 log 33904 30764 Not Found: /socket.io/
WARNING 2026-01-12 14:27:16,700 basehttp 33904 30764 "GET /socket.io/?EIO=4&transport=websocket HTTP/1.1" 404 2392
WARNING 2026-01-12 14:27:22,681 log 33904 1416 Not Found: /socket.io/
WARNING 2026-01-12 14:27:22,683 basehttp 33904 1416 "GET /socket.io/?EIO=4&transport=websocket HTTP/1.1" 404 2392
WARNING 2026-01-12 14:27:28,706 log 33904 34476 Not Found: /socket.io/
WARNING 2026-01-12 14:27:28,708 basehttp 33904 34476 "GET /socket.io/?EIO=4&transport=websocket HTTP/1.1" 404 2392
WARNING 2026-01-12 14:27:34,733 log 33904 30604 Not Found: /socket.io/
WARNING 2026-01-12 14:27:34,735 basehttp 33904 30604 "GET /socket.io/?EIO=4&transport=websocket HTTP/1.1" 404 2392
WARNING 2026-01-12 14:27:40,829 log 33904 23528 Not Found: /socket.io/
WARNING 2026-01-12 14:27:40,831 basehttp 33904 23528 "GET /socket.io/?EIO=4&transport=websocket HTTP/1.1" 404 2392
WARNING 2026-01-12 14:27:46,851 log 33904 37820 Not Found: /socket.io/
WARNING 2026-01-12 14:27:46,868 basehttp 33904 37820 "GET /socket.io/?EIO=4&transport=websocket HTTP/1.1" 404 2392
WARNING 2026-01-12 14:27:52,812 log 33904 38404 Not Found: /socket.io/
WARNING 2026-01-12 14:27:52,814 basehttp 33904 38404 "GET /socket.io/?EIO=4&transport=websocket HTTP/1.1" 404 2392
WARNING 2026-01-12 14:27:59,103 log 33904 19324 Not Found: /socket.io/
WARNING 2026-01-12 14:27:59,106 basehttp 33904 19324 "GET /socket.io/?EIO=4&transport=websocket HTTP/1.1" 404 2392
WARNING 2026-01-12 14:28:07,140 log 33904 27952 Not Found: /socket.io/
WARNING 2026-01-12 14:28:07,141 basehttp 33904 27952 "GET /socket.io/?EIO=4&transport=websocket HTTP/1.1" 404 2392
WARNING 2026-01-12 14:28:14,624 log 33904 28548 Not Found: /socket.io/
WARNING 2026-01-12 14:28:14,627 basehttp 33904 28548 "GET /socket.io/?EIO=4&transport=websocket HTTP/1.1" 404 2392
WARNING 2026-01-12 14:28:25,515 log 33904 32892 Not Found: /socket.io/
WARNING 2026-01-12 14:28:25,516 basehttp 33904 32892 "GET /socket.io/?EIO=4&transport=websocket HTTP/1.1" 404 2392
WARNING 2026-01-12 14:28:36,035 log 33904 26208 Not Found: /socket.io/
WARNING 2026-01-12 14:28:36,037 basehttp 33904 26208 "GET /socket.io/?EIO=4&transport=websocket HTTP/1.1" 404 2392
WARNING 2026-01-12 14:28:45,707 log 33904 37968 Not Found: /socket.io/
WARNING 2026-01-12 14:28:45,709 basehttp 33904 37968 "GET /socket.io/?EIO=4&transport=websocket HTTP/1.1" 404 2392
WARNING 2026-01-12 14:28:55,989 log 33904 33092 Not Found: /socket.io/
WARNING 2026-01-12 14:28:55,990 basehttp 33904 33092 "GET /socket.io/?EIO=4&transport=websocket HTTP/1.1" 404 2392
WARNING 2026-01-12 14:29:06,451 log 33904 33132 Not Found: /socket.io/
WARNING 2026-01-12 14:29:06,453 basehttp 33904 33132 "GET /socket.io/?EIO=4&transport=websocket HTTP/1.1" 404 2392
WARNING 2026-01-12 14:29:16,819 log 33904 19928 Not Found: /socket.io/
WARNING 2026-01-12 14:29:16,820 basehttp 33904 19928 "GET /socket.io/?EIO=4&transport=websocket HTTP/1.1" 404 2392
WARNING 2026-01-12 14:29:26,688 log 33904 36336 Not Found: /socket.io/
WARNING 2026-01-12 14:29:26,689 basehttp 33904 36336 "GET /socket.io/?EIO=4&transport=websocket HTTP/1.1" 404 2392
WARNING 2026-01-12 14:29:36,740 log 33904 36876 Not Found: /socket.io/
WARNING 2026-01-12 14:29:36,740 basehttp 33904 36876 "GET /socket.io/?EIO=4&transport=websocket HTTP/1.1" 404 2392
WARNING 2026-01-12 14:29:44,297 log 33904 16300 Not Found: /socket.io/
WARNING 2026-01-12 14:29:44,298 basehttp 33904 16300 "GET /socket.io/?EIO=4&transport=websocket HTTP/1.1" 404 2392
WARNING 2026-01-12 14:29:54,266 log 33904 35404 Not Found: /socket.io/
WARNING 2026-01-12 14:29:54,267 basehttp 33904 35404 "GET /socket.io/?EIO=4&transport=websocket HTTP/1.1" 404 2392
WARNING 2026-01-12 14:30:02,125 log 33904 15616 Not Found: /socket.io/
WARNING 2026-01-12 14:30:02,127 basehttp 33904 15616 "GET /socket.io/?EIO=4&transport=websocket HTTP/1.1" 404 2392
WARNING 2026-01-12 14:30:09,272 log 33904 7924 Not Found: /socket.io/
WARNING 2026-01-12 14:30:09,274 basehttp 33904 7924 "GET /socket.io/?EIO=4&transport=websocket HTTP/1.1" 404 2392
WARNING 2026-01-12 14:30:16,955 log 33904 36620 Not Found: /socket.io/
WARNING 2026-01-12 14:30:16,957 basehttp 33904 36620 "GET /socket.io/?EIO=4&transport=websocket HTTP/1.1" 404 2392
WARNING 2026-01-12 14:30:26,179 log 33904 29812 Not Found: /socket.io/
WARNING 2026-01-12 14:30:26,180 basehttp 33904 29812 "GET /socket.io/?EIO=4&transport=websocket HTTP/1.1" 404 2392
WARNING 2026-01-12 14:30:33,481 log 33904 34356 Not Found: /socket.io/
WARNING 2026-01-12 14:30:33,482 basehttp 33904 34356 "GET /socket.io/?EIO=4&transport=websocket HTTP/1.1" 404 2392
WARNING 2026-01-12 14:30:39,696 log 33904 32808 Not Found: /socket.io/
WARNING 2026-01-12 14:30:39,699 basehttp 33904 32808 "GET /socket.io/?EIO=4&transport=websocket HTTP/1.1" 404 2392
WARNING 2026-01-12 14:30:45,688 log 33904 36892 Not Found: /socket.io/
WARNING 2026-01-12 14:30:45,691 basehttp 33904 36892 "GET /socket.io/?EIO=4&transport=websocket HTTP/1.1" 404 2392
WARNING 2026-01-12 14:30:51,667 log 33904 38436 Not Found: /socket.io/
WARNING 2026-01-12 14:30:51,669 basehttp 33904 38436 "GET /socket.io/?EIO=4&transport=websocket HTTP/1.1" 404 2392
WARNING 2026-01-12 14:30:57,667 log 33904 20792 Not Found: /socket.io/
WARNING 2026-01-12 14:30:57,667 basehttp 33904 20792 "GET /socket.io/?EIO=4&transport=websocket HTTP/1.1" 404 2392
WARNING 2026-01-12 14:31:03,688 log 33904 17952 Not Found: /socket.io/
WARNING 2026-01-12 14:31:03,690 basehttp 33904 17952 "GET /socket.io/?EIO=4&transport=websocket HTTP/1.1" 404 2392
WARNING 2026-01-12 14:31:09,710 log 33904 21004 Not Found: /socket.io/
WARNING 2026-01-12 14:31:09,722 basehttp 33904 21004 "GET /socket.io/?EIO=4&transport=websocket HTTP/1.1" 404 2392
WARNING 2026-01-12 14:31:15,700 log 33904 36660 Not Found: /socket.io/
WARNING 2026-01-12 14:31:15,702 basehttp 33904 36660 "GET /socket.io/?EIO=4&transport=websocket HTTP/1.1" 404 2392
WARNING 2026-01-12 14:31:21,691 log 33904 23752 Not Found: /socket.io/
WARNING 2026-01-12 14:31:21,693 basehttp 33904 23752 "GET /socket.io/?EIO=4&transport=websocket HTTP/1.1" 404 2392
WARNING 2026-01-12 14:31:27,694 log 33904 29188 Not Found: /socket.io/
WARNING 2026-01-12 14:31:27,695 basehttp 33904 29188 "GET /socket.io/?EIO=4&transport=websocket HTTP/1.1" 404 2392
WARNING 2026-01-12 14:31:33,728 log 33904 33676 Not Found: /socket.io/
WARNING 2026-01-12 14:31:33,729 basehttp 33904 33676 "GET /socket.io/?EIO=4&transport=websocket HTTP/1.1" 404 2392
WARNING 2026-01-12 14:31:39,763 log 33904 33604 Not Found: /socket.io/
WARNING 2026-01-12 14:31:39,765 basehttp 33904 33604 "GET /socket.io/?EIO=4&transport=websocket HTTP/1.1" 404 2392
WARNING 2026-01-12 14:31:45,715 log 33904 2784 Not Found: /socket.io/
WARNING 2026-01-12 14:31:45,716 basehttp 33904 2784 "GET /socket.io/?EIO=4&transport=websocket HTTP/1.1" 404 2392
WARNING 2026-01-12 14:31:51,829 log 33904 27548 Not Found: /socket.io/
WARNING 2026-01-12 14:31:51,830 basehttp 33904 27548 "GET /socket.io/?EIO=4&transport=websocket HTTP/1.1" 404 2392
WARNING 2026-01-12 14:31:57,952 log 33904 36360 Not Found: /socket.io/
WARNING 2026-01-12 14:31:57,953 basehttp 33904 36360 "GET /socket.io/?EIO=4&transport=websocket HTTP/1.1" 404 2392
WARNING 2026-01-12 14:32:04,424 log 33904 36860 Not Found: /socket.io/
WARNING 2026-01-12 14:32:04,460 basehttp 33904 36860 "GET /socket.io/?EIO=4&transport=websocket HTTP/1.1" 404 2392
WARNING 2026-01-12 14:32:11,785 log 33904 3024 Not Found: /socket.io/
WARNING 2026-01-12 14:32:11,788 basehttp 33904 3024 "GET /socket.io/?EIO=4&transport=websocket HTTP/1.1" 404 2392
WARNING 2026-01-12 14:32:22,534 log 33904 37968 Not Found: /socket.io/
WARNING 2026-01-12 14:32:22,535 basehttp 33904 37968 "GET /socket.io/?EIO=4&transport=websocket HTTP/1.1" 404 2392
WARNING 2026-01-12 14:32:29,525 log 33904 19920 Not Found: /socket.io/
WARNING 2026-01-12 14:32:29,545 basehttp 33904 19920 "GET /socket.io/?EIO=4&transport=websocket HTTP/1.1" 404 2392
WARNING 2026-01-12 14:32:36,752 log 33904 12112 Not Found: /socket.io/
WARNING 2026-01-12 14:32:36,870 basehttp 33904 12112 "GET /socket.io/?EIO=4&transport=websocket HTTP/1.1" 404 2392
WARNING 2026-01-12 14:32:42,685 log 33904 29848 Not Found: /socket.io/
WARNING 2026-01-12 14:32:42,686 basehttp 33904 29848 "GET /socket.io/?EIO=4&transport=websocket HTTP/1.1" 404 2392
WARNING 2026-01-12 14:32:48,673 log 33904 34704 Not Found: /socket.io/
WARNING 2026-01-12 14:32:48,674 basehttp 33904 34704 "GET /socket.io/?EIO=4&transport=websocket HTTP/1.1" 404 2392
WARNING 2026-01-12 14:32:54,683 log 33904 38500 Not Found: /socket.io/
WARNING 2026-01-12 14:32:54,684 basehttp 33904 38500 "GET /socket.io/?EIO=4&transport=websocket HTTP/1.1" 404 2392
WARNING 2026-01-12 14:33:00,687 log 33904 37808 Not Found: /socket.io/
WARNING 2026-01-12 14:33:00,689 basehttp 33904 37808 "GET /socket.io/?EIO=4&transport=websocket HTTP/1.1" 404 2392
WARNING 2026-01-12 14:33:06,678 log 33904 27004 Not Found: /socket.io/
WARNING 2026-01-12 14:33:06,680 basehttp 33904 27004 "GET /socket.io/?EIO=4&transport=websocket HTTP/1.1" 404 2392
WARNING 2026-01-12 14:33:12,697 log 33904 38700 Not Found: /socket.io/
WARNING 2026-01-12 14:33:12,700 basehttp 33904 38700 "GET /socket.io/?EIO=4&transport=websocket HTTP/1.1" 404 2392
WARNING 2026-01-12 14:33:18,698 log 33904 17584 Not Found: /socket.io/
WARNING 2026-01-12 14:33:18,702 basehttp 33904 17584 "GET /socket.io/?EIO=4&transport=websocket HTTP/1.1" 404 2392
WARNING 2026-01-12 14:33:24,713 log 33904 11252 Not Found: /socket.io/
WARNING 2026-01-12 14:33:24,715 basehttp 33904 11252 "GET /socket.io/?EIO=4&transport=websocket HTTP/1.1" 404 2392
WARNING 2026-01-12 14:33:30,690 log 33904 25868 Not Found: /socket.io/
WARNING 2026-01-12 14:33:30,691 basehttp 33904 25868 "GET /socket.io/?EIO=4&transport=websocket HTTP/1.1" 404 2392
WARNING 2026-01-12 14:33:36,736 log 33904 30920 Not Found: /socket.io/
WARNING 2026-01-12 14:33:36,737 basehttp 33904 30920 "GET /socket.io/?EIO=4&transport=websocket HTTP/1.1" 404 2392
WARNING 2026-01-12 14:33:42,750 log 33904 17632 Not Found: /socket.io/
WARNING 2026-01-12 14:33:42,752 basehttp 33904 17632 "GET /socket.io/?EIO=4&transport=websocket HTTP/1.1" 404 2392
WARNING 2026-01-12 14:33:48,766 log 33904 34916 Not Found: /socket.io/
WARNING 2026-01-12 14:33:48,768 basehttp 33904 34916 "GET /socket.io/?EIO=4&transport=websocket HTTP/1.1" 404 2392
WARNING 2026-01-12 14:33:54,931 log 33904 17100 Not Found: /socket.io/
WARNING 2026-01-12 14:33:54,932 basehttp 33904 17100 "GET /socket.io/?EIO=4&transport=websocket HTTP/1.1" 404 2392
WARNING 2026-01-12 14:34:01,113 log 33904 35388 Not Found: /socket.io/
WARNING 2026-01-12 14:34:01,116 basehttp 33904 35388 "GET /socket.io/?EIO=4&transport=websocket HTTP/1.1" 404 2392
WARNING 2026-01-12 14:34:06,978 log 33904 32740 Not Found: /socket.io/
WARNING 2026-01-12 14:34:06,979 basehttp 33904 32740 "GET /socket.io/?EIO=4&transport=websocket HTTP/1.1" 404 2392
WARNING 2026-01-12 14:34:14,791 log 33904 31572 Not Found: /socket.io/
WARNING 2026-01-12 14:34:14,793 basehttp 33904 31572 "GET /socket.io/?EIO=4&transport=websocket HTTP/1.1" 404 2392
WARNING 2026-01-12 14:34:23,976 log 33904 36892 Not Found: /socket.io/
WARNING 2026-01-12 14:34:23,978 basehttp 33904 36892 "GET /socket.io/?EIO=4&transport=websocket HTTP/1.1" 404 2392
WARNING 2026-01-12 14:34:34,167 log 33904 8652 Not Found: /socket.io/
WARNING 2026-01-12 14:34:34,169 basehttp 33904 8652 "GET /socket.io/?EIO=4&transport=websocket HTTP/1.1" 404 2392
WARNING 2026-01-12 14:34:43,834 log 33904 11656 Not Found: /socket.io/
WARNING 2026-01-12 14:34:43,835 basehttp 33904 11656 "GET /socket.io/?EIO=4&transport=websocket HTTP/1.1" 404 2392
WARNING 2026-01-12 14:34:52,337 log 33904 19492 Not Found: /socket.io/
WARNING 2026-01-12 14:34:52,338 basehttp 33904 19492 "GET /socket.io/?EIO=4&transport=websocket HTTP/1.1" 404 2392
WARNING 2026-01-12 14:34:59,643 log 33904 10252 Not Found: /socket.io/
WARNING 2026-01-12 14:34:59,645 basehttp 33904 10252 "GET /socket.io/?EIO=4&transport=websocket HTTP/1.1" 404 2392
WARNING 2026-01-12 14:35:08,066 log 33904 38168 Not Found: /socket.io/
WARNING 2026-01-12 14:35:08,067 basehttp 33904 38168 "GET /socket.io/?EIO=4&transport=websocket HTTP/1.1" 404 2392
WARNING 2026-01-12 14:35:15,689 log 33904 37396 Not Found: /socket.io/
WARNING 2026-01-12 14:35:15,691 basehttp 33904 37396 "GET /socket.io/?EIO=4&transport=websocket HTTP/1.1" 404 2392
WARNING 2026-01-12 14:35:24,877 log 33904 24012 Not Found: /socket.io/
WARNING 2026-01-12 14:35:24,879 basehttp 33904 24012 "GET /socket.io/?EIO=4&transport=websocket HTTP/1.1" 404 2392
WARNING 2026-01-12 14:35:35,099 log 33904 37152 Not Found: /socket.io/
WARNING 2026-01-12 14:35:35,101 basehttp 33904 37152 "GET /socket.io/?EIO=4&transport=websocket HTTP/1.1" 404 2392
WARNING 2026-01-12 14:35:44,779 log 33904 35496 Not Found: /socket.io/
WARNING 2026-01-12 14:35:44,780 basehttp 33904 35496 "GET /socket.io/?EIO=4&transport=websocket HTTP/1.1" 404 2392
WARNING 2026-01-12 14:35:53,003 log 33904 37708 Not Found: /socket.io/
WARNING 2026-01-12 14:35:53,004 basehttp 33904 37708 "GET /socket.io/?EIO=4&transport=websocket HTTP/1.1" 404 2392
WARNING 2026-01-12 14:36:02,142 log 33904 37616 Not Found: /socket.io/
WARNING 2026-01-12 14:36:02,143 basehttp 33904 37616 "GET /socket.io/?EIO=4&transport=websocket HTTP/1.1" 404 2392
WARNING 2026-01-12 14:36:11,187 log 33904 31896 Not Found: /socket.io/
WARNING 2026-01-12 14:36:11,188 basehttp 33904 31896 "GET /socket.io/?EIO=4&transport=websocket HTTP/1.1" 404 2392
WARNING 2026-01-12 14:36:18,189 log 33904 38576 Not Found: /socket.io/
WARNING 2026-01-12 14:36:18,191 basehttp 33904 38576 "GET /socket.io/?EIO=4&transport=websocket HTTP/1.1" 404 2392
WARNING 2026-01-12 14:36:28,659 log 33904 32108 Not Found: /socket.io/
WARNING 2026-01-12 14:36:28,661 basehttp 33904 32108 "GET /socket.io/?EIO=4&transport=websocket HTTP/1.1" 404 2392
WARNING 2026-01-12 14:36:36,178 log 33904 26304 Not Found: /socket.io/
WARNING 2026-01-12 14:36:36,179 basehttp 33904 26304 "GET /socket.io/?EIO=4&transport=websocket HTTP/1.1" 404 2392
WARNING 2026-01-12 14:36:42,994 log 33904 18788 Not Found: /socket.io/
WARNING 2026-01-12 14:36:42,995 basehttp 33904 18788 "GET /socket.io/?EIO=4&transport=websocket HTTP/1.1" 404 2392
WARNING 2026-01-12 14:36:49,951 log 33904 37220 Not Found: /socket.io/
WARNING 2026-01-12 14:36:49,952 basehttp 33904 37220 "GET /socket.io/?EIO=4&transport=websocket HTTP/1.1" 404 2392
WARNING 2026-01-12 14:36:56,844 log 33904 30840 Not Found: /socket.io/
WARNING 2026-01-12 14:36:56,845 basehttp 33904 30840 "GET /socket.io/?EIO=4&transport=websocket HTTP/1.1" 404 2392
WARNING 2026-01-12 14:37:04,361 log 33904 37872 Not Found: /socket.io/
WARNING 2026-01-12 14:37:04,363 basehttp 33904 37872 "GET /socket.io/?EIO=4&transport=websocket HTTP/1.1" 404 2392
WARNING 2026-01-12 14:37:14,976 log 33904 12924 Not Found: /socket.io/
WARNING 2026-01-12 14:37:14,977 basehttp 33904 12924 "GET /socket.io/?EIO=4&transport=websocket HTTP/1.1" 404 2392
WARNING 2026-01-12 14:37:22,305 log 33904 29344 Not Found: /socket.io/
WARNING 2026-01-12 14:37:22,307 basehttp 33904 29344 "GET /socket.io/?EIO=4&transport=websocket HTTP/1.1" 404 2392
WARNING 2026-01-12 14:37:31,937 log 33904 27984 Not Found: /socket.io/
WARNING 2026-01-12 14:37:31,939 basehttp 33904 27984 "GET /socket.io/?EIO=4&transport=websocket HTTP/1.1" 404 2392
WARNING 2026-01-12 14:37:41,115 log 33904 35368 Not Found: /socket.io/
WARNING 2026-01-12 14:37:41,116 basehttp 33904 35368 "GET /socket.io/?EIO=4&transport=websocket HTTP/1.1" 404 2392
WARNING 2026-01-12 14:37:48,260 log 33904 37804 Not Found: /socket.io/
WARNING 2026-01-12 14:37:48,261 basehttp 33904 37804 "GET /socket.io/?EIO=4&transport=websocket HTTP/1.1" 404 2392
WARNING 2026-01-12 14:37:58,490 log 33904 20304 Not Found: /socket.io/
WARNING 2026-01-12 14:37:58,491 basehttp 33904 20304 "GET /socket.io/?EIO=4&transport=websocket HTTP/1.1" 404 2392
WARNING 2026-01-12 14:38:08,393 log 33904 5532 Not Found: /socket.io/
WARNING 2026-01-12 14:38:08,395 basehttp 33904 5532 "GET /socket.io/?EIO=4&transport=websocket HTTP/1.1" 404 2392
WARNING 2026-01-12 14:38:17,910 log 33904 37488 Not Found: /socket.io/
WARNING 2026-01-12 14:38:17,911 basehttp 33904 37488 "GET /socket.io/?EIO=4&transport=websocket HTTP/1.1" 404 2392
WARNING 2026-01-12 14:38:27,074 log 33904 13672 Not Found: /socket.io/
WARNING 2026-01-12 14:38:27,074 basehttp 33904 13672 "GET /socket.io/?EIO=4&transport=websocket HTTP/1.1" 404 2392
WARNING 2026-01-12 14:38:34,238 log 33904 34196 Not Found: /socket.io/
WARNING 2026-01-12 14:38:34,238 basehttp 33904 34196 "GET /socket.io/?EIO=4&transport=websocket HTTP/1.1" 404 2392
WARNING 2026-01-12 14:38:41,619 log 33904 35552 Not Found: /socket.io/
WARNING 2026-01-12 14:38:41,620 basehttp 33904 35552 "GET /socket.io/?EIO=4&transport=websocket HTTP/1.1" 404 2392
WARNING 2026-01-12 14:38:47,680 log 33904 19928 Not Found: /socket.io/
WARNING 2026-01-12 14:38:47,681 basehttp 33904 19928 "GET /socket.io/?EIO=4&transport=websocket HTTP/1.1" 404 2392
WARNING 2026-01-12 14:38:53,680 log 33904 10104 Not Found: /socket.io/
WARNING 2026-01-12 14:38:53,682 basehttp 33904 10104 "GET /socket.io/?EIO=4&transport=websocket HTTP/1.1" 404 2392
WARNING 2026-01-12 14:38:59,683 log 33904 3976 Not Found: /socket.io/
WARNING 2026-01-12 14:38:59,684 basehttp 33904 3976 "GET /socket.io/?EIO=4&transport=websocket HTTP/1.1" 404 2392
WARNING 2026-01-12 14:39:05,672 log 33904 17384 Not Found: /socket.io/
WARNING 2026-01-12 14:39:05,673 basehttp 33904 17384 "GET /socket.io/?EIO=4&transport=websocket HTTP/1.1" 404 2392
WARNING 2026-01-12 14:39:11,681 log 33904 29524 Not Found: /socket.io/
WARNING 2026-01-12 14:39:11,682 basehttp 33904 29524 "GET /socket.io/?EIO=4&transport=websocket HTTP/1.1" 404 2392
WARNING 2026-01-12 14:39:17,673 log 33904 36060 Not Found: /socket.io/
WARNING 2026-01-12 14:39:17,674 basehttp 33904 36060 "GET /socket.io/?EIO=4&transport=websocket HTTP/1.1" 404 2392
WARNING 2026-01-12 14:39:23,697 log 33904 38104 Not Found: /socket.io/
WARNING 2026-01-12 14:39:23,698 basehttp 33904 38104 "GET /socket.io/?EIO=4&transport=websocket HTTP/1.1" 404 2392
WARNING 2026-01-12 14:39:29,690 log 33904 28016 Not Found: /socket.io/
WARNING 2026-01-12 14:39:29,692 basehttp 33904 28016 "GET /socket.io/?EIO=4&transport=websocket HTTP/1.1" 404 2392
WARNING 2026-01-12 14:39:35,688 log 33904 33640 Not Found: /socket.io/
WARNING 2026-01-12 14:39:35,689 basehttp 33904 33640 "GET /socket.io/?EIO=4&transport=websocket HTTP/1.1" 404 2392
WARNING 2026-01-12 14:39:41,724 log 33904 7900 Not Found: /socket.io/
WARNING 2026-01-12 14:39:41,726 basehttp 33904 7900 "GET /socket.io/?EIO=4&transport=websocket HTTP/1.1" 404 2392
WARNING 2026-01-12 14:39:47,748 log 33904 38320 Not Found: /socket.io/
WARNING 2026-01-12 14:39:47,749 basehttp 33904 38320 "GET /socket.io/?EIO=4&transport=websocket HTTP/1.1" 404 2392
WARNING 2026-01-12 14:39:53,733 log 33904 33932 Not Found: /socket.io/
WARNING 2026-01-12 14:39:53,735 basehttp 33904 33932 "GET /socket.io/?EIO=4&transport=websocket HTTP/1.1" 404 2392
WARNING 2026-01-12 14:39:59,861 log 33904 24324 Not Found: /socket.io/
WARNING 2026-01-12 14:39:59,863 basehttp 33904 24324 "GET /socket.io/?EIO=4&transport=websocket HTTP/1.1" 404 2392
WARNING 2026-01-12 14:40:06,091 log 33904 33628 Not Found: /socket.io/
WARNING 2026-01-12 14:40:06,093 basehttp 33904 33628 "GET /socket.io/?EIO=4&transport=websocket HTTP/1.1" 404 2392
WARNING 2026-01-12 14:40:12,426 log 33904 35264 Not Found: /socket.io/
WARNING 2026-01-12 14:40:12,427 basehttp 33904 35264 "GET /socket.io/?EIO=4&transport=websocket HTTP/1.1" 404 2392
WARNING 2026-01-12 14:40:20,985 log 33904 31540 Not Found: /socket.io/
WARNING 2026-01-12 14:40:20,986 basehttp 33904 31540 "GET /socket.io/?EIO=4&transport=websocket HTTP/1.1" 404 2392
WARNING 2026-01-12 14:40:30,201 log 33904 21640 Not Found: /socket.io/
WARNING 2026-01-12 14:40:30,201 basehttp 33904 21640 "GET /socket.io/?EIO=4&transport=websocket HTTP/1.1" 404 2392
WARNING 2026-01-12 14:40:40,333 log 33904 25504 Not Found: /socket.io/
WARNING 2026-01-12 14:40:40,334 basehttp 33904 25504 "GET /socket.io/?EIO=4&transport=websocket HTTP/1.1" 404 2392
WARNING 2026-01-12 14:40:47,181 log 33904 33724 Not Found: /socket.io/
WARNING 2026-01-12 14:40:47,183 basehttp 33904 33724 "GET /socket.io/?EIO=4&transport=websocket HTTP/1.1" 404 2392
WARNING 2026-01-12 14:40:52,667 log 33904 32336 Not Found: /socket.io/
WARNING 2026-01-12 14:40:52,669 basehttp 33904 32336 "GET /socket.io/?EIO=4&transport=websocket HTTP/1.1" 404 2392
WARNING 2026-01-12 14:40:58,679 log 33904 32584 Not Found: /socket.io/
WARNING 2026-01-12 14:40:58,680 basehttp 33904 32584 "GET /socket.io/?EIO=4&transport=websocket HTTP/1.1" 404 2392
WARNING 2026-01-12 14:41:04,683 log 33904 31572 Not Found: /socket.io/
WARNING 2026-01-12 14:41:04,684 basehttp 33904 31572 "GET /socket.io/?EIO=4&transport=websocket HTTP/1.1" 404 2392
WARNING 2026-01-12 14:41:10,669 log 33904 36892 Not Found: /socket.io/
WARNING 2026-01-12 14:41:10,670 basehttp 33904 36892 "GET /socket.io/?EIO=4&transport=websocket HTTP/1.1" 404 2392
WARNING 2026-01-12 14:41:16,669 log 33904 28388 Not Found: /socket.io/
WARNING 2026-01-12 14:41:16,670 basehttp 33904 28388 "GET /socket.io/?EIO=4&transport=websocket HTTP/1.1" 404 2392
WARNING 2026-01-12 14:41:22,679 log 33904 31660 Not Found: /socket.io/
WARNING 2026-01-12 14:41:22,681 basehttp 33904 31660 "GET /socket.io/?EIO=4&transport=websocket HTTP/1.1" 404 2392
WARNING 2026-01-12 14:41:28,695 log 33904 37436 Not Found: /socket.io/
WARNING 2026-01-12 14:41:28,696 basehttp 33904 37436 "GET /socket.io/?EIO=4&transport=websocket HTTP/1.1" 404 2392
WARNING 2026-01-12 14:41:34,693 log 33904 19948 Not Found: /socket.io/
WARNING 2026-01-12 14:41:34,694 basehttp 33904 19948 "GET /socket.io/?EIO=4&transport=websocket HTTP/1.1" 404 2392
WARNING 2026-01-12 14:41:40,692 log 33904 720 Not Found: /socket.io/
WARNING 2026-01-12 14:41:40,693 basehttp 33904 720 "GET /socket.io/?EIO=4&transport=websocket HTTP/1.1" 404 2392
WARNING 2026-01-12 14:41:46,708 log 33904 5164 Not Found: /socket.io/
WARNING 2026-01-12 14:41:46,709 basehttp 33904 5164 "GET /socket.io/?EIO=4&transport=websocket HTTP/1.1" 404 2392
WARNING 2026-01-12 14:41:52,713 log 33904 7848 Not Found: /socket.io/
WARNING 2026-01-12 14:41:52,714 basehttp 33904 7848 "GET /socket.io/?EIO=4&transport=websocket HTTP/1.1" 404 2392
WARNING 2026-01-12 14:41:58,710 log 33904 18428 Not Found: /socket.io/
WARNING 2026-01-12 14:41:58,711 basehttp 33904 18428 "GET /socket.io/?EIO=4&transport=websocket HTTP/1.1" 404 2392
WARNING 2026-01-12 14:42:04,789 log 33904 37660 Not Found: /socket.io/
WARNING 2026-01-12 14:42:04,792 basehttp 33904 37660 "GET /socket.io/?EIO=4&transport=websocket HTTP/1.1" 404 2392
WARNING 2026-01-12 14:42:11,034 log 33904 28808 Not Found: /socket.io/
WARNING 2026-01-12 14:42:11,035 basehttp 33904 28808 "GET /socket.io/?EIO=4&transport=websocket HTTP/1.1" 404 2392
WARNING 2026-01-12 14:42:17,099 log 33904 14824 Not Found: /socket.io/
WARNING 2026-01-12 14:42:17,100 basehttp 33904 14824 "GET /socket.io/?EIO=4&transport=websocket HTTP/1.1" 404 2392
WARNING 2026-01-12 14:42:23,484 log 33904 37152 Not Found: /socket.io/
WARNING 2026-01-12 14:42:23,485 basehttp 33904 37152 "GET /socket.io/?EIO=4&transport=websocket HTTP/1.1" 404 2392
WARNING 2026-01-12 14:42:33,485 log 33904 34748 Not Found: /socket.io/
WARNING 2026-01-12 14:42:33,487 basehttp 33904 34748 "GET /socket.io/?EIO=4&transport=websocket HTTP/1.1" 404 2392
WARNING 2026-01-12 14:42:41,289 log 33904 28636 Not Found: /socket.io/
WARNING 2026-01-12 14:42:41,291 basehttp 33904 28636 "GET /socket.io/?EIO=4&transport=websocket HTTP/1.1" 404 2392
WARNING 2026-01-12 14:42:47,715 log 33904 24608 Not Found: /socket.io/
WARNING 2026-01-12 14:42:47,716 basehttp 33904 24608 "GET /socket.io/?EIO=4&transport=websocket HTTP/1.1" 404 2392
WARNING 2026-01-12 14:42:53,686 log 33904 27308 Not Found: /socket.io/
WARNING 2026-01-12 14:42:53,687 basehttp 33904 27308 "GET /socket.io/?EIO=4&transport=websocket HTTP/1.1" 404 2392
WARNING 2026-01-12 14:42:59,662 log 33904 22588 Not Found: /socket.io/
WARNING 2026-01-12 14:42:59,663 basehttp 33904 22588 "GET /socket.io/?EIO=4&transport=websocket HTTP/1.1" 404 2392
WARNING 2026-01-12 14:43:05,674 log 33904 6056 Not Found: /socket.io/
WARNING 2026-01-12 14:43:05,676 basehttp 33904 6056 "GET /socket.io/?EIO=4&transport=websocket HTTP/1.1" 404 2392
WARNING 2026-01-12 14:43:11,669 log 33904 33184 Not Found: /socket.io/
WARNING 2026-01-12 14:43:11,670 basehttp 33904 33184 "GET /socket.io/?EIO=4&transport=websocket HTTP/1.1" 404 2392
WARNING 2026-01-12 14:43:17,660 log 33904 17876 Not Found: /socket.io/
WARNING 2026-01-12 14:43:17,661 basehttp 33904 17876 "GET /socket.io/?EIO=4&transport=websocket HTTP/1.1" 404 2392
WARNING 2026-01-12 14:43:23,660 log 33904 13816 Not Found: /socket.io/
WARNING 2026-01-12 14:43:23,661 basehttp 33904 13816 "GET /socket.io/?EIO=4&transport=websocket HTTP/1.1" 404 2392
WARNING 2026-01-12 14:43:29,693 log 33904 16800 Not Found: /socket.io/
WARNING 2026-01-12 14:43:29,694 basehttp 33904 16800 "GET /socket.io/?EIO=4&transport=websocket HTTP/1.1" 404 2392
WARNING 2026-01-12 14:43:35,696 log 33904 20684 Not Found: /socket.io/
WARNING 2026-01-12 14:43:35,697 basehttp 33904 20684 "GET /socket.io/?EIO=4&transport=websocket HTTP/1.1" 404 2392
WARNING 2026-01-12 14:43:41,697 log 33904 29428 Not Found: /socket.io/
WARNING 2026-01-12 14:43:41,698 basehttp 33904 29428 "GET /socket.io/?EIO=4&transport=websocket HTTP/1.1" 404 2392
WARNING 2026-01-12 14:43:47,721 log 33904 38108 Not Found: /socket.io/
WARNING 2026-01-12 14:43:47,722 basehttp 33904 38108 "GET /socket.io/?EIO=4&transport=websocket HTTP/1.1" 404 2392
WARNING 2026-01-12 14:43:53,716 log 33904 37900 Not Found: /socket.io/
WARNING 2026-01-12 14:43:53,718 basehttp 33904 37900 "GET /socket.io/?EIO=4&transport=websocket HTTP/1.1" 404 2392
WARNING 2026-01-12 14:43:59,830 log 33904 35524 Not Found: /socket.io/
WARNING 2026-01-12 14:43:59,832 basehttp 33904 35524 "GET /socket.io/?EIO=4&transport=websocket HTTP/1.1" 404 2392
WARNING 2026-01-12 14:44:06,009 log 33904 35956 Not Found: /socket.io/
WARNING 2026-01-12 14:44:06,011 basehttp 33904 35956 "GET /socket.io/?EIO=4&transport=websocket HTTP/1.1" 404 2392
WARNING 2026-01-12 14:44:12,292 log 33904 1168 Not Found: /socket.io/
WARNING 2026-01-12 14:44:12,294 basehttp 33904 1168 "GET /socket.io/?EIO=4&transport=websocket HTTP/1.1" 404 2392
WARNING 2026-01-12 14:44:18,122 log 33904 8856 Not Found: /socket.io/
WARNING 2026-01-12 14:44:18,123 basehttp 33904 8856 "GET /socket.io/?EIO=4&transport=websocket HTTP/1.1" 404 2392
WARNING 2026-01-12 14:44:25,526 log 33904 30588 Not Found: /socket.io/
WARNING 2026-01-12 14:44:25,527 basehttp 33904 30588 "GET /socket.io/?EIO=4&transport=websocket HTTP/1.1" 404 2392
WARNING 2026-01-12 14:44:35,896 log 33904 18340 Not Found: /socket.io/
WARNING 2026-01-12 14:44:35,898 basehttp 33904 18340 "GET /socket.io/?EIO=4&transport=websocket HTTP/1.1" 404 2392
WARNING 2026-01-12 14:44:42,956 log 33904 13856 Not Found: /socket.io/
WARNING 2026-01-12 14:44:42,958 basehttp 33904 13856 "GET /socket.io/?EIO=4&transport=websocket HTTP/1.1" 404 2392
WARNING 2026-01-12 14:44:50,416 log 33904 38568 Not Found: /socket.io/
WARNING 2026-01-12 14:44:50,418 basehttp 33904 38568 "GET /socket.io/?EIO=4&transport=websocket HTTP/1.1" 404 2392
WARNING 2026-01-12 14:44:56,671 log 33904 14852 Not Found: /socket.io/
WARNING 2026-01-12 14:44:56,672 basehttp 33904 14852 "GET /socket.io/?EIO=4&transport=websocket HTTP/1.1" 404 2392
WARNING 2026-01-12 14:45:02,669 log 33904 33696 Not Found: /socket.io/
WARNING 2026-01-12 14:45:02,670 basehttp 33904 33696 "GET /socket.io/?EIO=4&transport=websocket HTTP/1.1" 404 2392
WARNING 2026-01-12 14:45:08,688 log 33904 30464 Not Found: /socket.io/
WARNING 2026-01-12 14:45:08,690 basehttp 33904 30464 "GET /socket.io/?EIO=4&transport=websocket HTTP/1.1" 404 2392
WARNING 2026-01-12 14:45:14,686 log 33904 31776 Not Found: /socket.io/
WARNING 2026-01-12 14:45:14,687 basehttp 33904 31776 "GET /socket.io/?EIO=4&transport=websocket HTTP/1.1" 404 2392
WARNING 2026-01-12 14:45:20,674 log 33904 30540 Not Found: /socket.io/
WARNING 2026-01-12 14:45:20,675 basehttp 33904 30540 "GET /socket.io/?EIO=4&transport=websocket HTTP/1.1" 404 2392
WARNING 2026-01-12 14:45:26,678 log 33904 7460 Not Found: /socket.io/
WARNING 2026-01-12 14:45:26,679 basehttp 33904 7460 "GET /socket.io/?EIO=4&transport=websocket HTTP/1.1" 404 2392
WARNING 2026-01-12 14:45:32,686 log 33904 35368 Not Found: /socket.io/
WARNING 2026-01-12 14:45:32,688 basehttp 33904 35368 "GET /socket.io/?EIO=4&transport=websocket HTTP/1.1" 404 2392
WARNING 2026-01-12 14:45:38,678 log 33904 21512 Not Found: /socket.io/
WARNING 2026-01-12 14:45:38,679 basehttp 33904 21512 "GET /socket.io/?EIO=4&transport=websocket HTTP/1.1" 404 2392
WARNING 2026-01-12 14:45:44,699 log 33904 38440 Not Found: /socket.io/
WARNING 2026-01-12 14:45:44,700 basehttp 33904 38440 "GET /socket.io/?EIO=4&transport=websocket HTTP/1.1" 404 2392
WARNING 2026-01-12 14:45:50,707 log 33904 4380 Not Found: /socket.io/
WARNING 2026-01-12 14:45:50,708 basehttp 33904 4380 "GET /socket.io/?EIO=4&transport=websocket HTTP/1.1" 404 2392
WARNING 2026-01-12 14:45:56,739 log 33904 33020 Not Found: /socket.io/
WARNING 2026-01-12 14:45:56,740 basehttp 33904 33020 "GET /socket.io/?EIO=4&transport=websocket HTTP/1.1" 404 2392
WARNING 2026-01-12 14:46:02,798 log 33904 36836 Not Found: /socket.io/
WARNING 2026-01-12 14:46:02,799 basehttp 33904 36836 "GET /socket.io/?EIO=4&transport=websocket HTTP/1.1" 404 2392
WARNING 2026-01-12 14:46:08,853 log 33904 15420 Not Found: /socket.io/
WARNING 2026-01-12 14:46:08,854 basehttp 33904 15420 "GET /socket.io/?EIO=4&transport=websocket HTTP/1.1" 404 2392
WARNING 2026-01-12 14:46:15,197 log 33904 9208 Not Found: /socket.io/
WARNING 2026-01-12 14:46:15,198 basehttp 33904 9208 "GET /socket.io/?EIO=4&transport=websocket HTTP/1.1" 404 2392
WARNING 2026-01-12 14:46:21,300 log 33904 36848 Not Found: /socket.io/
WARNING 2026-01-12 14:46:21,301 basehttp 33904 36848 "GET /socket.io/?EIO=4&transport=websocket HTTP/1.1" 404 2392
WARNING 2026-01-12 14:46:27,752 log 33904 22636 Not Found: /socket.io/
WARNING 2026-01-12 14:46:27,753 basehttp 33904 22636 "GET /socket.io/?EIO=4&transport=websocket HTTP/1.1" 404 2392
WARNING 2026-01-12 14:46:37,610 log 33904 9108 Not Found: /socket.io/
WARNING 2026-01-12 14:46:37,611 basehttp 33904 9108 "GET /socket.io/?EIO=4&transport=websocket HTTP/1.1" 404 2392
WARNING 2026-01-12 14:46:46,197 log 33904 3024 Not Found: /socket.io/
WARNING 2026-01-12 14:46:46,198 basehttp 33904 3024 "GET /socket.io/?EIO=4&transport=websocket HTTP/1.1" 404 2392
WARNING 2026-01-12 14:46:56,647 log 33904 36176 Not Found: /socket.io/
WARNING 2026-01-12 14:46:56,648 basehttp 33904 36176 "GET /socket.io/?EIO=4&transport=websocket HTTP/1.1" 404 2392
WARNING 2026-01-12 14:47:05,656 log 33904 32004 Not Found: /socket.io/
WARNING 2026-01-12 14:47:05,657 basehttp 33904 32004 "GET /socket.io/?EIO=4&transport=websocket HTTP/1.1" 404 2392
WARNING 2026-01-12 14:47:16,453 log 33904 28220 Not Found: /socket.io/
WARNING 2026-01-12 14:47:16,455 basehttp 33904 28220 "GET /socket.io/?EIO=4&transport=websocket HTTP/1.1" 404 2392
WARNING 2026-01-12 14:47:26,682 log 33904 22164 Not Found: /socket.io/
WARNING 2026-01-12 14:47:26,684 basehttp 33904 22164 "GET /socket.io/?EIO=4&transport=websocket HTTP/1.1" 404 2392
WARNING 2026-01-12 14:47:35,897 log 33904 35212 Not Found: /socket.io/
WARNING 2026-01-12 14:47:35,898 basehttp 33904 35212 "GET /socket.io/?EIO=4&transport=websocket HTTP/1.1" 404 2392
WARNING 2026-01-12 14:47:43,469 log 33904 27796 Not Found: /socket.io/
WARNING 2026-01-12 14:47:43,470 basehttp 33904 27796 "GET /socket.io/?EIO=4&transport=websocket HTTP/1.1" 404 2392
WARNING 2026-01-12 14:47:53,524 log 33904 11516 Not Found: /socket.io/
WARNING 2026-01-12 14:47:53,526 basehttp 33904 11516 "GET /socket.io/?EIO=4&transport=websocket HTTP/1.1" 404 2392
WARNING 2026-01-12 14:48:03,415 log 33904 17376 Not Found: /socket.io/
WARNING 2026-01-12 14:48:03,416 basehttp 33904 17376 "GET /socket.io/?EIO=4&transport=websocket HTTP/1.1" 404 2392
WARNING 2026-01-12 14:48:12,425 log 33904 30496 Not Found: /socket.io/
WARNING 2026-01-12 14:48:12,427 basehttp 33904 30496 "GET /socket.io/?EIO=4&transport=websocket HTTP/1.1" 404 2392
WARNING 2026-01-12 14:48:23,137 log 33904 36412 Not Found: /socket.io/
WARNING 2026-01-12 14:48:23,139 basehttp 33904 36412 "GET /socket.io/?EIO=4&transport=websocket HTTP/1.1" 404 2392
WARNING 2026-01-12 14:48:31,780 log 33904 36388 Not Found: /socket.io/
WARNING 2026-01-12 14:48:31,782 basehttp 33904 36388 "GET /socket.io/?EIO=4&transport=websocket HTTP/1.1" 404 2392
WARNING 2026-01-12 14:48:41,102 log 33904 34116 Not Found: /socket.io/
WARNING 2026-01-12 14:48:41,104 basehttp 33904 34116 "GET /socket.io/?EIO=4&transport=websocket HTTP/1.1" 404 2392
WARNING 2026-01-12 14:48:48,983 log 33904 34032 Not Found: /socket.io/
WARNING 2026-01-12 14:48:48,984 basehttp 33904 34032 "GET /socket.io/?EIO=4&transport=websocket HTTP/1.1" 404 2392
WARNING 2026-01-12 14:48:58,133 log 33904 29488 Not Found: /socket.io/
WARNING 2026-01-12 14:48:58,134 basehttp 33904 29488 "GET /socket.io/?EIO=4&transport=websocket HTTP/1.1" 404 2392
WARNING 2026-01-12 14:49:04,804 log 33904 13832 Not Found: /socket.io/
WARNING 2026-01-12 14:49:04,805 basehttp 33904 13832 "GET /socket.io/?EIO=4&transport=websocket HTTP/1.1" 404 2392
WARNING 2026-01-12 14:49:11,353 log 33904 24272 Not Found: /socket.io/
WARNING 2026-01-12 14:49:11,354 basehttp 33904 24272 "GET /socket.io/?EIO=4&transport=websocket HTTP/1.1" 404 2392
WARNING 2026-01-12 14:49:21,946 log 33904 10464 Not Found: /socket.io/
WARNING 2026-01-12 14:49:21,947 basehttp 33904 10464 "GET /socket.io/?EIO=4&transport=websocket HTTP/1.1" 404 2392
WARNING 2026-01-12 14:49:28,778 log 33904 34696 Not Found: /socket.io/
WARNING 2026-01-12 14:49:28,779 basehttp 33904 34696 "GET /socket.io/?EIO=4&transport=websocket HTTP/1.1" 404 2392
WARNING 2026-01-12 14:49:36,234 log 33904 36724 Not Found: /socket.io/
WARNING 2026-01-12 14:49:36,235 basehttp 33904 36724 "GET /socket.io/?EIO=4&transport=websocket HTTP/1.1" 404 2392
WARNING 2026-01-12 14:49:44,933 log 33904 33628 Not Found: /socket.io/
WARNING 2026-01-12 14:49:44,934 basehttp 33904 33628 "GET /socket.io/?EIO=4&transport=websocket HTTP/1.1" 404 2392
WARNING 2026-01-12 14:49:52,276 log 33904 36436 Not Found: /socket.io/
WARNING 2026-01-12 14:49:52,278 basehttp 33904 36436 "GET /socket.io/?EIO=4&transport=websocket HTTP/1.1" 404 2392
WARNING 2026-01-12 14:50:01,903 log 33904 21776 Not Found: /socket.io/
WARNING 2026-01-12 14:50:01,905 basehttp 33904 21776 "GET /socket.io/?EIO=4&transport=websocket HTTP/1.1" 404 2392
WARNING 2026-01-12 14:50:12,133 log 33904 9896 Not Found: /socket.io/
WARNING 2026-01-12 14:50:12,135 basehttp 33904 9896 "GET /socket.io/?EIO=4&transport=websocket HTTP/1.1" 404 2392
WARNING 2026-01-12 14:50:20,296 log 33904 6508 Not Found: /socket.io/
WARNING 2026-01-12 14:50:20,297 basehttp 33904 6508 "GET /socket.io/?EIO=4&transport=websocket HTTP/1.1" 404 2392
WARNING 2026-01-12 14:50:30,172 log 33904 30328 Not Found: /socket.io/
WARNING 2026-01-12 14:50:30,173 basehttp 33904 30328 "GET /socket.io/?EIO=4&transport=websocket HTTP/1.1" 404 2392
WARNING 2026-01-12 14:50:39,997 log 33904 36696 Not Found: /socket.io/
WARNING 2026-01-12 14:50:39,999 basehttp 33904 36696 "GET /socket.io/?EIO=4&transport=websocket HTTP/1.1" 404 2392
WARNING 2026-01-12 14:50:48,128 log 33904 38524 Not Found: /socket.io/
WARNING 2026-01-12 14:50:48,130 basehttp 33904 38524 "GET /socket.io/?EIO=4&transport=websocket HTTP/1.1" 404 2392
WARNING 2026-01-12 14:50:54,763 log 33904 20172 Not Found: /socket.io/
WARNING 2026-01-12 14:50:54,764 basehttp 33904 20172 "GET /socket.io/?EIO=4&transport=websocket HTTP/1.1" 404 2392
WARNING 2026-01-12 14:51:00,676 log 33904 28268 Not Found: /socket.io/
WARNING 2026-01-12 14:51:00,677 basehttp 33904 28268 "GET /socket.io/?EIO=4&transport=websocket HTTP/1.1" 404 2392
WARNING 2026-01-12 14:51:06,670 log 33904 32856 Not Found: /socket.io/
WARNING 2026-01-12 14:51:06,671 basehttp 33904 32856 "GET /socket.io/?EIO=4&transport=websocket HTTP/1.1" 404 2392
WARNING 2026-01-12 14:51:12,675 log 33904 11544 Not Found: /socket.io/
WARNING 2026-01-12 14:51:12,676 basehttp 33904 11544 "GET /socket.io/?EIO=4&transport=websocket HTTP/1.1" 404 2392
WARNING 2026-01-12 14:51:18,672 log 33904 33580 Not Found: /socket.io/
WARNING 2026-01-12 14:51:18,673 basehttp 33904 33580 "GET /socket.io/?EIO=4&transport=websocket HTTP/1.1" 404 2392
WARNING 2026-01-12 14:51:24,684 log 33904 14872 Not Found: /socket.io/
WARNING 2026-01-12 14:51:24,686 basehttp 33904 14872 "GET /socket.io/?EIO=4&transport=websocket HTTP/1.1" 404 2392
WARNING 2026-01-12 14:51:30,682 log 33904 34496 Not Found: /socket.io/
WARNING 2026-01-12 14:51:30,684 basehttp 33904 34496 "GET /socket.io/?EIO=4&transport=websocket HTTP/1.1" 404 2392
WARNING 2026-01-12 14:51:36,690 log 33904 19000 Not Found: /socket.io/
WARNING 2026-01-12 14:51:36,691 basehttp 33904 19000 "GET /socket.io/?EIO=4&transport=websocket HTTP/1.1" 404 2392
WARNING 2026-01-12 14:51:42,691 log 33904 32892 Not Found: /socket.io/
WARNING 2026-01-12 14:51:42,692 basehttp 33904 32892 "GET /socket.io/?EIO=4&transport=websocket HTTP/1.1" 404 2392
WARNING 2026-01-12 14:51:48,696 log 33904 31884 Not Found: /socket.io/
WARNING 2026-01-12 14:51:48,697 basehttp 33904 31884 "GET /socket.io/?EIO=4&transport=websocket HTTP/1.1" 404 2392
WARNING 2026-01-12 14:51:54,706 log 33904 29556 Not Found: /socket.io/
WARNING 2026-01-12 14:51:54,708 basehttp 33904 29556 "GET /socket.io/?EIO=4&transport=websocket HTTP/1.1" 404 2392
WARNING 2026-01-12 14:52:00,713 log 33904 37460 Not Found: /socket.io/
WARNING 2026-01-12 14:52:00,714 basehttp 33904 37460 "GET /socket.io/?EIO=4&transport=websocket HTTP/1.1" 404 2392
WARNING 2026-01-12 14:52:06,839 log 33904 17572 Not Found: /socket.io/
WARNING 2026-01-12 14:52:06,840 basehttp 33904 17572 "GET /socket.io/?EIO=4&transport=websocket HTTP/1.1" 404 2392
WARNING 2026-01-12 14:52:12,994 log 33904 35868 Not Found: /socket.io/
WARNING 2026-01-12 14:52:12,995 basehttp 33904 35868 "GET /socket.io/?EIO=4&transport=websocket HTTP/1.1" 404 2392
WARNING 2026-01-12 14:52:19,142 log 33904 32072 Not Found: /socket.io/
WARNING 2026-01-12 14:52:19,143 basehttp 33904 32072 "GET /socket.io/?EIO=4&transport=websocket HTTP/1.1" 404 2392
WARNING 2026-01-12 14:52:25,902 log 33904 27308 Not Found: /socket.io/
WARNING 2026-01-12 14:52:25,903 basehttp 33904 27308 "GET /socket.io/?EIO=4&transport=websocket HTTP/1.1" 404 2392
WARNING 2026-01-12 14:52:32,815 log 33904 35412 Not Found: /socket.io/
WARNING 2026-01-12 14:52:32,816 basehttp 33904 35412 "GET /socket.io/?EIO=4&transport=websocket HTTP/1.1" 404 2392
WARNING 2026-01-12 14:52:41,912 log 33904 32204 Not Found: /socket.io/
WARNING 2026-01-12 14:52:41,914 basehttp 33904 32204 "GET /socket.io/?EIO=4&transport=websocket HTTP/1.1" 404 2392
WARNING 2026-01-12 14:52:51,655 log 33904 38712 Not Found: /socket.io/
WARNING 2026-01-12 14:52:51,656 basehttp 33904 38712 "GET /socket.io/?EIO=4&transport=websocket HTTP/1.1" 404 2392
WARNING 2026-01-12 14:53:02,304 log 33904 29812 Not Found: /socket.io/
WARNING 2026-01-12 14:53:02,305 basehttp 33904 29812 "GET /socket.io/?EIO=4&transport=websocket HTTP/1.1" 404 2392
WARNING 2026-01-12 14:53:08,755 log 33904 23860 Not Found: /socket.io/
WARNING 2026-01-12 14:53:08,756 basehttp 33904 23860 "GET /socket.io/?EIO=4&transport=websocket HTTP/1.1" 404 2392
WARNING 2026-01-12 14:53:19,156 log 33904 9940 Not Found: /socket.io/
WARNING 2026-01-12 14:53:19,157 basehttp 33904 9940 "GET /socket.io/?EIO=4&transport=websocket HTTP/1.1" 404 2392
WARNING 2026-01-12 14:53:27,025 log 33904 32024 Not Found: /socket.io/
WARNING 2026-01-12 14:53:27,026 basehttp 33904 32024 "GET /socket.io/?EIO=4&transport=websocket HTTP/1.1" 404 2392
WARNING 2026-01-12 14:53:35,124 log 33904 32528 Not Found: /socket.io/
WARNING 2026-01-12 14:53:35,125 basehttp 33904 32528 "GET /socket.io/?EIO=4&transport=websocket HTTP/1.1" 404 2392
WARNING 2026-01-12 14:53:44,049 log 33904 35956 Not Found: /socket.io/
WARNING 2026-01-12 14:53:44,051 basehttp 33904 35956 "GET /socket.io/?EIO=4&transport=websocket HTTP/1.1" 404 2392
WARNING 2026-01-12 14:53:54,463 log 33904 20908 Not Found: /socket.io/
WARNING 2026-01-12 14:53:54,464 basehttp 33904 20908 "GET /socket.io/?EIO=4&transport=websocket HTTP/1.1" 404 2392
WARNING 2026-01-12 14:54:05,669 log 33904 23536 Not Found: /socket.io/
WARNING 2026-01-12 14:54:05,670 basehttp 33904 23536 "GET /socket.io/?EIO=4&transport=websocket HTTP/1.1" 404 2392
WARNING 2026-01-12 14:54:13,545 log 33904 24028 Not Found: /socket.io/
WARNING 2026-01-12 14:54:13,546 basehttp 33904 24028 "GET /socket.io/?EIO=4&transport=websocket HTTP/1.1" 404 2392
WARNING 2026-01-12 14:54:23,597 log 33904 36448 Not Found: /socket.io/
WARNING 2026-01-12 14:54:23,599 basehttp 33904 36448 "GET /socket.io/?EIO=4&transport=websocket HTTP/1.1" 404 2392
WARNING 2026-01-12 14:54:34,353 log 33904 31352 Not Found: /socket.io/
WARNING 2026-01-12 14:54:34,354 basehttp 33904 31352 "GET /socket.io/?EIO=4&transport=websocket HTTP/1.1" 404 2392
WARNING 2026-01-12 14:54:43,391 log 33904 12924 Not Found: /socket.io/
WARNING 2026-01-12 14:54:43,392 basehttp 33904 12924 "GET /socket.io/?EIO=4&transport=websocket HTTP/1.1" 404 2392
WARNING 2026-01-12 14:54:52,916 log 33904 10412 Not Found: /socket.io/
WARNING 2026-01-12 14:54:52,918 basehttp 33904 10412 "GET /socket.io/?EIO=4&transport=websocket HTTP/1.1" 404 2392
WARNING 2026-01-12 14:55:02,542 log 33904 36812 Not Found: /socket.io/
WARNING 2026-01-12 14:55:02,543 basehttp 33904 36812 "GET /socket.io/?EIO=4&transport=websocket HTTP/1.1" 404 2392
WARNING 2026-01-12 14:55:09,712 log 33904 29928 Not Found: /socket.io/
WARNING 2026-01-12 14:55:09,713 basehttp 33904 29928 "GET /socket.io/?EIO=4&transport=websocket HTTP/1.1" 404 2392
WARNING 2026-01-12 14:55:17,403 log 33904 33820 Not Found: /socket.io/
WARNING 2026-01-12 14:55:17,404 basehttp 33904 33820 "GET /socket.io/?EIO=4&transport=websocket HTTP/1.1" 404 2392
WARNING 2026-01-12 14:55:28,486 log 33904 33020 Not Found: /socket.io/
WARNING 2026-01-12 14:55:28,487 basehttp 33904 33020 "GET /socket.io/?EIO=4&transport=websocket HTTP/1.1" 404 2392
WARNING 2026-01-12 14:55:39,147 log 33904 36740 Not Found: /socket.io/
WARNING 2026-01-12 14:55:39,148 basehttp 33904 36740 "GET /socket.io/?EIO=4&transport=websocket HTTP/1.1" 404 2392
WARNING 2026-01-12 14:55:47,758 log 33904 29424 Not Found: /socket.io/
WARNING 2026-01-12 14:55:47,759 basehttp 33904 29424 "GET /socket.io/?EIO=4&transport=websocket HTTP/1.1" 404 2392
WARNING 2026-01-12 14:55:57,275 log 33904 18676 Not Found: /socket.io/
WARNING 2026-01-12 14:55:57,276 basehttp 33904 18676 "GET /socket.io/?EIO=4&transport=websocket HTTP/1.1" 404 2392
WARNING 2026-01-12 14:56:05,346 log 33904 13288 Not Found: /socket.io/
WARNING 2026-01-12 14:56:05,347 basehttp 33904 13288 "GET /socket.io/?EIO=4&transport=websocket HTTP/1.1" 404 2392
WARNING 2026-01-12 14:56:16,650 log 33904 36020 Not Found: /socket.io/
WARNING 2026-01-12 14:56:16,651 basehttp 33904 36020 "GET /socket.io/?EIO=4&transport=websocket HTTP/1.1" 404 2392
WARNING 2026-01-12 14:56:24,489 log 33904 37156 Not Found: /socket.io/
WARNING 2026-01-12 14:56:24,491 basehttp 33904 37156 "GET /socket.io/?EIO=4&transport=websocket HTTP/1.1" 404 2392
WARNING 2026-01-12 14:56:32,066 log 33904 8308 Not Found: /socket.io/
WARNING 2026-01-12 14:56:32,068 basehttp 33904 8308 "GET /socket.io/?EIO=4&transport=websocket HTTP/1.1" 404 2392
WARNING 2026-01-12 14:56:41,695 log 33904 34408 Not Found: /socket.io/
WARNING 2026-01-12 14:56:41,697 basehttp 33904 34408 "GET /socket.io/?EIO=4&transport=websocket HTTP/1.1" 404 2392
WARNING 2026-01-12 14:56:51,865 log 33904 27964 Not Found: /socket.io/
WARNING 2026-01-12 14:56:51,865 basehttp 33904 27964 "GET /socket.io/?EIO=4&transport=websocket HTTP/1.1" 404 2392
WARNING 2026-01-12 14:57:01,179 log 33904 10428 Not Found: /socket.io/
WARNING 2026-01-12 14:57:01,181 basehttp 33904 10428 "GET /socket.io/?EIO=4&transport=websocket HTTP/1.1" 404 2392
WARNING 2026-01-12 14:57:07,697 log 33904 29900 Not Found: /socket.io/
WARNING 2026-01-12 14:57:07,698 basehttp 33904 29900 "GET /socket.io/?EIO=4&transport=websocket HTTP/1.1" 404 2392
WARNING 2026-01-12 14:57:14,747 log 33904 35328 Not Found: /socket.io/
WARNING 2026-01-12 14:57:14,749 basehttp 33904 35328 "GET /socket.io/?EIO=4&transport=websocket HTTP/1.1" 404 2392
WARNING 2026-01-12 14:57:22,122 log 33904 37444 Not Found: /socket.io/
WARNING 2026-01-12 14:57:22,123 basehttp 33904 37444 "GET /socket.io/?EIO=4&transport=websocket HTTP/1.1" 404 2392
WARNING 2026-01-12 14:57:31,183 log 33904 36148 Not Found: /socket.io/
WARNING 2026-01-12 14:57:31,184 basehttp 33904 36148 "GET /socket.io/?EIO=4&transport=websocket HTTP/1.1" 404 2392
WARNING 2026-01-12 14:57:38,160 log 33904 12708 Not Found: /socket.io/
WARNING 2026-01-12 14:57:38,162 basehttp 33904 12708 "GET /socket.io/?EIO=4&transport=websocket HTTP/1.1" 404 2392
WARNING 2026-01-12 14:57:45,461 log 33904 14180 Not Found: /socket.io/
WARNING 2026-01-12 14:57:45,462 basehttp 33904 14180 "GET /socket.io/?EIO=4&transport=websocket HTTP/1.1" 404 2392
WARNING 2026-01-12 14:57:52,812 log 33904 9820 Not Found: /socket.io/
WARNING 2026-01-12 14:57:52,813 basehttp 33904 9820 "GET /socket.io/?EIO=4&transport=websocket HTTP/1.1" 404 2392
WARNING 2026-01-12 14:58:00,883 log 33904 37904 Not Found: /socket.io/
WARNING 2026-01-12 14:58:00,884 basehttp 33904 37904 "GET /socket.io/?EIO=4&transport=websocket HTTP/1.1" 404 2392
WARNING 2026-01-12 14:58:08,569 log 33904 31196 Not Found: /socket.io/
WARNING 2026-01-12 14:58:08,570 basehttp 33904 31196 "GET /socket.io/?EIO=4&transport=websocket HTTP/1.1" 404 2392
WARNING 2026-01-12 14:58:16,763 log 33904 36556 Not Found: /socket.io/
WARNING 2026-01-12 14:58:16,765 basehttp 33904 36556 "GET /socket.io/?EIO=4&transport=websocket HTTP/1.1" 404 2392
WARNING 2026-01-12 14:58:25,980 log 33904 23580 Not Found: /socket.io/
WARNING 2026-01-12 14:58:25,982 basehttp 33904 23580 "GET /socket.io/?EIO=4&transport=websocket HTTP/1.1" 404 2392
WARNING 2026-01-12 14:58:33,965 log 33904 19240 Not Found: /socket.io/
WARNING 2026-01-12 14:58:33,967 basehttp 33904 19240 "GET /socket.io/?EIO=4&transport=websocket HTTP/1.1" 404 2392
WARNING 2026-01-12 14:58:44,206 log 33904 1884 Not Found: /socket.io/
WARNING 2026-01-12 14:58:44,208 basehttp 33904 1884 "GET /socket.io/?EIO=4&transport=websocket HTTP/1.1" 404 2392
WARNING 2026-01-12 14:58:52,951 log 33904 35172 Not Found: /socket.io/
WARNING 2026-01-12 14:58:52,952 basehttp 33904 35172 "GET /socket.io/?EIO=4&transport=websocket HTTP/1.1" 404 2392
WARNING 2026-01-12 14:59:01,282 log 33904 3444 Not Found: /socket.io/
WARNING 2026-01-12 14:59:01,283 basehttp 33904 3444 "GET /socket.io/?EIO=4&transport=websocket HTTP/1.1" 404 2392
WARNING 2026-01-12 14:59:11,005 log 33904 32144 Not Found: /socket.io/
WARNING 2026-01-12 14:59:11,007 basehttp 33904 32144 "GET /socket.io/?EIO=4&transport=websocket HTTP/1.1" 404 2392
WARNING 2026-01-12 14:59:19,800 log 33904 24888 Not Found: /socket.io/
WARNING 2026-01-12 14:59:19,802 basehttp 33904 24888 "GET /socket.io/?EIO=4&transport=websocket HTTP/1.1" 404 2392
WARNING 2026-01-12 14:59:27,185 log 33904 34552 Not Found: /socket.io/
WARNING 2026-01-12 14:59:27,187 basehttp 33904 34552 "GET /socket.io/?EIO=4&transport=websocket HTTP/1.1" 404 2392
WARNING 2026-01-12 14:59:36,161 log 33904 34696 Not Found: /socket.io/
WARNING 2026-01-12 14:59:36,162 basehttp 33904 34696 "GET /socket.io/?EIO=4&transport=websocket HTTP/1.1" 404 2392
WARNING 2026-01-12 14:59:44,943 log 33904 23824 Not Found: /socket.io/
WARNING 2026-01-12 14:59:44,944 basehttp 33904 23824 "GET /socket.io/?EIO=4&transport=websocket HTTP/1.1" 404 2392
WARNING 2026-01-12 14:59:55,284 log 33904 23752 Not Found: /socket.io/
WARNING 2026-01-12 14:59:55,286 basehttp 33904 23752 "GET /socket.io/?EIO=4&transport=websocket HTTP/1.1" 404 2392
WARNING 2026-01-12 15:00:03,540 log 33904 36152 Not Found: /socket.io/
WARNING 2026-01-12 15:00:03,542 basehttp 33904 36152 "GET /socket.io/?EIO=4&transport=websocket HTTP/1.1" 404 2392
WARNING 2026-01-12 15:00:13,547 log 33904 20224 Not Found: /socket.io/
WARNING 2026-01-12 15:00:13,548 basehttp 33904 20224 "GET /socket.io/?EIO=4&transport=websocket HTTP/1.1" 404 2392
WARNING 2026-01-12 15:00:23,264 log 33904 19932 Not Found: /socket.io/
WARNING 2026-01-12 15:00:23,266 basehttp 33904 19932 "GET /socket.io/?EIO=4&transport=websocket HTTP/1.1" 404 2392
WARNING 2026-01-12 15:00:30,678 log 33904 13092 Not Found: /socket.io/
WARNING 2026-01-12 15:00:30,678 basehttp 33904 13092 "GET /socket.io/?EIO=4&transport=websocket HTTP/1.1" 404 2392
WARNING 2026-01-12 15:00:37,917 log 33904 30528 Not Found: /socket.io/
WARNING 2026-01-12 15:00:37,919 basehttp 33904 30528 "GET /socket.io/?EIO=4&transport=websocket HTTP/1.1" 404 2392
WARNING 2026-01-12 15:00:44,983 log 33904 26064 Not Found: /socket.io/
WARNING 2026-01-12 15:00:44,984 basehttp 33904 26064 "GET /socket.io/?EIO=4&transport=websocket HTTP/1.1" 404 2392
WARNING 2026-01-12 15:00:54,844 log 33904 29520 Not Found: /socket.io/
WARNING 2026-01-12 15:00:54,845 basehttp 33904 29520 "GET /socket.io/?EIO=4&transport=websocket HTTP/1.1" 404 2392
WARNING 2026-01-12 15:01:02,867 log 33904 10128 Not Found: /socket.io/
WARNING 2026-01-12 15:01:02,868 basehttp 33904 10128 "GET /socket.io/?EIO=4&transport=websocket HTTP/1.1" 404 2392
WARNING 2026-01-12 15:01:10,827 log 33904 12156 Not Found: /socket.io/
WARNING 2026-01-12 15:01:10,828 basehttp 33904 12156 "GET /socket.io/?EIO=4&transport=websocket HTTP/1.1" 404 2392
WARNING 2026-01-12 15:01:20,499 log 33904 5016 Not Found: /socket.io/
WARNING 2026-01-12 15:01:20,500 basehttp 33904 5016 "GET /socket.io/?EIO=4&transport=websocket HTTP/1.1" 404 2392
WARNING 2026-01-12 15:01:31,482 log 33904 30072 Not Found: /socket.io/
WARNING 2026-01-12 15:01:31,484 basehttp 33904 30072 "GET /socket.io/?EIO=4&transport=websocket HTTP/1.1" 404 2392
WARNING 2026-01-12 15:01:41,619 log 33904 27984 Not Found: /socket.io/
WARNING 2026-01-12 15:01:41,620 basehttp 33904 27984 "GET /socket.io/?EIO=4&transport=websocket HTTP/1.1" 404 2392
WARNING 2026-01-12 15:01:51,413 log 33904 36284 Not Found: /socket.io/
WARNING 2026-01-12 15:01:51,414 basehttp 33904 36284 "GET /socket.io/?EIO=4&transport=websocket HTTP/1.1" 404 2392
WARNING 2026-01-12 15:02:00,436 log 33904 26336 Not Found: /socket.io/
WARNING 2026-01-12 15:02:00,438 basehttp 33904 26336 "GET /socket.io/?EIO=4&transport=websocket HTTP/1.1" 404 2392
WARNING 2026-01-12 15:02:11,214 log 33904 27416 Not Found: /socket.io/
WARNING 2026-01-12 15:02:11,216 basehttp 33904 27416 "GET /socket.io/?EIO=4&transport=websocket HTTP/1.1" 404 2392
WARNING 2026-01-12 15:02:19,750 log 33904 12052 Not Found: /socket.io/
WARNING 2026-01-12 15:02:19,751 basehttp 33904 12052 "GET /socket.io/?EIO=4&transport=websocket HTTP/1.1" 404 2392
WARNING 2026-01-12 15:02:28,371 log 33904 29272 Not Found: /socket.io/
WARNING 2026-01-12 15:02:28,372 basehttp 33904 29272 "GET /socket.io/?EIO=4&transport=websocket HTTP/1.1" 404 2392
WARNING 2026-01-12 15:02:39,594 log 33904 35876 Not Found: /socket.io/
WARNING 2026-01-12 15:02:39,595 basehttp 33904 35876 "GET /socket.io/?EIO=4&transport=websocket HTTP/1.1" 404 2392
WARNING 2026-01-12 15:02:46,944 log 33904 33400 Not Found: /socket.io/
WARNING 2026-01-12 15:02:46,945 basehttp 33904 33400 "GET /socket.io/?EIO=4&transport=websocket HTTP/1.1" 404 2392
WARNING 2026-01-12 15:02:57,126 log 33904 4816 Not Found: /socket.io/
WARNING 2026-01-12 15:02:57,128 basehttp 33904 4816 "GET /socket.io/?EIO=4&transport=websocket HTTP/1.1" 404 2392
WARNING 2026-01-12 15:03:02,670 log 33904 37000 Not Found: /socket.io/
WARNING 2026-01-12 15:03:02,672 basehttp 33904 37000 "GET /socket.io/?EIO=4&transport=websocket HTTP/1.1" 404 2392
WARNING 2026-01-12 15:03:08,676 log 33904 21900 Not Found: /socket.io/
WARNING 2026-01-12 15:03:08,679 basehttp 33904 21900 "GET /socket.io/?EIO=4&transport=websocket HTTP/1.1" 404 2392
WARNING 2026-01-12 15:03:14,686 log 33904 37060 Not Found: /socket.io/
WARNING 2026-01-12 15:03:14,688 basehttp 33904 37060 "GET /socket.io/?EIO=4&transport=websocket HTTP/1.1" 404 2392
WARNING 2026-01-12 15:03:20,679 log 33904 22356 Not Found: /socket.io/
WARNING 2026-01-12 15:03:20,680 basehttp 33904 22356 "GET /socket.io/?EIO=4&transport=websocket HTTP/1.1" 404 2392
WARNING 2026-01-12 15:03:26,674 log 33904 20640 Not Found: /socket.io/
WARNING 2026-01-12 15:03:26,676 basehttp 33904 20640 "GET /socket.io/?EIO=4&transport=websocket HTTP/1.1" 404 2392
WARNING 2026-01-12 15:03:32,680 log 33904 37288 Not Found: /socket.io/
WARNING 2026-01-12 15:03:32,681 basehttp 33904 37288 "GET /socket.io/?EIO=4&transport=websocket HTTP/1.1" 404 2392
WARNING 2026-01-12 15:03:38,691 log 33904 24084 Not Found: /socket.io/
WARNING 2026-01-12 15:03:38,693 basehttp 33904 24084 "GET /socket.io/?EIO=4&transport=websocket HTTP/1.1" 404 2392
WARNING 2026-01-12 15:03:44,687 log 33904 34972 Not Found: /socket.io/
WARNING 2026-01-12 15:03:44,689 basehttp 33904 34972 "GET /socket.io/?EIO=4&transport=websocket HTTP/1.1" 404 2392
WARNING 2026-01-12 15:03:50,688 log 33904 19492 Not Found: /socket.io/
WARNING 2026-01-12 15:03:50,689 basehttp 33904 19492 "GET /socket.io/?EIO=4&transport=websocket HTTP/1.1" 404 2392
WARNING 2026-01-12 15:03:56,719 log 33904 28960 Not Found: /socket.io/
WARNING 2026-01-12 15:03:56,721 basehttp 33904 28960 "GET /socket.io/?EIO=4&transport=websocket HTTP/1.1" 404 2392
WARNING 2026-01-12 15:04:02,756 log 33904 21004 Not Found: /socket.io/
WARNING 2026-01-12 15:04:02,757 basehttp 33904 21004 "GET /socket.io/?EIO=4&transport=websocket HTTP/1.1" 404 2392
WARNING 2026-01-12 15:04:08,783 log 33904 29336 Not Found: /socket.io/
WARNING 2026-01-12 15:04:08,784 basehttp 33904 29336 "GET /socket.io/?EIO=4&transport=websocket HTTP/1.1" 404 2392
WARNING 2026-01-12 15:04:14,813 log 33904 36248 Not Found: /socket.io/
WARNING 2026-01-12 15:04:14,815 basehttp 33904 36248 "GET /socket.io/?EIO=4&transport=websocket HTTP/1.1" 404 2392
WARNING 2026-01-12 15:04:20,925 log 33904 11212 Not Found: /socket.io/
WARNING 2026-01-12 15:04:20,927 basehttp 33904 11212 "GET /socket.io/?EIO=4&transport=websocket HTTP/1.1" 404 2392
WARNING 2026-01-12 15:04:27,483 log 33904 37436 Not Found: /socket.io/
WARNING 2026-01-12 15:04:27,484 basehttp 33904 37436 "GET /socket.io/?EIO=4&transport=websocket HTTP/1.1" 404 2392
WARNING 2026-01-12 15:04:34,269 log 33904 21056 Not Found: /socket.io/
WARNING 2026-01-12 15:04:34,271 basehttp 33904 21056 "GET /socket.io/?EIO=4&transport=websocket HTTP/1.1" 404 2392
WARNING 2026-01-12 15:04:43,407 log 33904 1296 Not Found: /socket.io/
WARNING 2026-01-12 15:04:43,409 basehttp 33904 1296 "GET /socket.io/?EIO=4&transport=websocket HTTP/1.1" 404 2392
WARNING 2026-01-12 15:04:52,184 log 33904 24844 Not Found: /socket.io/
WARNING 2026-01-12 15:04:52,185 basehttp 33904 24844 "GET /socket.io/?EIO=4&transport=websocket HTTP/1.1" 404 2392
WARNING 2026-01-12 15:05:01,838 log 33904 34888 Not Found: /socket.io/
WARNING 2026-01-12 15:05:01,839 basehttp 33904 34888 "GET /socket.io/?EIO=4&transport=websocket HTTP/1.1" 404 2392
WARNING 2026-01-12 15:05:07,679 log 33904 24760 Not Found: /socket.io/
WARNING 2026-01-12 15:05:07,680 basehttp 33904 24760 "GET /socket.io/?EIO=4&transport=websocket HTTP/1.1" 404 2392
WARNING 2026-01-12 15:05:13,686 log 33904 37416 Not Found: /socket.io/
WARNING 2026-01-12 15:05:13,687 basehttp 33904 37416 "GET /socket.io/?EIO=4&transport=websocket HTTP/1.1" 404 2392
WARNING 2026-01-12 15:05:19,666 log 33904 17912 Not Found: /socket.io/
WARNING 2026-01-12 15:05:19,667 basehttp 33904 17912 "GET /socket.io/?EIO=4&transport=websocket HTTP/1.1" 404 2392
WARNING 2026-01-12 15:05:25,671 log 33904 18524 Not Found: /socket.io/
WARNING 2026-01-12 15:05:25,672 basehttp 33904 18524 "GET /socket.io/?EIO=4&transport=websocket HTTP/1.1" 404 2392
WARNING 2026-01-12 15:05:31,710 log 33904 27116 Not Found: /socket.io/
WARNING 2026-01-12 15:05:31,712 basehttp 33904 27116 "GET /socket.io/?EIO=4&transport=websocket HTTP/1.1" 404 2392
WARNING 2026-01-12 15:05:37,696 log 33904 18492 Not Found: /socket.io/
WARNING 2026-01-12 15:05:37,698 basehttp 33904 18492 "GET /socket.io/?EIO=4&transport=websocket HTTP/1.1" 404 2392
WARNING 2026-01-12 15:05:43,694 log 33904 19928 Not Found: /socket.io/
WARNING 2026-01-12 15:05:43,695 basehttp 33904 19928 "GET /socket.io/?EIO=4&transport=websocket HTTP/1.1" 404 2392
WARNING 2026-01-12 15:05:49,681 log 33904 35552 Not Found: /socket.io/
WARNING 2026-01-12 15:05:49,682 basehttp 33904 35552 "GET /socket.io/?EIO=4&transport=websocket HTTP/1.1" 404 2392
WARNING 2026-01-12 15:05:55,701 log 33904 30512 Not Found: /socket.io/
WARNING 2026-01-12 15:05:55,703 basehttp 33904 30512 "GET /socket.io/?EIO=4&transport=websocket HTTP/1.1" 404 2392
WARNING 2026-01-12 15:06:01,726 log 33904 30024 Not Found: /socket.io/
WARNING 2026-01-12 15:06:01,728 basehttp 33904 30024 "GET /socket.io/?EIO=4&transport=websocket HTTP/1.1" 404 2392
WARNING 2026-01-12 15:06:07,727 log 33904 29856 Not Found: /socket.io/
WARNING 2026-01-12 15:06:07,728 basehttp 33904 29856 "GET /socket.io/?EIO=4&transport=websocket HTTP/1.1" 404 2392
WARNING 2026-01-12 15:06:13,799 log 33904 14824 Not Found: /socket.io/
WARNING 2026-01-12 15:06:13,800 basehttp 33904 14824 "GET /socket.io/?EIO=4&transport=websocket HTTP/1.1" 404 2392
WARNING 2026-01-12 15:06:19,805 log 33904 37840 Not Found: /socket.io/
WARNING 2026-01-12 15:06:19,806 basehttp 33904 37840 "GET /socket.io/?EIO=4&transport=websocket HTTP/1.1" 404 2392
WARNING 2026-01-12 15:06:26,289 log 33904 18428 Not Found: /socket.io/
WARNING 2026-01-12 15:06:26,291 basehttp 33904 18428 "GET /socket.io/?EIO=4&transport=websocket HTTP/1.1" 404 2392
WARNING 2026-01-12 15:06:32,589 log 33904 37808 Not Found: /socket.io/
WARNING 2026-01-12 15:06:32,590 basehttp 33904 37808 "GET /socket.io/?EIO=4&transport=websocket HTTP/1.1" 404 2392
WARNING 2026-01-12 15:06:40,444 log 33904 26400 Not Found: /socket.io/
WARNING 2026-01-12 15:06:40,446 basehttp 33904 26400 "GET /socket.io/?EIO=4&transport=websocket HTTP/1.1" 404 2392
WARNING 2026-01-12 15:06:51,637 log 33904 35300 Not Found: /socket.io/
WARNING 2026-01-12 15:06:51,639 basehttp 33904 35300 "GET /socket.io/?EIO=4&transport=websocket HTTP/1.1" 404 2392
WARNING 2026-01-12 15:06:58,844 log 33904 21368 Not Found: /socket.io/
WARNING 2026-01-12 15:06:58,846 basehttp 33904 21368 "GET /socket.io/?EIO=4&transport=websocket HTTP/1.1" 404 2392
WARNING 2026-01-12 15:07:07,962 log 33904 30540 Not Found: /socket.io/
WARNING 2026-01-12 15:07:07,964 basehttp 33904 30540 "GET /socket.io/?EIO=4&transport=websocket HTTP/1.1" 404 2392
WARNING 2026-01-12 15:07:15,829 log 33904 34504 Not Found: /socket.io/
WARNING 2026-01-12 15:07:15,830 basehttp 33904 34504 "GET /socket.io/?EIO=4&transport=websocket HTTP/1.1" 404 2392
WARNING 2026-01-12 15:07:23,371 log 33904 29616 Not Found: /socket.io/
WARNING 2026-01-12 15:07:23,373 basehttp 33904 29616 "GET /socket.io/?EIO=4&transport=websocket HTTP/1.1" 404 2392
WARNING 2026-01-12 15:07:31,676 log 33904 8748 Not Found: /socket.io/
WARNING 2026-01-12 15:07:31,677 basehttp 33904 8748 "GET /socket.io/?EIO=4&transport=websocket HTTP/1.1" 404 2392
WARNING 2026-01-12 15:07:39,302 log 33904 21832 Not Found: /socket.io/
WARNING 2026-01-12 15:07:39,303 basehttp 33904 21832 "GET /socket.io/?EIO=4&transport=websocket HTTP/1.1" 404 2392
WARNING 2026-01-12 15:07:49,506 log 33904 32184 Not Found: /socket.io/
WARNING 2026-01-12 15:07:49,508 basehttp 33904 32184 "GET /socket.io/?EIO=4&transport=websocket HTTP/1.1" 404 2392
WARNING 2026-01-12 15:07:58,611 log 33904 26560 Not Found: /socket.io/
WARNING 2026-01-12 15:07:58,612 basehttp 33904 26560 "GET /socket.io/?EIO=4&transport=websocket HTTP/1.1" 404 2392
WARNING 2026-01-12 15:08:07,001 log 33904 22828 Not Found: /socket.io/
WARNING 2026-01-12 15:08:07,002 basehttp 33904 22828 "GET /socket.io/?EIO=4&transport=websocket HTTP/1.1" 404 2392
WARNING 2026-01-12 15:08:15,863 log 33904 22216 Not Found: /socket.io/
WARNING 2026-01-12 15:08:15,864 basehttp 33904 22216 "GET /socket.io/?EIO=4&transport=websocket HTTP/1.1" 404 2392
WARNING 2026-01-12 15:08:24,696 log 33904 36912 Not Found: /socket.io/
WARNING 2026-01-12 15:08:24,697 basehttp 33904 36912 "GET /socket.io/?EIO=4&transport=websocket HTTP/1.1" 404 2392
WARNING 2026-01-12 15:08:32,846 log 33904 9820 Not Found: /socket.io/
WARNING 2026-01-12 15:08:32,847 basehttp 33904 9820 "GET /socket.io/?EIO=4&transport=websocket HTTP/1.1" 404 2392
WARNING 2026-01-12 15:08:43,693 log 33904 7464 Not Found: /socket.io/
WARNING 2026-01-12 15:08:43,694 basehttp 33904 7464 "GET /socket.io/?EIO=4&transport=websocket HTTP/1.1" 404 2392
WARNING 2026-01-12 15:08:52,756 log 33904 10364 Not Found: /socket.io/
WARNING 2026-01-12 15:08:52,757 basehttp 33904 10364 "GET /socket.io/?EIO=4&transport=websocket HTTP/1.1" 404 2392
WARNING 2026-01-12 15:09:01,847 log 33904 20084 Not Found: /socket.io/
WARNING 2026-01-12 15:09:01,849 basehttp 33904 20084 "GET /socket.io/?EIO=4&transport=websocket HTTP/1.1" 404 2392
WARNING 2026-01-12 15:09:11,326 log 33904 22636 Not Found: /socket.io/
WARNING 2026-01-12 15:09:11,327 basehttp 33904 22636 "GET /socket.io/?EIO=4&transport=websocket HTTP/1.1" 404 2392
WARNING 2026-01-12 15:09:18,676 log 33904 32572 Not Found: /socket.io/
WARNING 2026-01-12 15:09:18,677 basehttp 33904 32572 "GET /socket.io/?EIO=4&transport=websocket HTTP/1.1" 404 2392
WARNING 2026-01-12 15:09:28,994 log 33904 2492 Not Found: /socket.io/
WARNING 2026-01-12 15:09:28,995 basehttp 33904 2492 "GET /socket.io/?EIO=4&transport=websocket HTTP/1.1" 404 2392
WARNING 2026-01-12 15:09:39,657 log 33904 37104 Not Found: /socket.io/
WARNING 2026-01-12 15:09:39,658 basehttp 33904 37104 "GET /socket.io/?EIO=4&transport=websocket HTTP/1.1" 404 2392
WARNING 2026-01-12 15:09:50,232 log 33904 33532 Not Found: /socket.io/
WARNING 2026-01-12 15:09:50,234 basehttp 33904 33532 "GET /socket.io/?EIO=4&transport=websocket HTTP/1.1" 404 2392
WARNING 2026-01-12 15:10:00,520 log 33904 36400 Not Found: /socket.io/
WARNING 2026-01-12 15:10:00,522 basehttp 33904 36400 "GET /socket.io/?EIO=4&transport=websocket HTTP/1.1" 404 2392
WARNING 2026-01-12 15:10:11,380 log 33904 10180 Not Found: /socket.io/
WARNING 2026-01-12 15:10:11,381 basehttp 33904 10180 "GET /socket.io/?EIO=4&transport=websocket HTTP/1.1" 404 2392
WARNING 2026-01-12 15:10:19,951 log 33904 22760 Not Found: /socket.io/
WARNING 2026-01-12 15:10:19,952 basehttp 33904 22760 "GET /socket.io/?EIO=4&transport=websocket HTTP/1.1" 404 2392
WARNING 2026-01-12 15:10:29,138 log 33904 5400 Not Found: /socket.io/
WARNING 2026-01-12 15:10:29,140 basehttp 33904 5400 "GET /socket.io/?EIO=4&transport=websocket HTTP/1.1" 404 2392
WARNING 2026-01-12 15:10:38,238 log 33904 22104 Not Found: /socket.io/
WARNING 2026-01-12 15:10:38,238 basehttp 33904 22104 "GET /socket.io/?EIO=4&transport=websocket HTTP/1.1" 404 2392
WARNING 2026-01-12 15:10:46,600 log 33904 21332 Not Found: /socket.io/
WARNING 2026-01-12 15:10:46,601 basehttp 33904 21332 "GET /socket.io/?EIO=4&transport=websocket HTTP/1.1" 404 2392
WARNING 2026-01-12 15:10:57,492 log 33904 36620 Not Found: /socket.io/
WARNING 2026-01-12 15:10:57,494 basehttp 33904 36620 "GET /socket.io/?EIO=4&transport=websocket HTTP/1.1" 404 2392
WARNING 2026-01-12 15:11:05,381 log 33904 21976 Not Found: /socket.io/
WARNING 2026-01-12 15:11:05,382 basehttp 33904 21976 "GET /socket.io/?EIO=4&transport=websocket HTTP/1.1" 404 2392
WARNING 2026-01-12 15:11:11,713 log 33904 10708 Not Found: /socket.io/
WARNING 2026-01-12 15:11:11,718 basehttp 33904 10708 "GET /socket.io/?EIO=4&transport=websocket HTTP/1.1" 404 2392
WARNING 2026-01-12 15:11:17,679 log 33904 7924 Not Found: /socket.io/
WARNING 2026-01-12 15:11:17,681 basehttp 33904 7924 "GET /socket.io/?EIO=4&transport=websocket HTTP/1.1" 404 2392
WARNING 2026-01-12 15:11:23,686 log 33904 11840 Not Found: /socket.io/
WARNING 2026-01-12 15:11:23,688 basehttp 33904 11840 "GET /socket.io/?EIO=4&transport=websocket HTTP/1.1" 404 2392
WARNING 2026-01-12 15:11:29,671 log 33904 25128 Not Found: /socket.io/
WARNING 2026-01-12 15:11:29,673 basehttp 33904 25128 "GET /socket.io/?EIO=4&transport=websocket HTTP/1.1" 404 2392
WARNING 2026-01-12 15:11:35,678 log 33904 22576 Not Found: /socket.io/
WARNING 2026-01-12 15:11:35,679 basehttp 33904 22576 "GET /socket.io/?EIO=4&transport=websocket HTTP/1.1" 404 2392
WARNING 2026-01-12 15:11:41,682 log 33904 14848 Not Found: /socket.io/
WARNING 2026-01-12 15:11:41,683 basehttp 33904 14848 "GET /socket.io/?EIO=4&transport=websocket HTTP/1.1" 404 2392
WARNING 2026-01-12 15:11:47,683 log 33904 22604 Not Found: /socket.io/
WARNING 2026-01-12 15:11:47,684 basehttp 33904 22604 "GET /socket.io/?EIO=4&transport=websocket HTTP/1.1" 404 2392
WARNING 2026-01-12 15:11:53,699 log 33904 31204 Not Found: /socket.io/
WARNING 2026-01-12 15:11:53,700 basehttp 33904 31204 "GET /socket.io/?EIO=4&transport=websocket HTTP/1.1" 404 2392
WARNING 2026-01-12 15:11:59,690 log 33904 14816 Not Found: /socket.io/
WARNING 2026-01-12 15:11:59,692 basehttp 33904 14816 "GET /socket.io/?EIO=4&transport=websocket HTTP/1.1" 404 2392
WARNING 2026-01-12 15:12:05,719 log 33904 27984 Not Found: /socket.io/
WARNING 2026-01-12 15:12:05,721 basehttp 33904 27984 "GET /socket.io/?EIO=4&transport=websocket HTTP/1.1" 404 2392
WARNING 2026-01-12 15:12:11,713 log 33904 29656 Not Found: /socket.io/
WARNING 2026-01-12 15:12:11,714 basehttp 33904 29656 "GET /socket.io/?EIO=4&transport=websocket HTTP/1.1" 404 2392
WARNING 2026-01-12 15:12:17,734 log 33904 38076 Not Found: /socket.io/
WARNING 2026-01-12 15:12:17,736 basehttp 33904 38076 "GET /socket.io/?EIO=4&transport=websocket HTTP/1.1" 404 2392
WARNING 2026-01-12 15:12:23,842 log 33904 36060 Not Found: /socket.io/
WARNING 2026-01-12 15:12:23,844 basehttp 33904 36060 "GET /socket.io/?EIO=4&transport=websocket HTTP/1.1" 404 2392
WARNING 2026-01-12 15:12:29,982 log 33904 1364 Not Found: /socket.io/
WARNING 2026-01-12 15:12:29,983 basehttp 33904 1364 "GET /socket.io/?EIO=4&transport=websocket HTTP/1.1" 404 2392
WARNING 2026-01-12 15:12:36,636 log 33904 37088 Not Found: /socket.io/
WARNING 2026-01-12 15:12:36,637 basehttp 33904 37088 "GET /socket.io/?EIO=4&transport=websocket HTTP/1.1" 404 2392
WARNING 2026-01-12 15:12:44,022 log 33904 10572 Not Found: /socket.io/
WARNING 2026-01-12 15:12:44,023 basehttp 33904 10572 "GET /socket.io/?EIO=4&transport=websocket HTTP/1.1" 404 2392
WARNING 2026-01-12 15:12:52,970 log 33904 37544 Not Found: /socket.io/
WARNING 2026-01-12 15:12:52,971 basehttp 33904 37544 "GET /socket.io/?EIO=4&transport=websocket HTTP/1.1" 404 2392
WARNING 2026-01-12 15:13:00,893 log 33904 37288 Not Found: /socket.io/
WARNING 2026-01-12 15:13:00,894 basehttp 33904 37288 "GET /socket.io/?EIO=4&transport=websocket HTTP/1.1" 404 2392
WARNING 2026-01-12 15:13:07,962 log 33904 19492 Not Found: /socket.io/
WARNING 2026-01-12 15:13:07,964 basehttp 33904 19492 "GET /socket.io/?EIO=4&transport=websocket HTTP/1.1" 404 2392
WARNING 2026-01-12 15:13:13,674 log 33904 35600 Not Found: /socket.io/
WARNING 2026-01-12 15:13:13,675 basehttp 33904 35600 "GET /socket.io/?EIO=4&transport=websocket HTTP/1.1" 404 2392
WARNING 2026-01-12 15:13:19,686 log 33904 27020 Not Found: /socket.io/
WARNING 2026-01-12 15:13:19,688 basehttp 33904 27020 "GET /socket.io/?EIO=4&transport=websocket HTTP/1.1" 404 2392
WARNING 2026-01-12 15:13:25,678 log 33904 14868 Not Found: /socket.io/
WARNING 2026-01-12 15:13:25,680 basehttp 33904 14868 "GET /socket.io/?EIO=4&transport=websocket HTTP/1.1" 404 2392
WARNING 2026-01-12 15:13:31,682 log 33904 7156 Not Found: /socket.io/
WARNING 2026-01-12 15:13:31,684 basehttp 33904 7156 "GET /socket.io/?EIO=4&transport=websocket HTTP/1.1" 404 2392
WARNING 2026-01-12 15:13:37,698 log 33904 31676 Not Found: /socket.io/
WARNING 2026-01-12 15:13:37,700 basehttp 33904 31676 "GET /socket.io/?EIO=4&transport=websocket HTTP/1.1" 404 2392
WARNING 2026-01-12 15:13:43,698 log 33904 10312 Not Found: /socket.io/
WARNING 2026-01-12 15:13:43,700 basehttp 33904 10312 "GET /socket.io/?EIO=4&transport=websocket HTTP/1.1" 404 2392
WARNING 2026-01-12 15:13:49,703 log 33904 12380 Not Found: /socket.io/
WARNING 2026-01-12 15:13:49,705 basehttp 33904 12380 "GET /socket.io/?EIO=4&transport=websocket HTTP/1.1" 404 2392
WARNING 2026-01-12 15:13:55,683 log 33904 34932 Not Found: /socket.io/
WARNING 2026-01-12 15:13:55,684 basehttp 33904 34932 "GET /socket.io/?EIO=4&transport=websocket HTTP/1.1" 404 2392
WARNING 2026-01-12 15:14:01,696 log 33904 19860 Not Found: /socket.io/
WARNING 2026-01-12 15:14:01,699 basehttp 33904 19860 "GET /socket.io/?EIO=4&transport=websocket HTTP/1.1" 404 2392
WARNING 2026-01-12 15:14:07,722 log 33904 37436 Not Found: /socket.io/
WARNING 2026-01-12 15:14:07,723 basehttp 33904 37436 "GET /socket.io/?EIO=4&transport=websocket HTTP/1.1" 404 2392
WARNING 2026-01-12 15:14:13,708 log 33904 30040 Not Found: /socket.io/
WARNING 2026-01-12 15:14:13,709 basehttp 33904 30040 "GET /socket.io/?EIO=4&transport=websocket HTTP/1.1" 404 2392
WARNING 2026-01-12 15:14:19,792 log 33904 20856 Not Found: /socket.io/
WARNING 2026-01-12 15:14:19,793 basehttp 33904 20856 "GET /socket.io/?EIO=4&transport=websocket HTTP/1.1" 404 2392
WARNING 2026-01-12 15:14:25,750 log 33904 38776 Not Found: /socket.io/
WARNING 2026-01-12 15:14:25,751 basehttp 33904 38776 "GET /socket.io/?EIO=4&transport=websocket HTTP/1.1" 404 2392
WARNING 2026-01-12 15:14:31,896 log 33904 8812 Not Found: /socket.io/
WARNING 2026-01-12 15:14:31,898 basehttp 33904 8812 "GET /socket.io/?EIO=4&transport=websocket HTTP/1.1" 404 2392
WARNING 2026-01-12 15:14:38,728 log 33904 26696 Not Found: /socket.io/
WARNING 2026-01-12 15:14:38,729 basehttp 33904 26696 "GET /socket.io/?EIO=4&transport=websocket HTTP/1.1" 404 2392
WARNING 2026-01-12 15:14:47,017 log 33904 32816 Not Found: /socket.io/
WARNING 2026-01-12 15:14:47,019 basehttp 33904 32816 "GET /socket.io/?EIO=4&transport=websocket HTTP/1.1" 404 2392
WARNING 2026-01-12 15:14:55,162 log 33904 3460 Not Found: /socket.io/
WARNING 2026-01-12 15:14:55,164 basehttp 33904 3460 "GET /socket.io/?EIO=4&transport=websocket HTTP/1.1" 404 2392
WARNING 2026-01-12 15:15:04,553 log 33904 35088 Not Found: /socket.io/
WARNING 2026-01-12 15:15:04,555 basehttp 33904 35088 "GET /socket.io/?EIO=4&transport=websocket HTTP/1.1" 404 2392
WARNING 2026-01-12 15:15:14,176 log 33904 17912 Not Found: /socket.io/
WARNING 2026-01-12 15:15:14,178 basehttp 33904 17912 "GET /socket.io/?EIO=4&transport=websocket HTTP/1.1" 404 2392
WARNING 2026-01-12 15:15:24,247 log 33904 34620 Not Found: /socket.io/
WARNING 2026-01-12 15:15:24,248 basehttp 33904 34620 "GET /socket.io/?EIO=4&transport=websocket HTTP/1.1" 404 2392
WARNING 2026-01-12 15:15:31,494 log 33904 30608 Not Found: /socket.io/
WARNING 2026-01-12 15:15:31,496 basehttp 33904 30608 "GET /socket.io/?EIO=4&transport=websocket HTTP/1.1" 404 2392
WARNING 2026-01-12 15:15:39,944 log 33904 34212 Not Found: /socket.io/
WARNING 2026-01-12 15:15:39,945 basehttp 33904 34212 "GET /socket.io/?EIO=4&transport=websocket HTTP/1.1" 404 2392
WARNING 2026-01-12 15:15:48,830 log 33904 21092 Not Found: /socket.io/
WARNING 2026-01-12 15:15:48,831 basehttp 33904 21092 "GET /socket.io/?EIO=4&transport=websocket HTTP/1.1" 404 2392
WARNING 2026-01-12 15:15:56,531 log 33904 21044 Not Found: /socket.io/
WARNING 2026-01-12 15:15:56,533 basehttp 33904 21044 "GET /socket.io/?EIO=4&transport=websocket HTTP/1.1" 404 2392
WARNING 2026-01-12 15:16:07,628 log 33904 17364 Not Found: /socket.io/
WARNING 2026-01-12 15:16:07,629 basehttp 33904 17364 "GET /socket.io/?EIO=4&transport=websocket HTTP/1.1" 404 2392
WARNING 2026-01-12 15:16:14,723 log 33904 35684 Not Found: /socket.io/
WARNING 2026-01-12 15:16:14,724 basehttp 33904 35684 "GET /socket.io/?EIO=4&transport=websocket HTTP/1.1" 404 2392
WARNING 2026-01-12 15:16:24,765 log 33904 21748 Not Found: /socket.io/
WARNING 2026-01-12 15:16:24,766 basehttp 33904 21748 "GET /socket.io/?EIO=4&transport=websocket HTTP/1.1" 404 2392
WARNING 2026-01-12 15:16:32,616 log 33904 32892 Not Found: /socket.io/
WARNING 2026-01-12 15:16:32,617 basehttp 33904 32892 "GET /socket.io/?EIO=4&transport=websocket HTTP/1.1" 404 2392
WARNING 2026-01-12 15:16:43,589 log 33904 38708 Not Found: /socket.io/
WARNING 2026-01-12 15:16:43,591 basehttp 33904 38708 "GET /socket.io/?EIO=4&transport=websocket HTTP/1.1" 404 2392
WARNING 2026-01-12 15:16:51,947 log 33904 37328 Not Found: /socket.io/
WARNING 2026-01-12 15:16:51,948 basehttp 33904 37328 "GET /socket.io/?EIO=4&transport=websocket HTTP/1.1" 404 2392
WARNING 2026-01-12 15:16:58,870 log 33904 30540 Not Found: /socket.io/
WARNING 2026-01-12 15:16:58,872 basehttp 33904 30540 "GET /socket.io/?EIO=4&transport=websocket HTTP/1.1" 404 2392
WARNING 2026-01-12 15:17:08,482 log 33904 17964 Not Found: /socket.io/
WARNING 2026-01-12 15:17:08,483 basehttp 33904 17964 "GET /socket.io/?EIO=4&transport=websocket HTTP/1.1" 404 2392
WARNING 2026-01-12 15:17:14,674 log 33904 23544 Not Found: /socket.io/
WARNING 2026-01-12 15:17:14,675 basehttp 33904 23544 "GET /socket.io/?EIO=4&transport=websocket HTTP/1.1" 404 2392
WARNING 2026-01-12 15:17:20,687 log 33904 14552 Not Found: /socket.io/
WARNING 2026-01-12 15:17:20,689 basehttp 33904 14552 "GET /socket.io/?EIO=4&transport=websocket HTTP/1.1" 404 2392
WARNING 2026-01-12 15:17:26,685 log 33904 23584 Not Found: /socket.io/
WARNING 2026-01-12 15:17:26,686 basehttp 33904 23584 "GET /socket.io/?EIO=4&transport=websocket HTTP/1.1" 404 2392
WARNING 2026-01-12 15:17:32,683 log 33904 21628 Not Found: /socket.io/
WARNING 2026-01-12 15:17:32,685 basehttp 33904 21628 "GET /socket.io/?EIO=4&transport=websocket HTTP/1.1" 404 2392
WARNING 2026-01-12 15:17:38,679 log 33904 12216 Not Found: /socket.io/
WARNING 2026-01-12 15:17:38,681 basehttp 33904 12216 "GET /socket.io/?EIO=4&transport=websocket HTTP/1.1" 404 2392
WARNING 2026-01-12 15:17:44,693 log 33904 37220 Not Found: /socket.io/
WARNING 2026-01-12 15:17:44,695 basehttp 33904 37220 "GET /socket.io/?EIO=4&transport=websocket HTTP/1.1" 404 2392
WARNING 2026-01-12 15:17:50,692 log 33904 18448 Not Found: /socket.io/
WARNING 2026-01-12 15:17:50,694 basehttp 33904 18448 "GET /socket.io/?EIO=4&transport=websocket HTTP/1.1" 404 2392
WARNING 2026-01-12 15:17:56,681 log 33904 10892 Not Found: /socket.io/
WARNING 2026-01-12 15:17:56,682 basehttp 33904 10892 "GET /socket.io/?EIO=4&transport=websocket HTTP/1.1" 404 2392
WARNING 2026-01-12 15:18:02,695 log 33904 21832 Not Found: /socket.io/
WARNING 2026-01-12 15:18:02,696 basehttp 33904 21832 "GET /socket.io/?EIO=4&transport=websocket HTTP/1.1" 404 2392
WARNING 2026-01-12 15:18:08,712 log 33904 35800 Not Found: /socket.io/
WARNING 2026-01-12 15:18:08,713 basehttp 33904 35800 "GET /socket.io/?EIO=4&transport=websocket HTTP/1.1" 404 2392
WARNING 2026-01-12 15:18:14,737 log 33904 24608 Not Found: /socket.io/
WARNING 2026-01-12 15:18:14,738 basehttp 33904 24608 "GET /socket.io/?EIO=4&transport=websocket HTTP/1.1" 404 2392
WARNING 2026-01-12 15:18:20,735 log 33904 19420 Not Found: /socket.io/
WARNING 2026-01-12 15:18:20,737 basehttp 33904 19420 "GET /socket.io/?EIO=4&transport=websocket HTTP/1.1" 404 2392
WARNING 2026-01-12 15:18:26,869 log 33904 37732 Not Found: /socket.io/
WARNING 2026-01-12 15:18:26,870 basehttp 33904 37732 "GET /socket.io/?EIO=4&transport=websocket HTTP/1.1" 404 2392
WARNING 2026-01-12 15:18:32,836 log 33904 29032 Not Found: /socket.io/
WARNING 2026-01-12 15:18:32,837 basehttp 33904 29032 "GET /socket.io/?EIO=4&transport=websocket HTTP/1.1" 404 2392
WARNING 2026-01-12 15:18:39,904 log 33904 26600 Not Found: /socket.io/
WARNING 2026-01-12 15:18:39,905 basehttp 33904 26600 "GET /socket.io/?EIO=4&transport=websocket HTTP/1.1" 404 2392
WARNING 2026-01-12 15:18:47,775 log 33904 37124 Not Found: /socket.io/
WARNING 2026-01-12 15:18:47,778 basehttp 33904 37124 "GET /socket.io/?EIO=4&transport=websocket HTTP/1.1" 404 2392
WARNING 2026-01-12 15:18:56,805 log 33904 28072 Not Found: /socket.io/
WARNING 2026-01-12 15:18:56,807 basehttp 33904 28072 "GET /socket.io/?EIO=4&transport=websocket HTTP/1.1" 404 2392
WARNING 2026-01-12 15:19:07,053 log 33904 22460 Not Found: /socket.io/
WARNING 2026-01-12 15:19:07,055 basehttp 33904 22460 "GET /socket.io/?EIO=4&transport=websocket HTTP/1.1" 404 2392
WARNING 2026-01-12 15:19:14,675 log 33904 33020 Not Found: /socket.io/
WARNING 2026-01-12 15:19:14,676 basehttp 33904 33020 "GET /socket.io/?EIO=4&transport=websocket HTTP/1.1" 404 2392
WARNING 2026-01-12 15:19:22,332 log 33904 21028 Not Found: /socket.io/
WARNING 2026-01-12 15:19:22,334 basehttp 33904 21028 "GET /socket.io/?EIO=4&transport=websocket HTTP/1.1" 404 2392
WARNING 2026-01-12 15:19:28,750 log 33904 24012 Not Found: /socket.io/
WARNING 2026-01-12 15:19:28,752 basehttp 33904 24012 "GET /socket.io/?EIO=4&transport=websocket HTTP/1.1" 404 2392
WARNING 2026-01-12 15:19:38,938 log 33904 26036 Not Found: /socket.io/
WARNING 2026-01-12 15:19:38,939 basehttp 33904 26036 "GET /socket.io/?EIO=4&transport=websocket HTTP/1.1" 404 2392
WARNING 2026-01-12 15:19:47,779 log 33904 32884 Not Found: /socket.io/
WARNING 2026-01-12 15:19:47,780 basehttp 33904 32884 "GET /socket.io/?EIO=4&transport=websocket HTTP/1.1" 404 2392
WARNING 2026-01-12 15:19:58,630 log 33904 19948 Not Found: /socket.io/
WARNING 2026-01-12 15:19:58,633 basehttp 33904 19948 "GET /socket.io/?EIO=4&transport=websocket HTTP/1.1" 404 2392
WARNING 2026-01-12 15:20:06,689 log 33904 25732 Not Found: /socket.io/
WARNING 2026-01-12 15:20:06,690 basehttp 33904 25732 "GET /socket.io/?EIO=4&transport=websocket HTTP/1.1" 404 2392
WARNING 2026-01-12 15:20:13,884 log 33904 37084 Not Found: /socket.io/
WARNING 2026-01-12 15:20:13,886 basehttp 33904 37084 "GET /socket.io/?EIO=4&transport=websocket HTTP/1.1" 404 2392
WARNING 2026-01-12 15:20:23,435 log 33904 13076 Not Found: /socket.io/
WARNING 2026-01-12 15:20:23,436 basehttp 33904 13076 "GET /socket.io/?EIO=4&transport=websocket HTTP/1.1" 404 2392
WARNING 2026-01-12 15:20:30,832 log 33904 10428 Not Found: /socket.io/
WARNING 2026-01-12 15:20:30,833 basehttp 33904 10428 "GET /socket.io/?EIO=4&transport=websocket HTTP/1.1" 404 2392
WARNING 2026-01-12 15:20:40,239 log 33904 3152 Not Found: /socket.io/
WARNING 2026-01-12 15:20:40,241 basehttp 33904 3152 "GET /socket.io/?EIO=4&transport=websocket HTTP/1.1" 404 2392
WARNING 2026-01-12 15:20:47,802 log 33904 38568 Not Found: /socket.io/
WARNING 2026-01-12 15:20:47,804 basehttp 33904 38568 "GET /socket.io/?EIO=4&transport=websocket HTTP/1.1" 404 2392
WARNING 2026-01-12 15:20:57,020 log 33904 17928 Not Found: /socket.io/
WARNING 2026-01-12 15:20:57,022 basehttp 33904 17928 "GET /socket.io/?EIO=4&transport=websocket HTTP/1.1" 404 2392
WARNING 2026-01-12 15:21:06,414 log 33904 24088 Not Found: /socket.io/
WARNING 2026-01-12 15:21:06,416 basehttp 33904 24088 "GET /socket.io/?EIO=4&transport=websocket HTTP/1.1" 404 2392
WARNING 2026-01-12 15:21:15,854 log 33904 38720 Not Found: /socket.io/
WARNING 2026-01-12 15:21:15,856 basehttp 33904 38720 "GET /socket.io/?EIO=4&transport=websocket HTTP/1.1" 404 2392
WARNING 2026-01-12 15:21:23,764 log 33904 30940 Not Found: /socket.io/
WARNING 2026-01-12 15:21:23,765 basehttp 33904 30940 "GET /socket.io/?EIO=4&transport=websocket HTTP/1.1" 404 2392
WARNING 2026-01-12 15:21:33,983 log 33904 18388 Not Found: /socket.io/
WARNING 2026-01-12 15:21:33,984 basehttp 33904 18388 "GET /socket.io/?EIO=4&transport=websocket HTTP/1.1" 404 2392
WARNING 2026-01-12 15:21:43,324 log 33904 22196 Not Found: /socket.io/
WARNING 2026-01-12 15:21:43,325 basehttp 33904 22196 "GET /socket.io/?EIO=4&transport=websocket HTTP/1.1" 404 2392
WARNING 2026-01-12 15:21:51,800 log 33904 30944 Not Found: /socket.io/
WARNING 2026-01-12 15:21:51,801 basehttp 33904 30944 "GET /socket.io/?EIO=4&transport=websocket HTTP/1.1" 404 2392
WARNING 2026-01-12 15:22:00,197 log 33904 37696 Not Found: /socket.io/
WARNING 2026-01-12 15:22:00,198 basehttp 33904 37696 "GET /socket.io/?EIO=4&transport=websocket HTTP/1.1" 404 2392
WARNING 2026-01-12 15:22:09,203 log 33904 10708 Not Found: /socket.io/
WARNING 2026-01-12 15:22:09,205 basehttp 33904 10708 "GET /socket.io/?EIO=4&transport=websocket HTTP/1.1" 404 2392
WARNING 2026-01-12 15:22:18,279 log 33904 14588 Not Found: /socket.io/
WARNING 2026-01-12 15:22:18,281 basehttp 33904 14588 "GET /socket.io/?EIO=4&transport=websocket HTTP/1.1" 404 2392
WARNING 2026-01-12 15:22:28,365 log 33904 6604 Not Found: /socket.io/
WARNING 2026-01-12 15:22:28,366 basehttp 33904 6604 "GET /socket.io/?EIO=4&transport=websocket HTTP/1.1" 404 2392
WARNING 2026-01-12 15:22:36,786 log 33904 3208 Not Found: /socket.io/
WARNING 2026-01-12 15:22:36,787 basehttp 33904 3208 "GET /socket.io/?EIO=4&transport=websocket HTTP/1.1" 404 2392
WARNING 2026-01-12 15:22:45,914 log 33904 33952 Not Found: /socket.io/
WARNING 2026-01-12 15:22:45,915 basehttp 33904 33952 "GET /socket.io/?EIO=4&transport=websocket HTTP/1.1" 404 2392
WARNING 2026-01-12 15:22:53,251 log 33904 24324 Not Found: /socket.io/
WARNING 2026-01-12 15:22:53,253 basehttp 33904 24324 "GET /socket.io/?EIO=4&transport=websocket HTTP/1.1" 404 2392
WARNING 2026-01-12 15:23:03,491 log 33904 33628 Not Found: /socket.io/
WARNING 2026-01-12 15:23:03,493 basehttp 33904 33628 "GET /socket.io/?EIO=4&transport=websocket HTTP/1.1" 404 2392
WARNING 2026-01-12 15:23:14,373 log 33904 28312 Not Found: /socket.io/
WARNING 2026-01-12 15:23:14,375 basehttp 33904 28312 "GET /socket.io/?EIO=4&transport=websocket HTTP/1.1" 404 2392
WARNING 2026-01-12 15:23:21,615 log 33904 24868 Not Found: /socket.io/
WARNING 2026-01-12 15:23:21,616 basehttp 33904 24868 "GET /socket.io/?EIO=4&transport=websocket HTTP/1.1" 404 2392
WARNING 2026-01-12 15:23:28,382 log 33904 30852 Not Found: /socket.io/
WARNING 2026-01-12 15:23:28,384 basehttp 33904 30852 "GET /socket.io/?EIO=4&transport=websocket HTTP/1.1" 404 2392
WARNING 2026-01-12 15:23:39,569 log 33904 20012 Not Found: /socket.io/
WARNING 2026-01-12 15:23:39,571 basehttp 33904 20012 "GET /socket.io/?EIO=4&transport=websocket HTTP/1.1" 404 2392
WARNING 2026-01-12 15:23:48,357 log 33904 30072 Not Found: /socket.io/
WARNING 2026-01-12 15:23:48,359 basehttp 33904 30072 "GET /socket.io/?EIO=4&transport=websocket HTTP/1.1" 404 2392
WARNING 2026-01-12 15:23:56,203 log 33904 37544 Not Found: /socket.io/
WARNING 2026-01-12 15:23:56,204 basehttp 33904 37544 "GET /socket.io/?EIO=4&transport=websocket HTTP/1.1" 404 2392
WARNING 2026-01-12 15:24:05,538 log 33904 35876 Not Found: /socket.io/
WARNING 2026-01-12 15:24:05,541 basehttp 33904 35876 "GET /socket.io/?EIO=4&transport=websocket HTTP/1.1" 404 2392
WARNING 2026-01-12 15:24:16,170 log 33904 31676 Not Found: /socket.io/
WARNING 2026-01-12 15:24:16,172 basehttp 33904 31676 "GET /socket.io/?EIO=4&transport=websocket HTTP/1.1" 404 2392
WARNING 2026-01-12 15:24:23,624 log 33904 12380 Not Found: /socket.io/
WARNING 2026-01-12 15:24:23,627 basehttp 33904 12380 "GET /socket.io/?EIO=4&transport=websocket HTTP/1.1" 404 2392
INFO 2026-01-12 15:24:23,629 basehttp 33904 12380 - Broken pipe from ('127.0.0.1', 54300)
WARNING 2026-01-12 15:24:34,298 log 33904 36944 Not Found: /socket.io/
WARNING 2026-01-12 15:24:34,300 basehttp 33904 36944 "GET /socket.io/?EIO=4&transport=websocket HTTP/1.1" 404 2392
WARNING 2026-01-12 15:24:44,418 log 33904 23464 Not Found: /socket.io/
WARNING 2026-01-12 15:24:44,420 basehttp 33904 23464 "GET /socket.io/?EIO=4&transport=websocket HTTP/1.1" 404 2392
WARNING 2026-01-12 15:24:53,664 log 33904 28264 Not Found: /socket.io/
WARNING 2026-01-12 15:24:53,665 basehttp 33904 28264 "GET /socket.io/?EIO=4&transport=websocket HTTP/1.1" 404 2392
WARNING 2026-01-12 15:25:02,784 log 33904 22932 Not Found: /socket.io/
WARNING 2026-01-12 15:25:02,785 basehttp 33904 22932 "GET /socket.io/?EIO=4&transport=websocket HTTP/1.1" 404 2392
WARNING 2026-01-12 15:25:11,231 log 33904 13832 Not Found: /socket.io/
WARNING 2026-01-12 15:25:11,233 basehttp 33904 13832 "GET /socket.io/?EIO=4&transport=websocket HTTP/1.1" 404 2392
WARNING 2026-01-12 15:25:16,672 log 33904 32072 Not Found: /socket.io/
WARNING 2026-01-12 15:25:16,673 basehttp 33904 32072 "GET /socket.io/?EIO=4&transport=websocket HTTP/1.1" 404 2392
WARNING 2026-01-12 15:25:22,678 log 33904 35028 Not Found: /socket.io/
WARNING 2026-01-12 15:25:22,679 basehttp 33904 35028 "GET /socket.io/?EIO=4&transport=websocket HTTP/1.1" 404 2392
WARNING 2026-01-12 15:25:28,680 log 33904 31076 Not Found: /socket.io/
WARNING 2026-01-12 15:25:28,681 basehttp 33904 31076 "GET /socket.io/?EIO=4&transport=websocket HTTP/1.1" 404 2392
WARNING 2026-01-12 15:25:34,672 log 33904 21712 Not Found: /socket.io/
WARNING 2026-01-12 15:25:34,673 basehttp 33904 21712 "GET /socket.io/?EIO=4&transport=websocket HTTP/1.1" 404 2392
WARNING 2026-01-12 15:25:40,671 log 33904 23288 Not Found: /socket.io/
WARNING 2026-01-12 15:25:40,672 basehttp 33904 23288 "GET /socket.io/?EIO=4&transport=websocket HTTP/1.1" 404 2392
WARNING 2026-01-12 15:25:46,694 log 33904 5728 Not Found: /socket.io/
WARNING 2026-01-12 15:25:46,695 basehttp 33904 5728 "GET /socket.io/?EIO=4&transport=websocket HTTP/1.1" 404 2392
WARNING 2026-01-12 15:25:52,690 log 33904 31884 Not Found: /socket.io/
WARNING 2026-01-12 15:25:52,691 basehttp 33904 31884 "GET /socket.io/?EIO=4&transport=websocket HTTP/1.1" 404 2392
WARNING 2026-01-12 15:25:58,688 log 33904 28960 Not Found: /socket.io/
WARNING 2026-01-12 15:25:58,689 basehttp 33904 28960 "GET /socket.io/?EIO=4&transport=websocket HTTP/1.1" 404 2392
WARNING 2026-01-12 15:26:04,692 log 33904 14432 Not Found: /socket.io/
WARNING 2026-01-12 15:26:04,693 basehttp 33904 14432 "GET /socket.io/?EIO=4&transport=websocket HTTP/1.1" 404 2392
WARNING 2026-01-12 15:26:10,730 log 33904 38708 Not Found: /socket.io/
WARNING 2026-01-12 15:26:10,731 basehttp 33904 38708 "GET /socket.io/?EIO=4&transport=websocket HTTP/1.1" 404 2392
WARNING 2026-01-12 15:26:16,716 log 33904 10284 Not Found: /socket.io/
WARNING 2026-01-12 15:26:16,717 basehttp 33904 10284 "GET /socket.io/?EIO=4&transport=websocket HTTP/1.1" 404 2392
WARNING 2026-01-12 15:26:22,738 log 33904 33728 Not Found: /socket.io/
WARNING 2026-01-12 15:26:22,739 basehttp 33904 33728 "GET /socket.io/?EIO=4&transport=websocket HTTP/1.1" 404 2392
WARNING 2026-01-12 15:26:28,771 log 33904 36760 Not Found: /socket.io/
WARNING 2026-01-12 15:26:28,772 basehttp 33904 36760 "GET /socket.io/?EIO=4&transport=websocket HTTP/1.1" 404 2392
WARNING 2026-01-12 15:26:34,950 log 33904 31352 Not Found: /socket.io/
WARNING 2026-01-12 15:26:34,951 basehttp 33904 31352 "GET /socket.io/?EIO=4&transport=websocket HTTP/1.1" 404 2392
WARNING 2026-01-12 15:26:41,876 log 33904 34748 Not Found: /socket.io/
WARNING 2026-01-12 15:26:41,878 basehttp 33904 34748 "GET /socket.io/?EIO=4&transport=websocket HTTP/1.1" 404 2392
WARNING 2026-01-12 15:26:49,738 log 33904 35716 Not Found: /socket.io/
WARNING 2026-01-12 15:26:49,739 basehttp 33904 35716 "GET /socket.io/?EIO=4&transport=websocket HTTP/1.1" 404 2392
WARNING 2026-01-12 15:26:59,354 log 33904 34476 Not Found: /socket.io/
WARNING 2026-01-12 15:26:59,356 basehttp 33904 34476 "GET /socket.io/?EIO=4&transport=websocket HTTP/1.1" 404 2392
WARNING 2026-01-12 15:27:09,087 log 33904 37584 Not Found: /socket.io/
WARNING 2026-01-12 15:27:09,089 basehttp 33904 37584 "GET /socket.io/?EIO=4&transport=websocket HTTP/1.1" 404 2392
WARNING 2026-01-12 15:27:17,611 log 33904 20068 Not Found: /socket.io/
WARNING 2026-01-12 15:27:17,613 basehttp 33904 20068 "GET /socket.io/?EIO=4&transport=websocket HTTP/1.1" 404 2392
WARNING 2026-01-12 15:27:26,980 log 33904 34576 Not Found: /socket.io/
WARNING 2026-01-12 15:27:26,981 basehttp 33904 34576 "GET /socket.io/?EIO=4&transport=websocket HTTP/1.1" 404 2392
WARNING 2026-01-12 15:27:33,701 log 33904 34984 Not Found: /socket.io/
WARNING 2026-01-12 15:27:33,702 basehttp 33904 34984 "GET /socket.io/?EIO=4&transport=websocket HTTP/1.1" 404 2392
WARNING 2026-01-12 15:27:41,368 log 33904 9832 Not Found: /socket.io/
WARNING 2026-01-12 15:27:41,369 basehttp 33904 9832 "GET /socket.io/?EIO=4&transport=websocket HTTP/1.1" 404 2392
WARNING 2026-01-12 15:27:49,746 log 33904 28316 Not Found: /socket.io/
WARNING 2026-01-12 15:27:49,747 basehttp 33904 28316 "GET /socket.io/?EIO=4&transport=websocket HTTP/1.1" 404 2392
WARNING 2026-01-12 15:27:57,087 log 33904 3220 Not Found: /socket.io/
WARNING 2026-01-12 15:27:57,089 basehttp 33904 3220 "GET /socket.io/?EIO=4&transport=websocket HTTP/1.1" 404 2392
WARNING 2026-01-12 15:28:07,070 log 33904 19308 Not Found: /socket.io/
WARNING 2026-01-12 15:28:07,071 basehttp 33904 19308 "GET /socket.io/?EIO=4&transport=websocket HTTP/1.1" 404 2392
WARNING 2026-01-12 15:28:15,704 log 33904 644 Not Found: /socket.io/
WARNING 2026-01-12 15:28:15,705 basehttp 33904 644 "GET /socket.io/?EIO=4&transport=websocket HTTP/1.1" 404 2392
WARNING 2026-01-12 15:28:26,178 log 33904 10404 Not Found: /socket.io/
WARNING 2026-01-12 15:28:26,180 basehttp 33904 10404 "GET /socket.io/?EIO=4&transport=websocket HTTP/1.1" 404 2392
WARNING 2026-01-12 15:28:33,181 log 33904 32740 Not Found: /socket.io/
WARNING 2026-01-12 15:28:33,183 basehttp 33904 32740 "GET /socket.io/?EIO=4&transport=websocket HTTP/1.1" 404 2392
WARNING 2026-01-12 15:28:40,181 log 33904 12832 Not Found: /socket.io/
WARNING 2026-01-12 15:28:40,182 basehttp 33904 12832 "GET /socket.io/?EIO=4&transport=websocket HTTP/1.1" 404 2392
WARNING 2026-01-12 15:28:47,972 log 33904 37248 Not Found: /socket.io/
WARNING 2026-01-12 15:28:47,974 basehttp 33904 37248 "GET /socket.io/?EIO=4&transport=websocket HTTP/1.1" 404 2392
WARNING 2026-01-12 15:28:56,454 log 33904 36380 Not Found: /socket.io/
WARNING 2026-01-12 15:28:56,455 basehttp 33904 36380 "GET /socket.io/?EIO=4&transport=websocket HTTP/1.1" 404 2392
WARNING 2026-01-12 15:29:05,286 log 33904 34528 Not Found: /socket.io/
WARNING 2026-01-12 15:29:05,287 basehttp 33904 34528 "GET /socket.io/?EIO=4&transport=websocket HTTP/1.1" 404 2392
WARNING 2026-01-12 15:29:12,388 log 33904 38432 Not Found: /socket.io/
WARNING 2026-01-12 15:29:12,392 basehttp 33904 38432 "GET /socket.io/?EIO=4&transport=websocket HTTP/1.1" 404 2392
WARNING 2026-01-12 15:29:18,686 log 33904 30428 Not Found: /socket.io/
WARNING 2026-01-12 15:29:18,688 basehttp 33904 30428 "GET /socket.io/?EIO=4&transport=websocket HTTP/1.1" 404 2392
WARNING 2026-01-12 15:29:24,668 log 33904 23280 Not Found: /socket.io/
WARNING 2026-01-12 15:29:24,669 basehttp 33904 23280 "GET /socket.io/?EIO=4&transport=websocket HTTP/1.1" 404 2392
WARNING 2026-01-12 15:29:30,675 log 33904 14588 Not Found: /socket.io/
WARNING 2026-01-12 15:29:30,676 basehttp 33904 14588 "GET /socket.io/?EIO=4&transport=websocket HTTP/1.1" 404 2392
WARNING 2026-01-12 15:29:36,673 log 33904 6604 Not Found: /socket.io/
WARNING 2026-01-12 15:29:36,675 basehttp 33904 6604 "GET /socket.io/?EIO=4&transport=websocket HTTP/1.1" 404 2392
WARNING 2026-01-12 15:29:42,670 log 33904 33240 Not Found: /socket.io/
WARNING 2026-01-12 15:29:42,671 basehttp 33904 33240 "GET /socket.io/?EIO=4&transport=websocket HTTP/1.1" 404 2392
WARNING 2026-01-12 15:29:48,689 log 33904 37708 Not Found: /socket.io/
WARNING 2026-01-12 15:29:48,690 basehttp 33904 37708 "GET /socket.io/?EIO=4&transport=websocket HTTP/1.1" 404 2392
WARNING 2026-01-12 15:29:54,685 log 33904 35276 Not Found: /socket.io/
WARNING 2026-01-12 15:29:54,686 basehttp 33904 35276 "GET /socket.io/?EIO=4&transport=websocket HTTP/1.1" 404 2392
WARNING 2026-01-12 15:30:00,690 log 33904 20420 Not Found: /socket.io/
WARNING 2026-01-12 15:30:00,691 basehttp 33904 20420 "GET /socket.io/?EIO=4&transport=websocket HTTP/1.1" 404 2392
WARNING 2026-01-12 15:30:06,688 log 33904 34292 Not Found: /socket.io/
WARNING 2026-01-12 15:30:06,690 basehttp 33904 34292 "GET /socket.io/?EIO=4&transport=websocket HTTP/1.1" 404 2392
WARNING 2026-01-12 15:30:12,713 log 33904 11552 Not Found: /socket.io/
WARNING 2026-01-12 15:30:12,715 basehttp 33904 11552 "GET /socket.io/?EIO=4&transport=websocket HTTP/1.1" 404 2392
WARNING 2026-01-12 15:30:18,729 log 33904 6596 Not Found: /socket.io/
WARNING 2026-01-12 15:30:18,730 basehttp 33904 6596 "GET /socket.io/?EIO=4&transport=websocket HTTP/1.1" 404 2392
WARNING 2026-01-12 15:30:24,803 log 33904 4652 Not Found: /socket.io/
WARNING 2026-01-12 15:30:24,805 basehttp 33904 4652 "GET /socket.io/?EIO=4&transport=websocket HTTP/1.1" 404 2392
WARNING 2026-01-12 15:30:30,767 log 33904 8308 Not Found: /socket.io/
WARNING 2026-01-12 15:30:30,768 basehttp 33904 8308 "GET /socket.io/?EIO=4&transport=websocket HTTP/1.1" 404 2392
WARNING 2026-01-12 15:30:37,153 log 33904 35292 Not Found: /socket.io/
WARNING 2026-01-12 15:30:37,154 basehttp 33904 35292 "GET /socket.io/?EIO=4&transport=websocket HTTP/1.1" 404 2392
WARNING 2026-01-12 15:30:43,590 log 33904 37632 Not Found: /socket.io/
WARNING 2026-01-12 15:30:43,590 basehttp 33904 37632 "GET /socket.io/?EIO=4&transport=websocket HTTP/1.1" 404 2392
WARNING 2026-01-12 15:30:51,302 log 33904 18772 Not Found: /socket.io/
WARNING 2026-01-12 15:30:51,303 basehttp 33904 18772 "GET /socket.io/?EIO=4&transport=websocket HTTP/1.1" 404 2392
WARNING 2026-01-12 15:30:58,115 log 33904 34244 Not Found: /socket.io/
WARNING 2026-01-12 15:30:58,116 basehttp 33904 34244 "GET /socket.io/?EIO=4&transport=websocket HTTP/1.1" 404 2392
WARNING 2026-01-12 15:31:06,937 log 33904 20792 Not Found: /socket.io/
WARNING 2026-01-12 15:31:06,938 basehttp 33904 20792 "GET /socket.io/?EIO=4&transport=websocket HTTP/1.1" 404 2392
WARNING 2026-01-12 15:31:16,586 log 33904 37108 Not Found: /socket.io/
WARNING 2026-01-12 15:31:16,586 basehttp 33904 37108 "GET /socket.io/?EIO=4&transport=websocket HTTP/1.1" 404 2392
WARNING 2026-01-12 15:31:22,675 log 33904 26140 Not Found: /socket.io/
WARNING 2026-01-12 15:31:22,676 basehttp 33904 26140 "GET /socket.io/?EIO=4&transport=websocket HTTP/1.1" 404 2392
WARNING 2026-01-12 15:31:28,672 log 33904 38552 Not Found: /socket.io/
WARNING 2026-01-12 15:31:28,674 basehttp 33904 38552 "GET /socket.io/?EIO=4&transport=websocket HTTP/1.1" 404 2392
WARNING 2026-01-12 15:31:34,676 log 33904 31828 Not Found: /socket.io/
WARNING 2026-01-12 15:31:34,677 basehttp 33904 31828 "GET /socket.io/?EIO=4&transport=websocket HTTP/1.1" 404 2392
WARNING 2026-01-12 15:31:40,684 log 33904 36308 Not Found: /socket.io/
WARNING 2026-01-12 15:31:40,685 basehttp 33904 36308 "GET /socket.io/?EIO=4&transport=websocket HTTP/1.1" 404 2392
WARNING 2026-01-12 15:31:46,678 log 33904 38856 Not Found: /socket.io/
WARNING 2026-01-12 15:31:46,679 basehttp 33904 38856 "GET /socket.io/?EIO=4&transport=websocket HTTP/1.1" 404 2392
WARNING 2026-01-12 15:31:52,691 log 33904 32144 Not Found: /socket.io/
WARNING 2026-01-12 15:31:52,692 basehttp 33904 32144 "GET /socket.io/?EIO=4&transport=websocket HTTP/1.1" 404 2392
WARNING 2026-01-12 15:31:58,695 log 33904 37760 Not Found: /socket.io/
WARNING 2026-01-12 15:31:58,696 basehttp 33904 37760 "GET /socket.io/?EIO=4&transport=websocket HTTP/1.1" 404 2392
WARNING 2026-01-12 15:32:04,691 log 33904 10212 Not Found: /socket.io/
WARNING 2026-01-12 15:32:04,692 basehttp 33904 10212 "GET /socket.io/?EIO=4&transport=websocket HTTP/1.1" 404 2392
WARNING 2026-01-12 15:32:10,680 log 33904 32412 Not Found: /socket.io/
WARNING 2026-01-12 15:32:10,680 basehttp 33904 32412 "GET /socket.io/?EIO=4&transport=websocket HTTP/1.1" 404 2392
WARNING 2026-01-12 15:32:16,676 log 33904 35028 Not Found: /socket.io/
WARNING 2026-01-12 15:32:16,676 basehttp 33904 35028 "GET /socket.io/?EIO=4&transport=websocket HTTP/1.1" 404 2392
WARNING 2026-01-12 15:32:22,712 log 33904 35556 Not Found: /socket.io/
WARNING 2026-01-12 15:32:22,713 basehttp 33904 35556 "GET /socket.io/?EIO=4&transport=websocket HTTP/1.1" 404 2392
WARNING 2026-01-12 15:32:28,792 log 33904 34212 Not Found: /socket.io/
WARNING 2026-01-12 15:32:28,793 basehttp 33904 34212 "GET /socket.io/?EIO=4&transport=websocket HTTP/1.1" 404 2392
WARNING 2026-01-12 15:32:34,905 log 33904 38124 Not Found: /socket.io/
WARNING 2026-01-12 15:32:34,905 basehttp 33904 38124 "GET /socket.io/?EIO=4&transport=websocket HTTP/1.1" 404 2392
WARNING 2026-01-12 15:32:41,207 log 33904 35860 Not Found: /socket.io/
WARNING 2026-01-12 15:32:41,208 basehttp 33904 35860 "GET /socket.io/?EIO=4&transport=websocket HTTP/1.1" 404 2392
WARNING 2026-01-12 15:32:47,699 log 33904 34620 Not Found: /socket.io/
WARNING 2026-01-12 15:32:47,700 basehttp 33904 34620 "GET /socket.io/?EIO=4&transport=websocket HTTP/1.1" 404 2392
WARNING 2026-01-12 15:32:55,658 log 33904 10484 Not Found: /socket.io/
WARNING 2026-01-12 15:32:55,659 basehttp 33904 10484 "GET /socket.io/?EIO=4&transport=websocket HTTP/1.1" 404 2392
WARNING 2026-01-12 15:33:03,882 log 33904 30604 Not Found: /socket.io/
WARNING 2026-01-12 15:33:03,884 basehttp 33904 30604 "GET /socket.io/?EIO=4&transport=websocket HTTP/1.1" 404 2392
WARNING 2026-01-12 15:33:10,754 log 33904 28316 Not Found: /socket.io/
WARNING 2026-01-12 15:33:10,755 basehttp 33904 28316 "GET /socket.io/?EIO=4&transport=websocket HTTP/1.1" 404 2392
WARNING 2026-01-12 15:33:20,690 log 33904 35684 Not Found: /socket.io/
WARNING 2026-01-12 15:33:20,691 basehttp 33904 35684 "GET /socket.io/?EIO=4&transport=websocket HTTP/1.1" 404 2392
WARNING 2026-01-12 15:33:26,672 log 33904 20756 Not Found: /socket.io/
WARNING 2026-01-12 15:33:26,673 basehttp 33904 20756 "GET /socket.io/?EIO=4&transport=websocket HTTP/1.1" 404 2392
WARNING 2026-01-12 15:33:32,676 log 33904 35764 Not Found: /socket.io/
WARNING 2026-01-12 15:33:32,677 basehttp 33904 35764 "GET /socket.io/?EIO=4&transport=websocket HTTP/1.1" 404 2392
WARNING 2026-01-12 15:33:38,675 log 33904 17392 Not Found: /socket.io/
WARNING 2026-01-12 15:33:38,676 basehttp 33904 17392 "GET /socket.io/?EIO=4&transport=websocket HTTP/1.1" 404 2392
WARNING 2026-01-12 15:33:44,682 log 33904 20996 Not Found: /socket.io/
WARNING 2026-01-12 15:33:44,684 basehttp 33904 20996 "GET /socket.io/?EIO=4&transport=websocket HTTP/1.1" 404 2392
WARNING 2026-01-12 15:33:50,672 log 33904 12368 Not Found: /socket.io/
WARNING 2026-01-12 15:33:50,673 basehttp 33904 12368 "GET /socket.io/?EIO=4&transport=websocket HTTP/1.1" 404 2392
WARNING 2026-01-12 15:33:56,690 log 33904 36604 Not Found: /socket.io/
WARNING 2026-01-12 15:33:56,691 basehttp 33904 36604 "GET /socket.io/?EIO=4&transport=websocket HTTP/1.1" 404 2392
WARNING 2026-01-12 15:34:02,693 log 33904 5864 Not Found: /socket.io/
WARNING 2026-01-12 15:34:02,695 basehttp 33904 5864 "GET /socket.io/?EIO=4&transport=websocket HTTP/1.1" 404 2392
WARNING 2026-01-12 15:34:08,700 log 33904 9148 Not Found: /socket.io/
WARNING 2026-01-12 15:34:08,702 basehttp 33904 9148 "GET /socket.io/?EIO=4&transport=websocket HTTP/1.1" 404 2392
WARNING 2026-01-12 15:34:14,702 log 33904 2680 Not Found: /socket.io/
WARNING 2026-01-12 15:34:14,703 basehttp 33904 2680 "GET /socket.io/?EIO=4&transport=websocket HTTP/1.1" 404 2392
WARNING 2026-01-12 15:34:20,712 log 33904 37988 Not Found: /socket.io/
WARNING 2026-01-12 15:34:20,713 basehttp 33904 37988 "GET /socket.io/?EIO=4&transport=websocket HTTP/1.1" 404 2392
WARNING 2026-01-12 15:34:26,728 log 33904 2740 Not Found: /socket.io/
WARNING 2026-01-12 15:34:26,729 basehttp 33904 2740 "GET /socket.io/?EIO=4&transport=websocket HTTP/1.1" 404 2392
WARNING 2026-01-12 15:34:32,799 log 33904 19860 Not Found: /socket.io/
WARNING 2026-01-12 15:34:32,799 basehttp 33904 19860 "GET /socket.io/?EIO=4&transport=websocket HTTP/1.1" 404 2392
WARNING 2026-01-12 15:34:38,930 log 33904 28196 Not Found: /socket.io/
WARNING 2026-01-12 15:34:38,931 basehttp 33904 28196 "GET /socket.io/?EIO=4&transport=websocket HTTP/1.1" 404 2392
WARNING 2026-01-12 15:34:45,061 log 33904 32740 Not Found: /socket.io/
WARNING 2026-01-12 15:34:45,062 basehttp 33904 32740 "GET /socket.io/?EIO=4&transport=websocket HTTP/1.1" 404 2392
WARNING 2026-01-12 15:34:51,387 log 33904 38724 Not Found: /socket.io/
WARNING 2026-01-12 15:34:51,388 basehttp 33904 38724 "GET /socket.io/?EIO=4&transport=websocket HTTP/1.1" 404 2392
WARNING 2026-01-12 15:35:00,035 log 33904 20408 Not Found: /socket.io/
WARNING 2026-01-12 15:35:00,036 basehttp 33904 20408 "GET /socket.io/?EIO=4&transport=websocket HTTP/1.1" 404 2392
WARNING 2026-01-12 15:35:09,795 log 33904 35296 Not Found: /socket.io/
WARNING 2026-01-12 15:35:09,796 basehttp 33904 35296 "GET /socket.io/?EIO=4&transport=websocket HTTP/1.1" 404 2392
WARNING 2026-01-12 15:35:18,987 log 33904 13260 Not Found: /socket.io/
WARNING 2026-01-12 15:35:18,990 basehttp 33904 13260 "GET /socket.io/?EIO=4&transport=websocket HTTP/1.1" 404 2392
WARNING 2026-01-12 15:35:29,044 log 33904 22460 Not Found: /socket.io/
WARNING 2026-01-12 15:35:29,047 basehttp 33904 22460 "GET /socket.io/?EIO=4&transport=websocket HTTP/1.1" 404 2392
WARNING 2026-01-12 15:35:38,844 log 33904 27240 Not Found: /socket.io/
WARNING 2026-01-12 15:35:38,845 basehttp 33904 27240 "GET /socket.io/?EIO=4&transport=websocket HTTP/1.1" 404 2392
WARNING 2026-01-12 15:35:49,249 log 33904 20656 Not Found: /socket.io/
WARNING 2026-01-12 15:35:49,250 basehttp 33904 20656 "GET /socket.io/?EIO=4&transport=websocket HTTP/1.1" 404 2392
WARNING 2026-01-12 15:35:59,357 log 33904 34812 Not Found: /socket.io/
WARNING 2026-01-12 15:35:59,359 basehttp 33904 34812 "GET /socket.io/?EIO=4&transport=websocket HTTP/1.1" 404 2392
WARNING 2026-01-12 15:36:09,376 log 33904 33240 Not Found: /socket.io/
WARNING 2026-01-12 15:36:09,378 basehttp 33904 33240 "GET /socket.io/?EIO=4&transport=websocket HTTP/1.1" 404 2392
WARNING 2026-01-12 15:36:19,498 log 33904 33804 Not Found: /socket.io/
WARNING 2026-01-12 15:36:19,500 basehttp 33904 33804 "GET /socket.io/?EIO=4&transport=websocket HTTP/1.1" 404 2392
WARNING 2026-01-12 15:36:29,094 log 33904 35992 Not Found: /socket.io/
WARNING 2026-01-12 15:36:29,096 basehttp 33904 35992 "GET /socket.io/?EIO=4&transport=websocket HTTP/1.1" 404 2392
WARNING 2026-01-12 15:36:36,681 log 33904 16752 Not Found: /socket.io/
WARNING 2026-01-12 15:36:36,681 basehttp 33904 16752 "GET /socket.io/?EIO=4&transport=websocket HTTP/1.1" 404 2392
WARNING 2026-01-12 15:36:43,694 log 33904 10432 Not Found: /socket.io/
WARNING 2026-01-12 15:36:43,695 basehttp 33904 10432 "GET /socket.io/?EIO=4&transport=websocket HTTP/1.1" 404 2392
WARNING 2026-01-12 15:36:53,434 log 33904 31204 Not Found: /socket.io/
WARNING 2026-01-12 15:36:53,435 basehttp 33904 31204 "GET /socket.io/?EIO=4&transport=websocket HTTP/1.1" 404 2392
WARNING 2026-01-12 15:37:02,843 log 33904 24296 Not Found: /socket.io/
WARNING 2026-01-12 15:37:02,844 basehttp 33904 24296 "GET /socket.io/?EIO=4&transport=websocket HTTP/1.1" 404 2392
WARNING 2026-01-12 15:37:12,102 log 33904 22852 Not Found: /socket.io/
WARNING 2026-01-12 15:37:12,102 basehttp 33904 22852 "GET /socket.io/?EIO=4&transport=websocket HTTP/1.1" 404 2392
WARNING 2026-01-12 15:37:22,454 log 33904 25956 Not Found: /socket.io/
WARNING 2026-01-12 15:37:22,454 basehttp 33904 25956 "GET /socket.io/?EIO=4&transport=websocket HTTP/1.1" 404 2392
WARNING 2026-01-12 15:37:28,677 log 33904 29344 Not Found: /socket.io/
WARNING 2026-01-12 15:37:28,677 basehttp 33904 29344 "GET /socket.io/?EIO=4&transport=websocket HTTP/1.1" 404 2392
WARNING 2026-01-12 15:37:34,678 log 33904 22216 Not Found: /socket.io/
WARNING 2026-01-12 15:37:34,680 basehttp 33904 22216 "GET /socket.io/?EIO=4&transport=websocket HTTP/1.1" 404 2392
WARNING 2026-01-12 15:37:40,674 log 33904 36332 Not Found: /socket.io/
WARNING 2026-01-12 15:37:40,674 basehttp 33904 36332 "GET /socket.io/?EIO=4&transport=websocket HTTP/1.1" 404 2392
WARNING 2026-01-12 15:37:46,675 log 33904 37440 Not Found: /socket.io/
WARNING 2026-01-12 15:37:46,677 basehttp 33904 37440 "GET /socket.io/?EIO=4&transport=websocket HTTP/1.1" 404 2392
WARNING 2026-01-12 15:37:52,684 log 33904 21628 Not Found: /socket.io/
WARNING 2026-01-12 15:37:52,685 basehttp 33904 21628 "GET /socket.io/?EIO=4&transport=websocket HTTP/1.1" 404 2392
WARNING 2026-01-12 15:37:58,667 log 33904 33392 Not Found: /socket.io/
WARNING 2026-01-12 15:37:58,667 basehttp 33904 33392 "GET /socket.io/?EIO=4&transport=websocket HTTP/1.1" 404 2392
WARNING 2026-01-12 15:38:04,687 log 33904 10464 Not Found: /socket.io/
WARNING 2026-01-12 15:38:04,688 basehttp 33904 10464 "GET /socket.io/?EIO=4&transport=websocket HTTP/1.1" 404 2392
WARNING 2026-01-12 15:38:10,690 log 33904 30320 Not Found: /socket.io/
WARNING 2026-01-12 15:38:10,692 basehttp 33904 30320 "GET /socket.io/?EIO=4&transport=websocket HTTP/1.1" 404 2392
WARNING 2026-01-12 15:38:16,695 log 33904 17052 Not Found: /socket.io/
WARNING 2026-01-12 15:38:16,696 basehttp 33904 17052 "GET /socket.io/?EIO=4&transport=websocket HTTP/1.1" 404 2392
WARNING 2026-01-12 15:38:22,711 log 33904 30940 Not Found: /socket.io/
WARNING 2026-01-12 15:38:22,713 basehttp 33904 30940 "GET /socket.io/?EIO=4&transport=websocket HTTP/1.1" 404 2392
WARNING 2026-01-12 15:38:28,757 log 33904 25184 Not Found: /socket.io/
WARNING 2026-01-12 15:38:28,757 basehttp 33904 25184 "GET /socket.io/?EIO=4&transport=websocket HTTP/1.1" 404 2392
WARNING 2026-01-12 15:38:34,786 log 33904 20304 Not Found: /socket.io/
WARNING 2026-01-12 15:38:34,787 basehttp 33904 20304 "GET /socket.io/?EIO=4&transport=websocket HTTP/1.1" 404 2392
WARNING 2026-01-12 15:38:40,823 log 33904 31676 Not Found: /socket.io/
WARNING 2026-01-12 15:38:40,824 basehttp 33904 31676 "GET /socket.io/?EIO=4&transport=websocket HTTP/1.1" 404 2392
WARNING 2026-01-12 15:38:46,995 log 33904 35876 Not Found: /socket.io/
WARNING 2026-01-12 15:38:46,997 basehttp 33904 35876 "GET /socket.io/?EIO=4&transport=websocket HTTP/1.1" 404 2392
WARNING 2026-01-12 15:38:53,613 log 33904 34352 Not Found: /socket.io/
WARNING 2026-01-12 15:38:53,615 basehttp 33904 34352 "GET /socket.io/?EIO=4&transport=websocket HTTP/1.1" 404 2392
WARNING 2026-01-12 15:39:00,296 log 33904 23220 Not Found: /socket.io/
WARNING 2026-01-12 15:39:00,298 basehttp 33904 23220 "GET /socket.io/?EIO=4&transport=websocket HTTP/1.1" 404 2392
WARNING 2026-01-12 15:39:07,894 log 33904 24548 Not Found: /socket.io/
WARNING 2026-01-12 15:39:07,895 basehttp 33904 24548 "GET /socket.io/?EIO=4&transport=websocket HTTP/1.1" 404 2392
WARNING 2026-01-12 15:39:16,465 log 33904 35556 Not Found: /socket.io/
WARNING 2026-01-12 15:39:16,466 basehttp 33904 35556 "GET /socket.io/?EIO=4&transport=websocket HTTP/1.1" 404 2392
WARNING 2026-01-12 15:39:23,900 log 33904 25412 Not Found: /socket.io/
WARNING 2026-01-12 15:39:23,901 basehttp 33904 25412 "GET /socket.io/?EIO=4&transport=websocket HTTP/1.1" 404 2392
WARNING 2026-01-12 15:39:29,673 log 33904 32528 Not Found: /socket.io/
WARNING 2026-01-12 15:39:29,675 basehttp 33904 32528 "GET /socket.io/?EIO=4&transport=websocket HTTP/1.1" 404 2392
WARNING 2026-01-12 15:39:35,675 log 33904 17236 Not Found: /socket.io/
WARNING 2026-01-12 15:39:35,676 basehttp 33904 17236 "GET /socket.io/?EIO=4&transport=websocket HTTP/1.1" 404 2392
WARNING 2026-01-12 15:39:41,682 log 33904 35368 Not Found: /socket.io/
WARNING 2026-01-12 15:39:41,685 basehttp 33904 35368 "GET /socket.io/?EIO=4&transport=websocket HTTP/1.1" 404 2392
WARNING 2026-01-12 15:39:47,662 log 33904 37532 Not Found: /socket.io/
WARNING 2026-01-12 15:39:47,663 basehttp 33904 37532 "GET /socket.io/?EIO=4&transport=websocket HTTP/1.1" 404 2392
WARNING 2026-01-12 15:39:53,679 log 33904 25272 Not Found: /socket.io/
WARNING 2026-01-12 15:39:53,680 basehttp 33904 25272 "GET /socket.io/?EIO=4&transport=websocket HTTP/1.1" 404 2392
WARNING 2026-01-12 15:39:59,689 log 33904 4140 Not Found: /socket.io/
WARNING 2026-01-12 15:39:59,690 basehttp 33904 4140 "GET /socket.io/?EIO=4&transport=websocket HTTP/1.1" 404 2392
WARNING 2026-01-12 15:40:05,696 log 33904 32788 Not Found: /socket.io/
WARNING 2026-01-12 15:40:05,697 basehttp 33904 32788 "GET /socket.io/?EIO=4&transport=websocket HTTP/1.1" 404 2392
WARNING 2026-01-12 15:40:11,677 log 33904 36728 Not Found: /socket.io/
WARNING 2026-01-12 15:40:11,678 basehttp 33904 36728 "GET /socket.io/?EIO=4&transport=websocket HTTP/1.1" 404 2392
WARNING 2026-01-12 15:40:17,682 log 33904 352 Not Found: /socket.io/
WARNING 2026-01-12 15:40:17,683 basehttp 33904 352 "GET /socket.io/?EIO=4&transport=websocket HTTP/1.1" 404 2392
WARNING 2026-01-12 15:40:23,709 log 33904 8728 Not Found: /socket.io/
WARNING 2026-01-12 15:40:23,710 basehttp 33904 8728 "GET /socket.io/?EIO=4&transport=websocket HTTP/1.1" 404 2392
WARNING 2026-01-12 15:40:29,686 log 33904 21188 Not Found: /socket.io/
WARNING 2026-01-12 15:40:29,687 basehttp 33904 21188 "GET /socket.io/?EIO=4&transport=websocket HTTP/1.1" 404 2392
WARNING 2026-01-12 15:40:35,725 log 33904 36800 Not Found: /socket.io/
WARNING 2026-01-12 15:40:35,726 basehttp 33904 36800 "GET /socket.io/?EIO=4&transport=websocket HTTP/1.1" 404 2392
WARNING 2026-01-12 15:40:41,841 log 33904 31064 Not Found: /socket.io/
WARNING 2026-01-12 15:40:41,843 basehttp 33904 31064 "GET /socket.io/?EIO=4&transport=websocket HTTP/1.1" 404 2392
WARNING 2026-01-12 15:40:47,819 log 33904 26564 Not Found: /socket.io/
WARNING 2026-01-12 15:40:47,820 basehttp 33904 26564 "GET /socket.io/?EIO=4&transport=websocket HTTP/1.1" 404 2392
WARNING 2026-01-12 15:40:54,192 log 33904 36776 Not Found: /socket.io/
WARNING 2026-01-12 15:40:54,194 basehttp 33904 36776 "GET /socket.io/?EIO=4&transport=websocket HTTP/1.1" 404 2392
WARNING 2026-01-12 15:41:01,528 log 33904 36604 Not Found: /socket.io/
WARNING 2026-01-12 15:41:01,528 basehttp 33904 36604 "GET /socket.io/?EIO=4&transport=websocket HTTP/1.1" 404 2392
WARNING 2026-01-12 15:41:11,463 log 33904 35940 Not Found: /socket.io/
WARNING 2026-01-12 15:41:11,464 basehttp 33904 35940 "GET /socket.io/?EIO=4&transport=websocket HTTP/1.1" 404 2392
WARNING 2026-01-12 15:41:18,864 log 33904 37232 Not Found: /socket.io/
WARNING 2026-01-12 15:41:18,864 basehttp 33904 37232 "GET /socket.io/?EIO=4&transport=websocket HTTP/1.1" 404 2392
WARNING 2026-01-12 15:41:26,821 log 33904 17704 Not Found: /socket.io/
WARNING 2026-01-12 15:41:26,823 basehttp 33904 17704 "GET /socket.io/?EIO=4&transport=websocket HTTP/1.1" 404 2392
WARNING 2026-01-12 15:41:32,669 log 33904 34932 Not Found: /socket.io/
WARNING 2026-01-12 15:41:32,670 basehttp 33904 34932 "GET /socket.io/?EIO=4&transport=websocket HTTP/1.1" 404 2392
WARNING 2026-01-12 15:41:38,672 log 33904 26616 Not Found: /socket.io/
WARNING 2026-01-12 15:41:38,673 basehttp 33904 26616 "GET /socket.io/?EIO=4&transport=websocket HTTP/1.1" 404 2392
WARNING 2026-01-12 15:41:44,677 log 33904 20440 Not Found: /socket.io/
WARNING 2026-01-12 15:41:44,678 basehttp 33904 20440 "GET /socket.io/?EIO=4&transport=websocket HTTP/1.1" 404 2392
WARNING 2026-01-12 15:41:50,667 log 33904 34432 Not Found: /socket.io/
WARNING 2026-01-12 15:41:50,668 basehttp 33904 34432 "GET /socket.io/?EIO=4&transport=websocket HTTP/1.1" 404 2392
WARNING 2026-01-12 15:41:56,667 log 33904 37336 Not Found: /socket.io/
WARNING 2026-01-12 15:41:56,668 basehttp 33904 37336 "GET /socket.io/?EIO=4&transport=websocket HTTP/1.1" 404 2392
WARNING 2026-01-12 15:42:02,689 log 33904 22408 Not Found: /socket.io/
WARNING 2026-01-12 15:42:02,690 basehttp 33904 22408 "GET /socket.io/?EIO=4&transport=websocket HTTP/1.1" 404 2392
WARNING 2026-01-12 15:42:08,701 log 33904 21716 Not Found: /socket.io/
WARNING 2026-01-12 15:42:08,703 basehttp 33904 21716 "GET /socket.io/?EIO=4&transport=websocket HTTP/1.1" 404 2392
WARNING 2026-01-12 15:42:14,681 log 33904 38728 Not Found: /socket.io/
WARNING 2026-01-12 15:42:14,682 basehttp 33904 38728 "GET /socket.io/?EIO=4&transport=websocket HTTP/1.1" 404 2392
WARNING 2026-01-12 15:42:20,714 log 33904 32860 Not Found: /socket.io/
WARNING 2026-01-12 15:42:20,716 basehttp 33904 32860 "GET /socket.io/?EIO=4&transport=websocket HTTP/1.1" 404 2392
WARNING 2026-01-12 15:42:26,711 log 33904 13500 Not Found: /socket.io/
WARNING 2026-01-12 15:42:26,712 basehttp 33904 13500 "GET /socket.io/?EIO=4&transport=websocket HTTP/1.1" 404 2392
WARNING 2026-01-12 15:42:32,741 log 33904 35504 Not Found: /socket.io/
WARNING 2026-01-12 15:42:32,743 basehttp 33904 35504 "GET /socket.io/?EIO=4&transport=websocket HTTP/1.1" 404 2392
WARNING 2026-01-12 15:42:38,777 log 33904 37860 Not Found: /socket.io/
WARNING 2026-01-12 15:42:38,777 basehttp 33904 37860 "GET /socket.io/?EIO=4&transport=websocket HTTP/1.1" 404 2392
WARNING 2026-01-12 15:42:44,828 log 33904 664 Not Found: /socket.io/
WARNING 2026-01-12 15:42:44,830 basehttp 33904 664 "GET /socket.io/?EIO=4&transport=websocket HTTP/1.1" 404 2392
WARNING 2026-01-12 15:42:51,264 log 33904 32128 Not Found: /socket.io/
WARNING 2026-01-12 15:42:51,265 basehttp 33904 32128 "GET /socket.io/?EIO=4&transport=websocket HTTP/1.1" 404 2392
WARNING 2026-01-12 15:42:57,063 log 33904 29944 Not Found: /socket.io/
WARNING 2026-01-12 15:42:57,064 basehttp 33904 29944 "GET /socket.io/?EIO=4&transport=websocket HTTP/1.1" 404 2392
WARNING 2026-01-12 15:43:03,224 log 33904 2016 Not Found: /socket.io/
WARNING 2026-01-12 15:43:03,225 basehttp 33904 2016 "GET /socket.io/?EIO=4&transport=websocket HTTP/1.1" 404 2392
WARNING 2026-01-12 15:43:09,981 log 33904 31464 Not Found: /socket.io/
WARNING 2026-01-12 15:43:09,982 basehttp 33904 31464 "GET /socket.io/?EIO=4&transport=websocket HTTP/1.1" 404 2392
WARNING 2026-01-12 15:43:19,611 log 33904 31028 Not Found: /socket.io/
WARNING 2026-01-12 15:43:19,613 basehttp 33904 31028 "GET /socket.io/?EIO=4&transport=websocket HTTP/1.1" 404 2392
WARNING 2026-01-12 15:43:30,064 log 33904 36464 Not Found: /socket.io/
WARNING 2026-01-12 15:43:30,065 basehttp 33904 36464 "GET /socket.io/?EIO=4&transport=websocket HTTP/1.1" 404 2392
WARNING 2026-01-12 15:43:35,682 log 33904 25964 Not Found: /socket.io/
WARNING 2026-01-12 15:43:35,684 basehttp 33904 25964 "GET /socket.io/?EIO=4&transport=websocket HTTP/1.1" 404 2392
WARNING 2026-01-12 15:43:41,685 log 33904 36096 Not Found: /socket.io/
WARNING 2026-01-12 15:43:41,686 basehttp 33904 36096 "GET /socket.io/?EIO=4&transport=websocket HTTP/1.1" 404 2392
WARNING 2026-01-12 15:43:47,673 log 33904 36452 Not Found: /socket.io/
WARNING 2026-01-12 15:43:47,674 basehttp 33904 36452 "GET /socket.io/?EIO=4&transport=websocket HTTP/1.1" 404 2392
WARNING 2026-01-12 15:43:53,677 log 33904 35024 Not Found: /socket.io/
WARNING 2026-01-12 15:43:53,678 basehttp 33904 35024 "GET /socket.io/?EIO=4&transport=websocket HTTP/1.1" 404 2392
WARNING 2026-01-12 15:43:59,677 log 33904 34812 Not Found: /socket.io/
WARNING 2026-01-12 15:43:59,678 basehttp 33904 34812 "GET /socket.io/?EIO=4&transport=websocket HTTP/1.1" 404 2392
WARNING 2026-01-12 15:44:05,684 log 33904 7276 Not Found: /socket.io/
WARNING 2026-01-12 15:44:05,685 basehttp 33904 7276 "GET /socket.io/?EIO=4&transport=websocket HTTP/1.1" 404 2392
WARNING 2026-01-12 15:44:11,698 log 33904 31668 Not Found: /socket.io/
WARNING 2026-01-12 15:44:11,699 basehttp 33904 31668 "GET /socket.io/?EIO=4&transport=websocket HTTP/1.1" 404 2392
WARNING 2026-01-12 15:44:17,679 log 33904 34504 Not Found: /socket.io/
WARNING 2026-01-12 15:44:17,679 basehttp 33904 34504 "GET /socket.io/?EIO=4&transport=websocket HTTP/1.1" 404 2392
WARNING 2026-01-12 15:44:23,679 log 33904 34664 Not Found: /socket.io/
WARNING 2026-01-12 15:44:23,679 basehttp 33904 34664 "GET /socket.io/?EIO=4&transport=websocket HTTP/1.1" 404 2392
WARNING 2026-01-12 15:44:29,701 log 33904 28528 Not Found: /socket.io/
WARNING 2026-01-12 15:44:29,702 basehttp 33904 28528 "GET /socket.io/?EIO=4&transport=websocket HTTP/1.1" 404 2392
WARNING 2026-01-12 15:44:35,704 log 33904 27480 Not Found: /socket.io/
WARNING 2026-01-12 15:44:35,705 basehttp 33904 27480 "GET /socket.io/?EIO=4&transport=websocket HTTP/1.1" 404 2392
WARNING 2026-01-12 15:44:41,812 log 33904 35820 Not Found: /socket.io/
WARNING 2026-01-12 15:44:41,813 basehttp 33904 35820 "GET /socket.io/?EIO=4&transport=websocket HTTP/1.1" 404 2392
WARNING 2026-01-12 15:44:47,845 log 33904 8812 Not Found: /socket.io/
WARNING 2026-01-12 15:44:47,845 basehttp 33904 8812 "GET /socket.io/?EIO=4&transport=websocket HTTP/1.1" 404 2392
WARNING 2026-01-12 15:44:54,029 log 33904 33696 Not Found: /socket.io/
WARNING 2026-01-12 15:44:54,029 basehttp 33904 33696 "GET /socket.io/?EIO=4&transport=websocket HTTP/1.1" 404 2392
WARNING 2026-01-12 15:45:00,795 log 33904 2400 Not Found: /socket.io/
WARNING 2026-01-12 15:45:00,796 basehttp 33904 2400 "GET /socket.io/?EIO=4&transport=websocket HTTP/1.1" 404 2392
WARNING 2026-01-12 15:45:08,380 log 33904 35172 Not Found: /socket.io/
WARNING 2026-01-12 15:45:08,381 basehttp 33904 35172 "GET /socket.io/?EIO=4&transport=websocket HTTP/1.1" 404 2392
WARNING 2026-01-12 15:45:15,734 log 33904 26100 Not Found: /socket.io/
WARNING 2026-01-12 15:45:15,735 basehttp 33904 26100 "GET /socket.io/?EIO=4&transport=websocket HTTP/1.1" 404 2392
WARNING 2026-01-12 15:45:25,123 log 33904 36380 Not Found: /socket.io/
WARNING 2026-01-12 15:45:25,124 basehttp 33904 36380 "GET /socket.io/?EIO=4&transport=websocket HTTP/1.1" 404 2392
WARNING 2026-01-12 15:45:33,561 log 33904 36528 Not Found: /socket.io/
WARNING 2026-01-12 15:45:33,562 basehttp 33904 36528 "GET /socket.io/?EIO=4&transport=websocket HTTP/1.1" 404 2392
WARNING 2026-01-12 15:45:39,680 log 33904 23092 Not Found: /socket.io/
WARNING 2026-01-12 15:45:39,681 basehttp 33904 23092 "GET /socket.io/?EIO=4&transport=websocket HTTP/1.1" 404 2392
WARNING 2026-01-12 15:45:45,666 log 33904 8780 Not Found: /socket.io/
WARNING 2026-01-12 15:45:45,667 basehttp 33904 8780 "GET /socket.io/?EIO=4&transport=websocket HTTP/1.1" 404 2392
WARNING 2026-01-12 15:45:51,676 log 33904 19448 Not Found: /socket.io/
WARNING 2026-01-12 15:45:51,676 basehttp 33904 19448 "GET /socket.io/?EIO=4&transport=websocket HTTP/1.1" 404 2392
WARNING 2026-01-12 15:45:57,676 log 33904 28304 Not Found: /socket.io/
WARNING 2026-01-12 15:45:57,676 basehttp 33904 28304 "GET /socket.io/?EIO=4&transport=websocket HTTP/1.1" 404 2392
WARNING 2026-01-12 15:46:03,676 log 33904 14816 Not Found: /socket.io/
WARNING 2026-01-12 15:46:03,677 basehttp 33904 14816 "GET /socket.io/?EIO=4&transport=websocket HTTP/1.1" 404 2392
WARNING 2026-01-12 15:46:09,701 log 33904 32080 Not Found: /socket.io/
WARNING 2026-01-12 15:46:09,703 basehttp 33904 32080 "GET /socket.io/?EIO=4&transport=websocket HTTP/1.1" 404 2392
WARNING 2026-01-12 15:46:15,696 log 33904 3888 Not Found: /socket.io/
WARNING 2026-01-12 15:46:15,697 basehttp 33904 3888 "GET /socket.io/?EIO=4&transport=websocket HTTP/1.1" 404 2392
WARNING 2026-01-12 15:46:21,696 log 33904 1416 Not Found: /socket.io/
WARNING 2026-01-12 15:46:21,697 basehttp 33904 1416 "GET /socket.io/?EIO=4&transport=websocket HTTP/1.1" 404 2392
WARNING 2026-01-12 15:46:27,687 log 33904 38272 Not Found: /socket.io/
WARNING 2026-01-12 15:46:27,689 basehttp 33904 38272 "GET /socket.io/?EIO=4&transport=websocket HTTP/1.1" 404 2392
WARNING 2026-01-12 15:46:33,709 log 33904 20708 Not Found: /socket.io/
WARNING 2026-01-12 15:46:33,711 basehttp 33904 20708 "GET /socket.io/?EIO=4&transport=websocket HTTP/1.1" 404 2392
WARNING 2026-01-12 15:46:39,736 log 33904 21332 Not Found: /socket.io/
WARNING 2026-01-12 15:46:39,738 basehttp 33904 21332 "GET /socket.io/?EIO=4&transport=websocket HTTP/1.1" 404 2392
WARNING 2026-01-12 15:46:45,776 log 33904 25752 Not Found: /socket.io/
WARNING 2026-01-12 15:46:45,777 basehttp 33904 25752 "GET /socket.io/?EIO=4&transport=websocket HTTP/1.1" 404 2392
WARNING 2026-01-12 15:46:51,842 log 33904 14456 Not Found: /socket.io/
WARNING 2026-01-12 15:46:51,842 basehttp 33904 14456 "GET /socket.io/?EIO=4&transport=websocket HTTP/1.1" 404 2392
WARNING 2026-01-12 15:46:57,865 log 33904 18576 Not Found: /socket.io/
WARNING 2026-01-12 15:46:57,866 basehttp 33904 18576 "GET /socket.io/?EIO=4&transport=websocket HTTP/1.1" 404 2392
WARNING 2026-01-12 15:47:04,328 log 33904 23852 Not Found: /socket.io/
WARNING 2026-01-12 15:47:04,330 basehttp 33904 23852 "GET /socket.io/?EIO=4&transport=websocket HTTP/1.1" 404 2392
WARNING 2026-01-12 15:47:11,928 log 33904 16916 Not Found: /socket.io/
WARNING 2026-01-12 15:47:11,929 basehttp 33904 16916 "GET /socket.io/?EIO=4&transport=websocket HTTP/1.1" 404 2392
WARNING 2026-01-12 15:47:22,236 log 33904 35856 Not Found: /socket.io/
WARNING 2026-01-12 15:47:22,237 basehttp 33904 35856 "GET /socket.io/?EIO=4&transport=websocket HTTP/1.1" 404 2392
WARNING 2026-01-12 15:47:31,985 log 33904 6716 Not Found: /socket.io/
WARNING 2026-01-12 15:47:31,986 basehttp 33904 6716 "GET /socket.io/?EIO=4&transport=websocket HTTP/1.1" 404 2392
WARNING 2026-01-12 15:47:40,238 log 33904 24396 Not Found: /socket.io/
WARNING 2026-01-12 15:47:40,238 basehttp 33904 24396 "GET /socket.io/?EIO=4&transport=websocket HTTP/1.1" 404 2392
WARNING 2026-01-12 15:47:50,305 log 33904 37304 Not Found: /socket.io/
WARNING 2026-01-12 15:47:50,305 basehttp 33904 37304 "GET /socket.io/?EIO=4&transport=websocket HTTP/1.1" 404 2392
WARNING 2026-01-12 15:47:59,135 log 33904 36664 Not Found: /socket.io/
WARNING 2026-01-12 15:47:59,135 basehttp 33904 36664 "GET /socket.io/?EIO=4&transport=websocket HTTP/1.1" 404 2392
WARNING 2026-01-12 15:48:08,638 log 33904 10148 Not Found: /socket.io/
WARNING 2026-01-12 15:48:08,639 basehttp 33904 10148 "GET /socket.io/?EIO=4&transport=websocket HTTP/1.1" 404 2392
WARNING 2026-01-12 15:48:17,959 log 33904 37056 Not Found: /socket.io/
WARNING 2026-01-12 15:48:17,960 basehttp 33904 37056 "GET /socket.io/?EIO=4&transport=websocket HTTP/1.1" 404 2392
WARNING 2026-01-12 15:48:25,732 log 33904 35816 Not Found: /socket.io/
WARNING 2026-01-12 15:48:25,733 basehttp 33904 35816 "GET /socket.io/?EIO=4&transport=websocket HTTP/1.1" 404 2392
WARNING 2026-01-12 15:48:34,422 log 33904 38856 Not Found: /socket.io/
WARNING 2026-01-12 15:48:34,423 basehttp 33904 38856 "GET /socket.io/?EIO=4&transport=websocket HTTP/1.1" 404 2392
WARNING 2026-01-12 15:48:43,935 log 33904 25680 Not Found: /socket.io/
WARNING 2026-01-12 15:48:43,937 basehttp 33904 25680 "GET /socket.io/?EIO=4&transport=websocket HTTP/1.1" 404 2392
WARNING 2026-01-12 15:48:53,168 log 33904 19412 Not Found: /socket.io/
WARNING 2026-01-12 15:48:53,169 basehttp 33904 19412 "GET /socket.io/?EIO=4&transport=websocket HTTP/1.1" 404 2392
WARNING 2026-01-12 15:49:00,861 log 33904 14068 Not Found: /socket.io/
WARNING 2026-01-12 15:49:00,861 basehttp 33904 14068 "GET /socket.io/?EIO=4&transport=websocket HTTP/1.1" 404 2392
WARNING 2026-01-12 15:49:11,538 log 33904 33700 Not Found: /socket.io/
WARNING 2026-01-12 15:49:11,539 basehttp 33904 33700 "GET /socket.io/?EIO=4&transport=websocket HTTP/1.1" 404 2392
WARNING 2026-01-12 15:49:20,599 log 33904 9972 Not Found: /socket.io/
WARNING 2026-01-12 15:49:20,601 basehttp 33904 9972 "GET /socket.io/?EIO=4&transport=websocket HTTP/1.1" 404 2392
WARNING 2026-01-12 15:49:29,343 log 33904 36696 Not Found: /socket.io/
WARNING 2026-01-12 15:49:29,344 basehttp 33904 36696 "GET /socket.io/?EIO=4&transport=websocket HTTP/1.1" 404 2392
WARNING 2026-01-12 15:49:38,778 log 33904 23412 Not Found: /socket.io/
WARNING 2026-01-12 15:49:38,779 basehttp 33904 23412 "GET /socket.io/?EIO=4&transport=websocket HTTP/1.1" 404 2392
WARNING 2026-01-12 15:49:44,666 log 33904 8728 Not Found: /socket.io/
WARNING 2026-01-12 15:49:44,668 basehttp 33904 8728 "GET /socket.io/?EIO=4&transport=websocket HTTP/1.1" 404 2392
WARNING 2026-01-12 15:49:44,994 log 33904 21188 Not Found: /socket.io/
WARNING 2026-01-12 15:49:44,995 basehttp 33904 21188 "GET /socket.io/?EIO=4&transport=websocket HTTP/1.1" 404 2392
WARNING 2026-01-12 15:49:45,324 log 33904 2784 Not Found: /socket.io/
WARNING 2026-01-12 15:49:45,325 basehttp 33904 2784 "GET /socket.io/?EIO=4&transport=websocket HTTP/1.1" 404 2392
WARNING 2026-01-12 15:49:50,686 log 33904 37136 Not Found: /socket.io/
WARNING 2026-01-12 15:49:50,688 basehttp 33904 37136 "GET /socket.io/?EIO=4&transport=websocket HTTP/1.1" 404 2392
WARNING 2026-01-12 15:49:56,679 log 33904 23280 Not Found: /socket.io/
WARNING 2026-01-12 15:49:56,681 basehttp 33904 23280 "GET /socket.io/?EIO=4&transport=websocket HTTP/1.1" 404 2392
WARNING 2026-01-12 15:49:57,004 log 33904 30852 Not Found: /socket.io/
WARNING 2026-01-12 15:49:57,006 basehttp 33904 30852 "GET /socket.io/?EIO=4&transport=websocket HTTP/1.1" 404 2392
WARNING 2026-01-12 15:50:02,698 log 33904 36756 Not Found: /socket.io/
WARNING 2026-01-12 15:50:02,699 basehttp 33904 36756 "GET /socket.io/?EIO=4&transport=websocket HTTP/1.1" 404 2392
WARNING 2026-01-12 15:50:08,676 log 33904 31848 Not Found: /socket.io/
WARNING 2026-01-12 15:50:08,677 basehttp 33904 31848 "GET /socket.io/?EIO=4&transport=websocket HTTP/1.1" 404 2392
WARNING 2026-01-12 15:50:09,008 log 33904 6576 Not Found: /socket.io/
WARNING 2026-01-12 15:50:09,009 basehttp 33904 6576 "GET /socket.io/?EIO=4&transport=websocket HTTP/1.1" 404 2392
WARNING 2026-01-12 15:50:09,362 log 33904 26824 Not Found: /socket.io/
WARNING 2026-01-12 15:50:09,363 basehttp 33904 26824 "GET /socket.io/?EIO=4&transport=websocket HTTP/1.1" 404 2392
WARNING 2026-01-12 15:50:09,742 log 33904 38040 Not Found: /socket.io/
WARNING 2026-01-12 15:50:09,743 basehttp 33904 38040 "GET /socket.io/?EIO=4&transport=websocket HTTP/1.1" 404 2392
WARNING 2026-01-12 15:50:15,803 log 33904 36860 Not Found: /socket.io/
WARNING 2026-01-12 15:50:15,804 basehttp 33904 36860 "GET /socket.io/?EIO=4&transport=websocket HTTP/1.1" 404 2392
WARNING 2026-01-12 15:50:16,276 log 33904 23436 Not Found: /socket.io/
WARNING 2026-01-12 15:50:16,277 basehttp 33904 23436 "GET /socket.io/?EIO=4&transport=websocket HTTP/1.1" 404 2392
WARNING 2026-01-12 15:50:16,773 log 33904 17024 Not Found: /socket.io/
WARNING 2026-01-12 15:50:16,774 basehttp 33904 17024 "GET /socket.io/?EIO=4&transport=websocket HTTP/1.1" 404 2392
WARNING 2026-01-12 15:50:23,451 log 33904 26960 Not Found: /socket.io/
WARNING 2026-01-12 15:50:23,451 basehttp 33904 26960 "GET /socket.io/?EIO=4&transport=websocket HTTP/1.1" 404 2392
WARNING 2026-01-12 15:50:32,079 log 33904 5376 Not Found: /socket.io/
WARNING 2026-01-12 15:50:32,079 basehttp 33904 5376 "GET /socket.io/?EIO=4&transport=websocket HTTP/1.1" 404 2392
WARNING 2026-01-12 15:50:37,416 log 33904 3460 Not Found: /socket.io/
WARNING 2026-01-12 15:50:37,418 basehttp 33904 3460 "GET /socket.io/?EIO=4&transport=websocket HTTP/1.1" 404 2392
WARNING 2026-01-12 15:50:48,191 log 33904 28916 Not Found: /socket.io/
WARNING 2026-01-12 15:50:48,192 basehttp 33904 28916 "GET /socket.io/?EIO=4&transport=websocket HTTP/1.1" 404 2392
WARNING 2026-01-12 15:50:58,558 log 33904 29140 Not Found: /socket.io/
WARNING 2026-01-12 15:50:58,560 basehttp 33904 29140 "GET /socket.io/?EIO=4&transport=websocket HTTP/1.1" 404 2392
WARNING 2026-01-12 15:51:00,510 log 33904 16672 Not Found: /socket.io/
WARNING 2026-01-12 15:51:00,512 basehttp 33904 16672 "GET /socket.io/?EIO=4&transport=websocket HTTP/1.1" 404 2392
WARNING 2026-01-12 15:51:04,604 log 33904 21200 Not Found: /socket.io/
WARNING 2026-01-12 15:51:04,605 basehttp 33904 21200 "GET /socket.io/?EIO=4&transport=websocket HTTP/1.1" 404 2392
WARNING 2026-01-12 15:51:06,481 log 33904 20056 Not Found: /socket.io/
WARNING 2026-01-12 15:51:06,483 basehttp 33904 20056 "GET /socket.io/?EIO=4&transport=websocket HTTP/1.1" 404 2392
WARNING 2026-01-12 15:51:09,837 log 33904 38020 Not Found: /socket.io/
WARNING 2026-01-12 15:51:09,839 basehttp 33904 38020 "GET /socket.io/?EIO=4&transport=websocket HTTP/1.1" 404 2392
WARNING 2026-01-12 15:51:14,238 log 33904 36976 Not Found: /socket.io/
WARNING 2026-01-12 15:51:14,239 basehttp 33904 36976 "GET /socket.io/?EIO=4&transport=websocket HTTP/1.1" 404 2392
WARNING 2026-01-12 15:51:22,485 log 33904 38168 Not Found: /socket.io/
WARNING 2026-01-12 15:51:22,487 basehttp 33904 38168 "GET /socket.io/?EIO=4&transport=websocket HTTP/1.1" 404 2392
WARNING 2026-01-12 15:51:27,577 log 33904 25204 Not Found: /socket.io/
WARNING 2026-01-12 15:51:27,577 basehttp 33904 25204 "GET /socket.io/?EIO=4&transport=websocket HTTP/1.1" 404 2392
WARNING 2026-01-12 15:51:30,821 log 33904 5896 Not Found: /socket.io/
WARNING 2026-01-12 15:51:30,822 basehttp 33904 5896 "GET /socket.io/?EIO=4&transport=websocket HTTP/1.1" 404 2392
WARNING 2026-01-12 15:51:39,177 log 33904 10108 Not Found: /socket.io/
WARNING 2026-01-12 15:51:39,178 basehttp 33904 10108 "GET /socket.io/?EIO=4&transport=websocket HTTP/1.1" 404 2392
WARNING 2026-01-12 15:51:43,640 log 33904 38728 Not Found: /socket.io/
WARNING 2026-01-12 15:51:43,641 basehttp 33904 38728 "GET /socket.io/?EIO=4&transport=websocket HTTP/1.1" 404 2392
WARNING 2026-01-12 15:51:45,077 log 33904 31448 Not Found: /socket.io/
WARNING 2026-01-12 15:51:45,079 basehttp 33904 31448 "GET /socket.io/?EIO=4&transport=websocket HTTP/1.1" 404 2392
WARNING 2026-01-12 15:51:46,509 log 33904 30780 Not Found: /socket.io/
WARNING 2026-01-12 15:51:46,509 basehttp 33904 30780 "GET /socket.io/?EIO=4&transport=websocket HTTP/1.1" 404 2392
WARNING 2026-01-12 15:51:54,405 log 33904 37740 Not Found: /socket.io/
WARNING 2026-01-12 15:51:54,406 basehttp 33904 37740 "GET /socket.io/?EIO=4&transport=websocket HTTP/1.1" 404 2392
WARNING 2026-01-12 15:51:56,014 log 33904 37168 Not Found: /socket.io/
WARNING 2026-01-12 15:51:56,016 basehttp 33904 37168 "GET /socket.io/?EIO=4&transport=websocket HTTP/1.1" 404 2392
WARNING 2026-01-12 15:51:59,762 log 33904 19760 Not Found: /socket.io/
WARNING 2026-01-12 15:51:59,763 basehttp 33904 19760 "GET /socket.io/?EIO=4&transport=websocket HTTP/1.1" 404 2392
WARNING 2026-01-12 15:52:07,823 log 33904 35424 Not Found: /socket.io/
WARNING 2026-01-12 15:52:07,824 basehttp 33904 35424 "GET /socket.io/?EIO=4&transport=websocket HTTP/1.1" 404 2392
WARNING 2026-01-12 15:52:18,642 log 33904 36792 Not Found: /socket.io/
WARNING 2026-01-12 15:52:18,643 basehttp 33904 36792 "GET /socket.io/?EIO=4&transport=websocket HTTP/1.1" 404 2392
WARNING 2026-01-12 15:52:28,308 log 33904 31120 Not Found: /socket.io/
WARNING 2026-01-12 15:52:28,309 basehttp 33904 31120 "GET /socket.io/?EIO=4&transport=websocket HTTP/1.1" 404 2392
WARNING 2026-01-12 15:52:31,826 log 33904 2536 Not Found: /socket.io/
WARNING 2026-01-12 15:52:31,827 basehttp 33904 2536 "GET /socket.io/?EIO=4&transport=websocket HTTP/1.1" 404 2392
WARNING 2026-01-12 15:52:34,103 log 33904 6332 Not Found: /socket.io/
WARNING 2026-01-12 15:52:34,104 basehttp 33904 6332 "GET /socket.io/?EIO=4&transport=websocket HTTP/1.1" 404 2392
WARNING 2026-01-12 15:52:37,550 log 33904 38288 Not Found: /socket.io/
WARNING 2026-01-12 15:52:37,551 basehttp 33904 38288 "GET /socket.io/?EIO=4&transport=websocket HTTP/1.1" 404 2392
WARNING 2026-01-12 15:52:47,115 log 33904 11592 Not Found: /socket.io/
WARNING 2026-01-12 15:52:47,115 basehttp 33904 11592 "GET /socket.io/?EIO=4&transport=websocket HTTP/1.1" 404 2392
WARNING 2026-01-12 15:52:57,048 log 33904 27084 Not Found: /socket.io/
WARNING 2026-01-12 15:52:57,049 basehttp 33904 27084 "GET /socket.io/?EIO=4&transport=websocket HTTP/1.1" 404 2392
WARNING 2026-01-12 15:53:00,731 log 33904 35820 Not Found: /socket.io/
WARNING 2026-01-12 15:53:00,731 basehttp 33904 35820 "GET /socket.io/?EIO=4&transport=websocket HTTP/1.1" 404 2392
WARNING 2026-01-12 15:53:03,097 log 33904 36312 Not Found: /socket.io/
WARNING 2026-01-12 15:53:03,098 basehttp 33904 36312 "GET /socket.io/?EIO=4&transport=websocket HTTP/1.1" 404 2392
WARNING 2026-01-12 15:53:06,477 log 33904 35172 Not Found: /socket.io/
WARNING 2026-01-12 15:53:06,477 basehttp 33904 35172 "GET /socket.io/?EIO=4&transport=websocket HTTP/1.1" 404 2392
WARNING 2026-01-12 15:53:11,252 log 33904 26100 Not Found: /socket.io/
WARNING 2026-01-12 15:53:11,254 basehttp 33904 26100 "GET /socket.io/?EIO=4&transport=websocket HTTP/1.1" 404 2392
WARNING 2026-01-12 15:53:15,088 log 33904 36380 Not Found: /socket.io/
WARNING 2026-01-12 15:53:15,089 basehttp 33904 36380 "GET /socket.io/?EIO=4&transport=websocket HTTP/1.1" 404 2392
WARNING 2026-01-12 15:53:24,139 log 33904 36272 Not Found: /socket.io/
WARNING 2026-01-12 15:53:24,140 basehttp 33904 36272 "GET /socket.io/?EIO=4&transport=websocket HTTP/1.1" 404 2392
WARNING 2026-01-12 15:53:26,257 log 33904 16452 Not Found: /socket.io/
WARNING 2026-01-12 15:53:26,257 basehttp 33904 16452 "GET /socket.io/?EIO=4&transport=websocket HTTP/1.1" 404 2392
WARNING 2026-01-12 15:53:29,181 log 33904 15504 Not Found: /socket.io/
WARNING 2026-01-12 15:53:29,183 basehttp 33904 15504 "GET /socket.io/?EIO=4&transport=websocket HTTP/1.1" 404 2392
WARNING 2026-01-12 15:53:34,288 log 33904 38868 Not Found: /socket.io/
WARNING 2026-01-12 15:53:34,289 basehttp 33904 38868 "GET /socket.io/?EIO=4&transport=websocket HTTP/1.1" 404 2392
WARNING 2026-01-12 15:53:35,948 log 33904 23092 Not Found: /socket.io/
WARNING 2026-01-12 15:53:35,950 basehttp 33904 23092 "GET /socket.io/?EIO=4&transport=websocket HTTP/1.1" 404 2392
WARNING 2026-01-12 15:53:44,174 log 33904 34532 Not Found: /socket.io/
WARNING 2026-01-12 15:53:44,175 basehttp 33904 34532 "GET /socket.io/?EIO=4&transport=websocket HTTP/1.1" 404 2392
WARNING 2026-01-12 15:53:49,347 log 33904 9064 Not Found: /socket.io/
WARNING 2026-01-12 15:53:49,349 basehttp 33904 9064 "GET /socket.io/?EIO=4&transport=websocket HTTP/1.1" 404 2392
WARNING 2026-01-12 15:53:58,824 log 33904 35300 Not Found: /socket.io/
WARNING 2026-01-12 15:53:58,826 basehttp 33904 35300 "GET /socket.io/?EIO=4&transport=websocket HTTP/1.1" 404 2392
WARNING 2026-01-12 15:54:00,499 log 33904 34044 Not Found: /socket.io/
WARNING 2026-01-12 15:54:00,500 basehttp 33904 34044 "GET /socket.io/?EIO=4&transport=websocket HTTP/1.1" 404 2392
WARNING 2026-01-12 15:54:04,995 log 33904 31416 Not Found: /socket.io/
WARNING 2026-01-12 15:54:04,997 basehttp 33904 31416 "GET /socket.io/?EIO=4&transport=websocket HTTP/1.1" 404 2392
WARNING 2026-01-12 15:54:07,827 log 33904 29180 Not Found: /socket.io/
WARNING 2026-01-12 15:54:07,828 basehttp 33904 29180 "GET /socket.io/?EIO=4&transport=websocket HTTP/1.1" 404 2392
WARNING 2026-01-12 15:54:18,296 log 33904 24324 Not Found: /socket.io/
WARNING 2026-01-12 15:54:18,297 basehttp 33904 24324 "GET /socket.io/?EIO=4&transport=websocket HTTP/1.1" 404 2392
WARNING 2026-01-12 15:54:21,161 log 33904 29508 Not Found: /socket.io/
WARNING 2026-01-12 15:54:21,163 basehttp 33904 29508 "GET /socket.io/?EIO=4&transport=websocket HTTP/1.1" 404 2392
WARNING 2026-01-12 15:54:28,482 log 33904 21176 Not Found: /socket.io/
WARNING 2026-01-12 15:54:28,483 basehttp 33904 21176 "GET /socket.io/?EIO=4&transport=websocket HTTP/1.1" 404 2392
WARNING 2026-01-12 15:54:30,903 log 33904 29424 Not Found: /socket.io/
WARNING 2026-01-12 15:54:30,904 basehttp 33904 29424 "GET /socket.io/?EIO=4&transport=websocket HTTP/1.1" 404 2392
WARNING 2026-01-12 15:54:32,311 log 33904 16848 Not Found: /socket.io/
WARNING 2026-01-12 15:54:32,313 basehttp 33904 16848 "GET /socket.io/?EIO=4&transport=websocket HTTP/1.1" 404 2392
WARNING 2026-01-12 15:54:37,447 log 33904 37720 Not Found: /socket.io/
WARNING 2026-01-12 15:54:37,449 basehttp 33904 37720 "GET /socket.io/?EIO=4&transport=websocket HTTP/1.1" 404 2392
WARNING 2026-01-12 15:54:40,768 log 33904 20468 Not Found: /socket.io/
WARNING 2026-01-12 15:54:40,769 basehttp 33904 20468 "GET /socket.io/?EIO=4&transport=websocket HTTP/1.1" 404 2392
WARNING 2026-01-12 15:54:51,367 log 33904 3728 Not Found: /socket.io/
WARNING 2026-01-12 15:54:51,368 basehttp 33904 3728 "GET /socket.io/?EIO=4&transport=websocket HTTP/1.1" 404 2392
WARNING 2026-01-12 15:54:54,111 log 33904 36184 Not Found: /socket.io/
WARNING 2026-01-12 15:54:54,112 basehttp 33904 36184 "GET /socket.io/?EIO=4&transport=websocket HTTP/1.1" 404 2392
WARNING 2026-01-12 15:54:57,797 log 33904 38464 Not Found: /socket.io/
WARNING 2026-01-12 15:54:57,799 basehttp 33904 38464 "GET /socket.io/?EIO=4&transport=websocket HTTP/1.1" 404 2392
WARNING 2026-01-12 15:55:02,122 log 33904 19652 Not Found: /socket.io/
WARNING 2026-01-12 15:55:02,123 basehttp 33904 19652 "GET /socket.io/?EIO=4&transport=websocket HTTP/1.1" 404 2392
WARNING 2026-01-12 15:55:09,789 log 33904 23692 Not Found: /socket.io/
WARNING 2026-01-12 15:55:09,791 basehttp 33904 23692 "GET /socket.io/?EIO=4&transport=websocket HTTP/1.1" 404 2392
WARNING 2026-01-12 15:55:19,038 log 33904 38624 Not Found: /socket.io/
WARNING 2026-01-12 15:55:19,040 basehttp 33904 38624 "GET /socket.io/?EIO=4&transport=websocket HTTP/1.1" 404 2392
WARNING 2026-01-12 15:55:28,721 log 33904 28316 Not Found: /socket.io/
WARNING 2026-01-12 15:55:28,723 basehttp 33904 28316 "GET /socket.io/?EIO=4&transport=websocket HTTP/1.1" 404 2392
WARNING 2026-01-12 15:55:30,165 log 33904 35444 Not Found: /socket.io/
WARNING 2026-01-12 15:55:30,166 basehttp 33904 35444 "GET /socket.io/?EIO=4&transport=websocket HTTP/1.1" 404 2392
WARNING 2026-01-12 15:55:31,870 log 33904 7832 Not Found: /socket.io/
WARNING 2026-01-12 15:55:31,871 basehttp 33904 7832 "GET /socket.io/?EIO=4&transport=websocket HTTP/1.1" 404 2392
WARNING 2026-01-12 15:55:39,669 log 33904 4268 Not Found: /socket.io/
WARNING 2026-01-12 15:55:39,671 basehttp 33904 4268 "GET /socket.io/?EIO=4&transport=websocket HTTP/1.1" 404 2392
WARNING 2026-01-12 15:55:45,672 log 33904 27420 Not Found: /socket.io/
WARNING 2026-01-12 15:55:45,674 basehttp 33904 27420 "GET /socket.io/?EIO=4&transport=websocket HTTP/1.1" 404 2392
WARNING 2026-01-12 15:55:51,679 log 33904 24504 Not Found: /socket.io/
WARNING 2026-01-12 15:55:51,681 basehttp 33904 24504 "GET /socket.io/?EIO=4&transport=websocket HTTP/1.1" 404 2392
WARNING 2026-01-12 15:55:52,005 log 33904 10776 Not Found: /socket.io/
WARNING 2026-01-12 15:55:52,006 basehttp 33904 10776 "GET /socket.io/?EIO=4&transport=websocket HTTP/1.1" 404 2392
WARNING 2026-01-12 15:55:57,678 log 33904 34864 Not Found: /socket.io/
WARNING 2026-01-12 15:55:57,680 basehttp 33904 34864 "GET /socket.io/?EIO=4&transport=websocket HTTP/1.1" 404 2392
WARNING 2026-01-12 15:56:03,698 log 33904 36724 Not Found: /socket.io/
WARNING 2026-01-12 15:56:03,699 basehttp 33904 36724 "GET /socket.io/?EIO=4&transport=websocket HTTP/1.1" 404 2392
WARNING 2026-01-12 15:56:09,672 log 33904 4572 Not Found: /socket.io/
WARNING 2026-01-12 15:56:09,673 basehttp 33904 4572 "GET /socket.io/?EIO=4&transport=websocket HTTP/1.1" 404 2392
WARNING 2026-01-12 15:56:15,698 log 33904 20708 Not Found: /socket.io/
WARNING 2026-01-12 15:56:15,699 basehttp 33904 20708 "GET /socket.io/?EIO=4&transport=websocket HTTP/1.1" 404 2392
WARNING 2026-01-12 15:56:16,040 log 33904 19696 Not Found: /socket.io/
WARNING 2026-01-12 15:56:16,041 basehttp 33904 19696 "GET /socket.io/?EIO=4&transport=websocket HTTP/1.1" 404 2392
WARNING 2026-01-12 15:56:16,383 log 33904 17632 Not Found: /socket.io/
WARNING 2026-01-12 15:56:16,384 basehttp 33904 17632 "GET /socket.io/?EIO=4&transport=websocket HTTP/1.1" 404 2392
WARNING 2026-01-12 15:56:22,708 log 33904 25996 Not Found: /socket.io/
WARNING 2026-01-12 15:56:22,708 basehttp 33904 25996 "GET /socket.io/?EIO=4&transport=websocket HTTP/1.1" 404 2392
WARNING 2026-01-12 15:56:23,082 log 33904 30428 Not Found: /socket.io/
WARNING 2026-01-12 15:56:23,082 basehttp 33904 30428 "GET /socket.io/?EIO=4&transport=websocket HTTP/1.1" 404 2392
WARNING 2026-01-12 15:56:28,758 log 33904 22512 Not Found: /socket.io/
WARNING 2026-01-12 15:56:28,760 basehttp 33904 22512 "GET /socket.io/?EIO=4&transport=websocket HTTP/1.1" 404 2392
WARNING 2026-01-12 15:56:34,958 log 33904 34420 Not Found: /socket.io/
WARNING 2026-01-12 15:56:34,959 basehttp 33904 34420 "GET /socket.io/?EIO=4&transport=websocket HTTP/1.1" 404 2392
WARNING 2026-01-12 15:56:35,610 log 33904 30052 Not Found: /socket.io/
WARNING 2026-01-12 15:56:35,612 basehttp 33904 30052 "GET /socket.io/?EIO=4&transport=websocket HTTP/1.1" 404 2392
WARNING 2026-01-12 15:56:42,236 log 33904 31192 Not Found: /socket.io/
WARNING 2026-01-12 15:56:42,238 basehttp 33904 31192 "GET /socket.io/?EIO=4&transport=websocket HTTP/1.1" 404 2392
WARNING 2026-01-12 15:56:44,190 log 33904 11732 Not Found: /socket.io/
WARNING 2026-01-12 15:56:44,192 basehttp 33904 11732 "GET /socket.io/?EIO=4&transport=websocket HTTP/1.1" 404 2392
WARNING 2026-01-12 15:56:52,775 log 33904 24368 Not Found: /socket.io/
WARNING 2026-01-12 15:56:52,776 basehttp 33904 24368 "GET /socket.io/?EIO=4&transport=websocket HTTP/1.1" 404 2392
WARNING 2026-01-12 15:57:01,120 log 33904 36736 Not Found: /socket.io/
WARNING 2026-01-12 15:57:01,121 basehttp 33904 36736 "GET /socket.io/?EIO=4&transport=websocket HTTP/1.1" 404 2392
WARNING 2026-01-12 15:57:06,236 log 33904 19564 Not Found: /socket.io/
WARNING 2026-01-12 15:57:06,238 basehttp 33904 19564 "GET /socket.io/?EIO=4&transport=websocket HTTP/1.1" 404 2392
WARNING 2026-01-12 15:57:16,609 log 33904 9164 Not Found: /socket.io/
WARNING 2026-01-12 15:57:16,610 basehttp 33904 9164 "GET /socket.io/?EIO=4&transport=websocket HTTP/1.1" 404 2392
WARNING 2026-01-12 15:57:18,519 log 33904 24016 Not Found: /socket.io/
WARNING 2026-01-12 15:57:18,520 basehttp 33904 24016 "GET /socket.io/?EIO=4&transport=websocket HTTP/1.1" 404 2392
WARNING 2026-01-12 15:57:23,553 log 33904 29408 Not Found: /socket.io/
WARNING 2026-01-12 15:57:23,555 basehttp 33904 29408 "GET /socket.io/?EIO=4&transport=websocket HTTP/1.1" 404 2392
WARNING 2026-01-12 15:57:28,655 log 33904 37304 Not Found: /socket.io/
WARNING 2026-01-12 15:57:28,657 basehttp 33904 37304 "GET /socket.io/?EIO=4&transport=websocket HTTP/1.1" 404 2392
WARNING 2026-01-12 15:57:33,517 log 33904 14368 Not Found: /socket.io/
WARNING 2026-01-12 15:57:33,518 basehttp 33904 14368 "GET /socket.io/?EIO=4&transport=websocket HTTP/1.1" 404 2392
WARNING 2026-01-12 15:57:36,371 log 33904 31540 Not Found: /socket.io/
WARNING 2026-01-12 15:57:36,373 basehttp 33904 31540 "GET /socket.io/?EIO=4&transport=websocket HTTP/1.1" 404 2392
WARNING 2026-01-12 15:57:38,725 log 33904 38776 Not Found: /socket.io/
WARNING 2026-01-12 15:57:38,727 basehttp 33904 38776 "GET /socket.io/?EIO=4&transport=websocket HTTP/1.1" 404 2392
WARNING 2026-01-12 15:57:48,009 log 33904 35728 Not Found: /socket.io/
WARNING 2026-01-12 15:57:48,011 basehttp 33904 35728 "GET /socket.io/?EIO=4&transport=websocket HTTP/1.1" 404 2392
WARNING 2026-01-12 15:57:56,281 log 33904 30040 Not Found: /socket.io/
WARNING 2026-01-12 15:57:56,281 basehttp 33904 30040 "GET /socket.io/?EIO=4&transport=websocket HTTP/1.1" 404 2392
WARNING 2026-01-12 15:57:59,505 log 33904 18440 Not Found: /socket.io/
WARNING 2026-01-12 15:57:59,505 basehttp 33904 18440 "GET /socket.io/?EIO=4&transport=websocket HTTP/1.1" 404 2392
WARNING 2026-01-12 15:58:03,895 log 33904 36988 Not Found: /socket.io/
WARNING 2026-01-12 15:58:03,898 basehttp 33904 36988 "GET /socket.io/?EIO=4&transport=websocket HTTP/1.1" 404 2392
WARNING 2026-01-12 15:58:14,121 log 33904 35928 Not Found: /socket.io/
WARNING 2026-01-12 15:58:14,122 basehttp 33904 35928 "GET /socket.io/?EIO=4&transport=websocket HTTP/1.1" 404 2392
WARNING 2026-01-12 15:58:23,470 log 33904 38040 Not Found: /socket.io/
WARNING 2026-01-12 15:58:23,471 basehttp 33904 38040 "GET /socket.io/?EIO=4&transport=websocket HTTP/1.1" 404 2392
WARNING 2026-01-12 15:58:31,515 log 33904 35108 Not Found: /socket.io/
WARNING 2026-01-12 15:58:31,516 basehttp 33904 35108 "GET /socket.io/?EIO=4&transport=websocket HTTP/1.1" 404 2392
WARNING 2026-01-12 15:58:36,615 log 33904 30996 Not Found: /socket.io/
WARNING 2026-01-12 15:58:36,616 basehttp 33904 30996 "GET /socket.io/?EIO=4&transport=websocket HTTP/1.1" 404 2392
WARNING 2026-01-12 15:58:46,290 log 33904 38440 Not Found: /socket.io/
WARNING 2026-01-12 15:58:46,291 basehttp 33904 38440 "GET /socket.io/?EIO=4&transport=websocket HTTP/1.1" 404 2392
WARNING 2026-01-12 15:58:54,647 log 33904 28904 Not Found: /socket.io/
WARNING 2026-01-12 15:58:54,648 basehttp 33904 28904 "GET /socket.io/?EIO=4&transport=websocket HTTP/1.1" 404 2392
WARNING 2026-01-12 15:59:04,383 log 33904 9644 Not Found: /socket.io/
WARNING 2026-01-12 15:59:04,383 basehttp 33904 9644 "GET /socket.io/?EIO=4&transport=websocket HTTP/1.1" 404 2392
WARNING 2026-01-12 15:59:12,521 log 33904 31776 Not Found: /socket.io/
WARNING 2026-01-12 15:59:12,522 basehttp 33904 31776 "GET /socket.io/?EIO=4&transport=websocket HTTP/1.1" 404 2392
WARNING 2026-01-12 15:59:17,839 log 33904 21140 Not Found: /socket.io/
WARNING 2026-01-12 15:59:17,840 basehttp 33904 21140 "GET /socket.io/?EIO=4&transport=websocket HTTP/1.1" 404 2392
WARNING 2026-01-12 15:59:28,429 log 33904 37920 Not Found: /socket.io/
WARNING 2026-01-12 15:59:28,431 basehttp 33904 37920 "GET /socket.io/?EIO=4&transport=websocket HTTP/1.1" 404 2392
WARNING 2026-01-12 15:59:38,540 log 33904 19760 Not Found: /socket.io/
WARNING 2026-01-12 15:59:38,541 basehttp 33904 19760 "GET /socket.io/?EIO=4&transport=websocket HTTP/1.1" 404 2392
WARNING 2026-01-12 15:59:42,054 log 33904 38316 Not Found: /socket.io/
WARNING 2026-01-12 15:59:42,055 basehttp 33904 38316 "GET /socket.io/?EIO=4&transport=websocket HTTP/1.1" 404 2392
WARNING 2026-01-12 15:59:47,686 log 33904 35976 Not Found: /socket.io/
WARNING 2026-01-12 15:59:47,688 basehttp 33904 35976 "GET /socket.io/?EIO=4&transport=websocket HTTP/1.1" 404 2392
WARNING 2026-01-12 15:59:48,014 log 33904 37732 Not Found: /socket.io/
WARNING 2026-01-12 15:59:48,016 basehttp 33904 37732 "GET /socket.io/?EIO=4&transport=websocket HTTP/1.1" 404 2392
WARNING 2026-01-12 15:59:48,343 log 33904 36628 Not Found: /socket.io/
WARNING 2026-01-12 15:59:48,345 basehttp 33904 36628 "GET /socket.io/?EIO=4&transport=websocket HTTP/1.1" 404 2392
WARNING 2026-01-12 15:59:54,686 log 33904 11352 Not Found: /socket.io/
WARNING 2026-01-12 15:59:54,689 basehttp 33904 11352 "GET /socket.io/?EIO=4&transport=websocket HTTP/1.1" 404 2392
WARNING 2026-01-12 16:00:00,689 log 33904 7460 Not Found: /socket.io/
WARNING 2026-01-12 16:00:00,691 basehttp 33904 7460 "GET /socket.io/?EIO=4&transport=websocket HTTP/1.1" 404 2392
WARNING 2026-01-12 16:00:01,035 log 33904 34348 Not Found: /socket.io/
WARNING 2026-01-12 16:00:01,037 basehttp 33904 34348 "GET /socket.io/?EIO=4&transport=websocket HTTP/1.1" 404 2392
WARNING 2026-01-12 16:00:01,382 log 33904 38356 Not Found: /socket.io/
WARNING 2026-01-12 16:00:01,384 basehttp 33904 38356 "GET /socket.io/?EIO=4&transport=websocket HTTP/1.1" 404 2392
WARNING 2026-01-12 16:00:07,695 log 33904 23860 Not Found: /socket.io/
WARNING 2026-01-12 16:00:07,696 basehttp 33904 23860 "GET /socket.io/?EIO=4&transport=websocket HTTP/1.1" 404 2392
WARNING 2026-01-12 16:00:08,036 log 33904 34428 Not Found: /socket.io/
WARNING 2026-01-12 16:00:08,038 basehttp 33904 34428 "GET /socket.io/?EIO=4&transport=websocket HTTP/1.1" 404 2392
WARNING 2026-01-12 16:00:08,394 log 33904 25140 Not Found: /socket.io/
WARNING 2026-01-12 16:00:08,397 basehttp 33904 25140 "GET /socket.io/?EIO=4&transport=websocket HTTP/1.1" 404 2392
WARNING 2026-01-12 16:00:14,698 log 33904 34136 Not Found: /socket.io/
WARNING 2026-01-12 16:00:14,699 basehttp 33904 34136 "GET /socket.io/?EIO=4&transport=websocket HTTP/1.1" 404 2392
WARNING 2026-01-12 16:00:15,193 log 33904 36776 Not Found: /socket.io/
WARNING 2026-01-12 16:00:15,195 basehttp 33904 36776 "GET /socket.io/?EIO=4&transport=websocket HTTP/1.1" 404 2392
WARNING 2026-01-12 16:00:15,613 log 33904 10624 Not Found: /socket.io/
WARNING 2026-01-12 16:00:15,615 basehttp 33904 10624 "GET /socket.io/?EIO=4&transport=websocket HTTP/1.1" 404 2392
WARNING 2026-01-12 16:00:16,380 log 33904 36956 Not Found: /socket.io/
WARNING 2026-01-12 16:00:16,382 basehttp 33904 36956 "GET /socket.io/?EIO=4&transport=websocket HTTP/1.1" 404 2392
WARNING 2026-01-12 16:00:17,228 log 33904 38164 Not Found: /socket.io/
WARNING 2026-01-12 16:00:17,228 basehttp 33904 38164 "GET /socket.io/?EIO=4&transport=websocket HTTP/1.1" 404 2392
WARNING 2026-01-12 16:00:23,828 log 33904 17972 Not Found: /socket.io/
WARNING 2026-01-12 16:00:23,829 basehttp 33904 17972 "GET /socket.io/?EIO=4&transport=websocket HTTP/1.1" 404 2392
WARNING 2026-01-12 16:00:31,172 log 33904 16452 Not Found: /socket.io/
WARNING 2026-01-12 16:00:31,173 basehttp 33904 16452 "GET /socket.io/?EIO=4&transport=websocket HTTP/1.1" 404 2392
WARNING 2026-01-12 16:00:33,391 log 33904 34040 Not Found: /socket.io/
WARNING 2026-01-12 16:00:33,393 basehttp 33904 34040 "GET /socket.io/?EIO=4&transport=websocket HTTP/1.1" 404 2392
WARNING 2026-01-12 16:00:36,418 log 33904 15504 Not Found: /socket.io/
WARNING 2026-01-12 16:00:36,419 basehttp 33904 15504 "GET /socket.io/?EIO=4&transport=websocket HTTP/1.1" 404 2392
WARNING 2026-01-12 16:00:39,154 log 33904 20920 Not Found: /socket.io/
WARNING 2026-01-12 16:00:39,155 basehttp 33904 20920 "GET /socket.io/?EIO=4&transport=websocket HTTP/1.1" 404 2392
WARNING 2026-01-12 16:00:47,411 log 33904 35296 Not Found: /socket.io/
WARNING 2026-01-12 16:00:47,412 basehttp 33904 35296 "GET /socket.io/?EIO=4&transport=websocket HTTP/1.1" 404 2392
WARNING 2026-01-12 16:00:56,227 log 33904 36424 Not Found: /socket.io/
WARNING 2026-01-12 16:00:56,227 basehttp 33904 36424 "GET /socket.io/?EIO=4&transport=websocket HTTP/1.1" 404 2392
WARNING 2026-01-12 16:00:59,237 log 33904 34116 Not Found: /socket.io/
WARNING 2026-01-12 16:00:59,238 basehttp 33904 34116 "GET /socket.io/?EIO=4&transport=websocket HTTP/1.1" 404 2392
WARNING 2026-01-12 16:01:03,040 log 33904 36220 Not Found: /socket.io/
WARNING 2026-01-12 16:01:03,041 basehttp 33904 36220 "GET /socket.io/?EIO=4&transport=websocket HTTP/1.1" 404 2392
WARNING 2026-01-12 16:01:11,272 log 33904 33068 Not Found: /socket.io/
WARNING 2026-01-12 16:01:11,272 basehttp 33904 33068 "GET /socket.io/?EIO=4&transport=websocket HTTP/1.1" 404 2392
WARNING 2026-01-12 16:01:18,085 log 33904 20012 Not Found: /socket.io/
WARNING 2026-01-12 16:01:18,087 basehttp 33904 20012 "GET /socket.io/?EIO=4&transport=websocket HTTP/1.1" 404 2392
WARNING 2026-01-12 16:01:22,939 log 33904 30116 Not Found: /socket.io/
WARNING 2026-01-12 16:01:22,941 basehttp 33904 30116 "GET /socket.io/?EIO=4&transport=websocket HTTP/1.1" 404 2392
WARNING 2026-01-12 16:01:32,047 log 33904 10364 Not Found: /socket.io/
WARNING 2026-01-12 16:01:32,047 basehttp 33904 10364 "GET /socket.io/?EIO=4&transport=websocket HTTP/1.1" 404 2392
WARNING 2026-01-12 16:01:42,436 log 33904 31820 Not Found: /socket.io/
WARNING 2026-01-12 16:01:42,437 basehttp 33904 31820 "GET /socket.io/?EIO=4&transport=websocket HTTP/1.1" 404 2392
WARNING 2026-01-12 16:01:45,267 log 33904 37612 Not Found: /socket.io/
WARNING 2026-01-12 16:01:45,268 basehttp 33904 37612 "GET /socket.io/?EIO=4&transport=websocket HTTP/1.1" 404 2392
WARNING 2026-01-12 16:01:47,612 log 33904 31028 Not Found: /socket.io/
WARNING 2026-01-12 16:01:47,614 basehttp 33904 31028 "GET /socket.io/?EIO=4&transport=websocket HTTP/1.1" 404 2392
WARNING 2026-01-12 16:01:49,356 log 33904 32740 Not Found: /socket.io/
WARNING 2026-01-12 16:01:49,357 basehttp 33904 32740 "GET /socket.io/?EIO=4&transport=websocket HTTP/1.1" 404 2392
WARNING 2026-01-12 16:01:51,040 log 33904 15524 Not Found: /socket.io/
WARNING 2026-01-12 16:01:51,041 basehttp 33904 15524 "GET /socket.io/?EIO=4&transport=websocket HTTP/1.1" 404 2392
WARNING 2026-01-12 16:01:59,754 log 33904 19676 Not Found: /socket.io/
WARNING 2026-01-12 16:01:59,756 basehttp 33904 19676 "GET /socket.io/?EIO=4&transport=websocket HTTP/1.1" 404 2392
WARNING 2026-01-12 16:02:02,904 log 33904 22548 Not Found: /socket.io/
WARNING 2026-01-12 16:02:02,906 basehttp 33904 22548 "GET /socket.io/?EIO=4&transport=websocket HTTP/1.1" 404 2392
WARNING 2026-01-12 16:02:10,975 log 33904 23692 Not Found: /socket.io/
WARNING 2026-01-12 16:02:10,975 basehttp 33904 23692 "GET /socket.io/?EIO=4&transport=websocket HTTP/1.1" 404 2392
WARNING 2026-01-12 16:02:21,116 log 33904 31196 Not Found: /socket.io/
WARNING 2026-01-12 16:02:21,116 basehttp 33904 31196 "GET /socket.io/?EIO=4&transport=websocket HTTP/1.1" 404 2392
WARNING 2026-01-12 16:02:24,419 log 33904 18788 Not Found: /socket.io/
WARNING 2026-01-12 16:02:24,421 basehttp 33904 18788 "GET /socket.io/?EIO=4&transport=websocket HTTP/1.1" 404 2392
WARNING 2026-01-12 16:02:33,114 log 33904 38624 Not Found: /socket.io/
WARNING 2026-01-12 16:02:33,115 basehttp 33904 38624 "GET /socket.io/?EIO=4&transport=websocket HTTP/1.1" 404 2392
WARNING 2026-01-12 16:02:43,509 log 33904 20356 Not Found: /socket.io/
WARNING 2026-01-12 16:02:43,510 basehttp 33904 20356 "GET /socket.io/?EIO=4&transport=websocket HTTP/1.1" 404 2392
WARNING 2026-01-12 16:02:47,490 log 33904 22236 Not Found: /socket.io/
WARNING 2026-01-12 16:02:47,493 basehttp 33904 22236 "GET /socket.io/?EIO=4&transport=websocket HTTP/1.1" 404 2392
WARNING 2026-01-12 16:02:52,705 log 33904 2448 Not Found: /socket.io/
WARNING 2026-01-12 16:02:52,706 basehttp 33904 2448 "GET /socket.io/?EIO=4&transport=websocket HTTP/1.1" 404 2392
WARNING 2026-01-12 16:02:55,776 log 33904 31128 Not Found: /socket.io/
WARNING 2026-01-12 16:02:55,777 basehttp 33904 31128 "GET /socket.io/?EIO=4&transport=websocket HTTP/1.1" 404 2392
WARNING 2026-01-12 16:03:05,826 log 33904 35888 Not Found: /socket.io/
WARNING 2026-01-12 16:03:05,828 basehttp 33904 35888 "GET /socket.io/?EIO=4&transport=websocket HTTP/1.1" 404 2392
WARNING 2026-01-12 16:03:09,142 log 33904 20212 Not Found: /socket.io/
WARNING 2026-01-12 16:03:09,144 basehttp 33904 20212 "GET /socket.io/?EIO=4&transport=websocket HTTP/1.1" 404 2392
WARNING 2026-01-12 16:03:10,733 log 33904 32920 Not Found: /socket.io/
WARNING 2026-01-12 16:03:10,735 basehttp 33904 32920 "GET /socket.io/?EIO=4&transport=websocket HTTP/1.1" 404 2392
WARNING 2026-01-12 16:03:18,606 log 33904 25996 Not Found: /socket.io/
WARNING 2026-01-12 16:03:18,607 basehttp 33904 25996 "GET /socket.io/?EIO=4&transport=websocket HTTP/1.1" 404 2392
WARNING 2026-01-12 16:03:28,350 log 33904 2388 Not Found: /socket.io/
WARNING 2026-01-12 16:03:28,352 basehttp 33904 2388 "GET /socket.io/?EIO=4&transport=websocket HTTP/1.1" 404 2392
WARNING 2026-01-12 16:03:36,670 log 33904 16456 Not Found: /socket.io/
WARNING 2026-01-12 16:03:36,672 basehttp 33904 16456 "GET /socket.io/?EIO=4&transport=websocket HTTP/1.1" 404 2392
WARNING 2026-01-12 16:03:45,413 log 33904 8024 Not Found: /socket.io/
WARNING 2026-01-12 16:03:45,414 basehttp 33904 8024 "GET /socket.io/?EIO=4&transport=websocket HTTP/1.1" 404 2392
WARNING 2026-01-12 16:03:51,680 log 33904 460 Not Found: /socket.io/
WARNING 2026-01-12 16:03:51,681 basehttp 33904 460 "GET /socket.io/?EIO=4&transport=websocket HTTP/1.1" 404 2392
WARNING 2026-01-12 16:03:57,673 log 33904 28364 Not Found: /socket.io/
WARNING 2026-01-12 16:03:57,675 basehttp 33904 28364 "GET /socket.io/?EIO=4&transport=websocket HTTP/1.1" 404 2392
WARNING 2026-01-12 16:03:58,001 log 33904 13856 Not Found: /socket.io/
WARNING 2026-01-12 16:03:58,002 basehttp 33904 13856 "GET /socket.io/?EIO=4&transport=websocket HTTP/1.1" 404 2392
WARNING 2026-01-12 16:03:58,329 log 33904 36356 Not Found: /socket.io/
WARNING 2026-01-12 16:03:58,331 basehttp 33904 36356 "GET /socket.io/?EIO=4&transport=websocket HTTP/1.1" 404 2392
WARNING 2026-01-12 16:03:58,660 log 33904 12748 Not Found: /socket.io/
WARNING 2026-01-12 16:03:58,662 basehttp 33904 12748 "GET /socket.io/?EIO=4&transport=websocket HTTP/1.1" 404 2392
WARNING 2026-01-12 16:03:58,998 log 33904 21524 Not Found: /socket.io/
WARNING 2026-01-12 16:03:58,999 basehttp 33904 21524 "GET /socket.io/?EIO=4&transport=websocket HTTP/1.1" 404 2392
WARNING 2026-01-12 16:04:04,695 log 33904 15112 Not Found: /socket.io/
WARNING 2026-01-12 16:04:04,696 basehttp 33904 15112 "GET /socket.io/?EIO=4&transport=websocket HTTP/1.1" 404 2392
WARNING 2026-01-12 16:04:10,701 log 33904 25380 Not Found: /socket.io/
WARNING 2026-01-12 16:04:10,702 basehttp 33904 25380 "GET /socket.io/?EIO=4&transport=websocket HTTP/1.1" 404 2392
WARNING 2026-01-12 16:04:16,700 log 33904 36080 Not Found: /socket.io/
WARNING 2026-01-12 16:04:16,702 basehttp 33904 36080 "GET /socket.io/?EIO=4&transport=websocket HTTP/1.1" 404 2392
WARNING 2026-01-12 16:04:22,710 log 33904 6880 Not Found: /socket.io/
WARNING 2026-01-12 16:04:22,711 basehttp 33904 6880 "GET /socket.io/?EIO=4&transport=websocket HTTP/1.1" 404 2392
WARNING 2026-01-12 16:04:28,730 log 33904 21580 Not Found: /socket.io/
WARNING 2026-01-12 16:04:28,732 basehttp 33904 21580 "GET /socket.io/?EIO=4&transport=websocket HTTP/1.1" 404 2392
WARNING 2026-01-12 16:04:34,784 log 33904 13616 Not Found: /socket.io/
WARNING 2026-01-12 16:04:34,785 basehttp 33904 13616 "GET /socket.io/?EIO=4&transport=websocket HTTP/1.1" 404 2392
WARNING 2026-01-12 16:04:40,874 log 33904 8408 Not Found: /socket.io/
WARNING 2026-01-12 16:04:40,875 basehttp 33904 8408 "GET /socket.io/?EIO=4&transport=websocket HTTP/1.1" 404 2392
WARNING 2026-01-12 16:04:47,097 log 33904 10212 Not Found: /socket.io/
WARNING 2026-01-12 16:04:47,098 basehttp 33904 10212 "GET /socket.io/?EIO=4&transport=websocket HTTP/1.1" 404 2392
WARNING 2026-01-12 16:04:47,999 log 33904 18556 Not Found: /socket.io/
WARNING 2026-01-12 16:04:48,000 basehttp 33904 18556 "GET /socket.io/?EIO=4&transport=websocket HTTP/1.1" 404 2392
WARNING 2026-01-12 16:04:50,044 log 33904 23852 Not Found: /socket.io/
WARNING 2026-01-12 16:04:50,045 basehttp 33904 23852 "GET /socket.io/?EIO=4&transport=websocket HTTP/1.1" 404 2392
WARNING 2026-01-12 16:04:59,219 log 33904 3120 Not Found: /socket.io/
WARNING 2026-01-12 16:04:59,220 basehttp 33904 3120 "GET /socket.io/?EIO=4&transport=websocket HTTP/1.1" 404 2392
WARNING 2026-01-12 16:05:09,094 log 33904 7484 Not Found: /socket.io/
WARNING 2026-01-12 16:05:09,094 basehttp 33904 7484 "GET /socket.io/?EIO=4&transport=websocket HTTP/1.1" 404 2392
WARNING 2026-01-12 16:05:19,204 log 33904 21832 Not Found: /socket.io/
WARNING 2026-01-12 16:05:19,205 basehttp 33904 21832 "GET /socket.io/?EIO=4&transport=websocket HTTP/1.1" 404 2392
WARNING 2026-01-12 16:05:29,077 log 33904 38688 Not Found: /socket.io/
WARNING 2026-01-12 16:05:29,079 basehttp 33904 38688 "GET /socket.io/?EIO=4&transport=websocket HTTP/1.1" 404 2392
WARNING 2026-01-12 16:05:39,154 log 33904 34748 Not Found: /socket.io/
WARNING 2026-01-12 16:05:39,156 basehttp 33904 34748 "GET /socket.io/?EIO=4&transport=websocket HTTP/1.1" 404 2392
WARNING 2026-01-12 16:05:40,809 log 33904 22508 Not Found: /socket.io/
WARNING 2026-01-12 16:05:40,811 basehttp 33904 22508 "GET /socket.io/?EIO=4&transport=websocket HTTP/1.1" 404 2392
WARNING 2026-01-12 16:05:45,323 log 33904 21140 Not Found: /socket.io/
WARNING 2026-01-12 16:05:45,324 basehttp 33904 21140 "GET /socket.io/?EIO=4&transport=websocket HTTP/1.1" 404 2392
WARNING 2026-01-12 16:05:52,209 log 33904 25084 Not Found: /socket.io/
WARNING 2026-01-12 16:05:52,210 basehttp 33904 25084 "GET /socket.io/?EIO=4&transport=websocket HTTP/1.1" 404 2392
WARNING 2026-01-12 16:06:02,653 log 33904 35812 Not Found: /socket.io/
WARNING 2026-01-12 16:06:02,654 basehttp 33904 35812 "GET /socket.io/?EIO=4&transport=websocket HTTP/1.1" 404 2392
WARNING 2026-01-12 16:06:07,135 log 33904 37076 Not Found: /socket.io/
WARNING 2026-01-12 16:06:07,137 basehttp 33904 37076 "GET /socket.io/?EIO=4&transport=websocket HTTP/1.1" 404 2392
WARNING 2026-01-12 16:06:09,055 log 33904 26980 Not Found: /socket.io/
WARNING 2026-01-12 16:06:09,057 basehttp 33904 26980 "GET /socket.io/?EIO=4&transport=websocket HTTP/1.1" 404 2392
WARNING 2026-01-12 16:06:12,492 log 33904 12972 Not Found: /socket.io/
WARNING 2026-01-12 16:06:12,492 basehttp 33904 12972 "GET /socket.io/?EIO=4&transport=websocket HTTP/1.1" 404 2392
WARNING 2026-01-12 16:06:17,050 log 33904 24304 Not Found: /socket.io/
WARNING 2026-01-12 16:06:17,051 basehttp 33904 24304 "GET /socket.io/?EIO=4&transport=websocket HTTP/1.1" 404 2392
WARNING 2026-01-12 16:06:25,803 log 33904 37660 Not Found: /socket.io/
WARNING 2026-01-12 16:06:25,805 basehttp 33904 37660 "GET /socket.io/?EIO=4&transport=websocket HTTP/1.1" 404 2392
WARNING 2026-01-12 16:06:29,276 log 33904 10148 Not Found: /socket.io/
WARNING 2026-01-12 16:06:29,278 basehttp 33904 10148 "GET /socket.io/?EIO=4&transport=websocket HTTP/1.1" 404 2392
WARNING 2026-01-12 16:06:33,471 log 33904 29832 Not Found: /socket.io/
WARNING 2026-01-12 16:06:33,473 basehttp 33904 29832 "GET /socket.io/?EIO=4&transport=websocket HTTP/1.1" 404 2392
WARNING 2026-01-12 16:06:35,780 log 33904 21332 Not Found: /socket.io/
WARNING 2026-01-12 16:06:35,782 basehttp 33904 21332 "GET /socket.io/?EIO=4&transport=websocket HTTP/1.1" 404 2392
WARNING 2026-01-12 16:06:43,489 log 33904 28388 Not Found: /socket.io/
WARNING 2026-01-12 16:06:43,490 basehttp 33904 28388 "GET /socket.io/?EIO=4&transport=websocket HTTP/1.1" 404 2392
WARNING 2026-01-12 16:06:52,077 log 33904 22624 Not Found: /socket.io/
WARNING 2026-01-12 16:06:52,078 basehttp 33904 22624 "GET /socket.io/?EIO=4&transport=websocket HTTP/1.1" 404 2392
WARNING 2026-01-12 16:06:53,495 log 33904 15456 Not Found: /socket.io/
WARNING 2026-01-12 16:06:53,497 basehttp 33904 15456 "GET /socket.io/?EIO=4&transport=websocket HTTP/1.1" 404 2392
WARNING 2026-01-12 16:07:03,130 log 33904 27816 Not Found: /socket.io/
WARNING 2026-01-12 16:07:03,132 basehttp 33904 27816 "GET /socket.io/?EIO=4&transport=websocket HTTP/1.1" 404 2392
WARNING 2026-01-12 16:07:12,849 log 33904 31152 Not Found: /socket.io/
WARNING 2026-01-12 16:07:12,851 basehttp 33904 31152 "GET /socket.io/?EIO=4&transport=websocket HTTP/1.1" 404 2392
WARNING 2026-01-12 16:07:15,673 log 33904 35976 Not Found: /socket.io/
WARNING 2026-01-12 16:07:15,675 basehttp 33904 35976 "GET /socket.io/?EIO=4&transport=websocket HTTP/1.1" 404 2392
WARNING 2026-01-12 16:07:18,916 log 33904 10372 Not Found: /socket.io/
WARNING 2026-01-12 16:07:18,917 basehttp 33904 10372 "GET /socket.io/?EIO=4&transport=websocket HTTP/1.1" 404 2392
WARNING 2026-01-12 16:07:23,487 log 33904 36976 Not Found: /socket.io/
WARNING 2026-01-12 16:07:23,489 basehttp 33904 36976 "GET /socket.io/?EIO=4&transport=websocket HTTP/1.1" 404 2392
WARNING 2026-01-12 16:07:32,863 log 33904 30780 Not Found: /socket.io/
WARNING 2026-01-12 16:07:32,865 basehttp 33904 30780 "GET /socket.io/?EIO=4&transport=websocket HTTP/1.1" 404 2392
WARNING 2026-01-12 16:07:41,382 log 33904 26088 Not Found: /socket.io/
WARNING 2026-01-12 16:07:41,383 basehttp 33904 26088 "GET /socket.io/?EIO=4&transport=websocket HTTP/1.1" 404 2392
WARNING 2026-01-12 16:07:45,258 log 33904 7460 Not Found: /socket.io/
WARNING 2026-01-12 16:07:45,259 basehttp 33904 7460 "GET /socket.io/?EIO=4&transport=websocket HTTP/1.1" 404 2392
WARNING 2026-01-12 16:07:48,179 log 33904 38572 Not Found: /socket.io/
WARNING 2026-01-12 16:07:48,180 basehttp 33904 38572 "GET /socket.io/?EIO=4&transport=websocket HTTP/1.1" 404 2392
WARNING 2026-01-12 16:07:49,674 log 33904 31636 Not Found: /socket.io/
WARNING 2026-01-12 16:07:49,675 basehttp 33904 31636 "GET /socket.io/?EIO=4&transport=websocket HTTP/1.1" 404 2392
WARNING 2026-01-12 16:07:55,664 log 33904 12760 Not Found: /socket.io/
WARNING 2026-01-12 16:07:55,665 basehttp 33904 12760 "GET /socket.io/?EIO=4&transport=websocket HTTP/1.1" 404 2392
WARNING 2026-01-12 16:07:55,991 log 33904 26940 Not Found: /socket.io/
WARNING 2026-01-12 16:07:55,992 basehttp 33904 26940 "GET /socket.io/?EIO=4&transport=websocket HTTP/1.1" 404 2392
WARNING 2026-01-12 16:08:01,670 log 33904 36696 Not Found: /socket.io/
WARNING 2026-01-12 16:08:01,670 basehttp 33904 36696 "GET /socket.io/?EIO=4&transport=websocket HTTP/1.1" 404 2392
WARNING 2026-01-12 16:08:07,661 log 33904 19660 Not Found: /socket.io/
WARNING 2026-01-12 16:08:07,662 basehttp 33904 19660 "GET /socket.io/?EIO=4&transport=websocket HTTP/1.1" 404 2392
WARNING 2026-01-12 16:08:07,983 log 33904 17972 Not Found: /socket.io/
WARNING 2026-01-12 16:08:07,984 basehttp 33904 17972 "GET /socket.io/?EIO=4&transport=websocket HTTP/1.1" 404 2392
WARNING 2026-01-12 16:08:13,696 log 33904 28920 Not Found: /socket.io/
WARNING 2026-01-12 16:08:13,698 basehttp 33904 28920 "GET /socket.io/?EIO=4&transport=websocket HTTP/1.1" 404 2392
WARNING 2026-01-12 16:08:19,699 log 33904 31460 Not Found: /socket.io/
WARNING 2026-01-12 16:08:19,700 basehttp 33904 31460 "GET /socket.io/?EIO=4&transport=websocket HTTP/1.1" 404 2392
WARNING 2026-01-12 16:08:25,691 log 33904 25016 Not Found: /socket.io/
WARNING 2026-01-12 16:08:25,693 basehttp 33904 25016 "GET /socket.io/?EIO=4&transport=websocket HTTP/1.1" 404 2392
WARNING 2026-01-12 16:08:26,048 log 33904 15144 Not Found: /socket.io/
WARNING 2026-01-12 16:08:26,049 basehttp 33904 15144 "GET /socket.io/?EIO=4&transport=websocket HTTP/1.1" 404 2392
WARNING 2026-01-12 16:08:26,423 log 33904 24044 Not Found: /socket.io/
WARNING 2026-01-12 16:08:26,425 basehttp 33904 24044 "GET /socket.io/?EIO=4&transport=websocket HTTP/1.1" 404 2392
WARNING 2026-01-12 16:08:26,814 log 33904 11584 Not Found: /socket.io/
WARNING 2026-01-12 16:08:26,816 basehttp 33904 11584 "GET /socket.io/?EIO=4&transport=websocket HTTP/1.1" 404 2392
WARNING 2026-01-12 16:08:32,757 log 33904 17236 Not Found: /socket.io/
WARNING 2026-01-12 16:08:32,759 basehttp 33904 17236 "GET /socket.io/?EIO=4&transport=websocket HTTP/1.1" 404 2392
WARNING 2026-01-12 16:08:33,239 log 33904 34040 Not Found: /socket.io/
WARNING 2026-01-12 16:08:33,241 basehttp 33904 34040 "GET /socket.io/?EIO=4&transport=websocket HTTP/1.1" 404 2392
WARNING 2026-01-12 16:08:39,166 log 33904 32464 Not Found: /socket.io/
WARNING 2026-01-12 16:08:39,168 basehttp 33904 32464 "GET /socket.io/?EIO=4&transport=websocket HTTP/1.1" 404 2392
WARNING 2026-01-12 16:08:45,144 log 33904 18428 Not Found: /socket.io/
WARNING 2026-01-12 16:08:45,146 basehttp 33904 18428 "GET /socket.io/?EIO=4&transport=websocket HTTP/1.1" 404 2392
WARNING 2026-01-12 16:08:51,521 log 33904 22408 Not Found: /socket.io/
WARNING 2026-01-12 16:08:51,522 basehttp 33904 22408 "GET /socket.io/?EIO=4&transport=websocket HTTP/1.1" 404 2392
WARNING 2026-01-12 16:08:58,885 log 33904 35300 Not Found: /socket.io/
WARNING 2026-01-12 16:08:58,886 basehttp 33904 35300 "GET /socket.io/?EIO=4&transport=websocket HTTP/1.1" 404 2392
WARNING 2026-01-12 16:09:01,132 log 33904 17952 Not Found: /socket.io/
WARNING 2026-01-12 16:09:01,134 basehttp 33904 17952 "GET /socket.io/?EIO=4&transport=websocket HTTP/1.1" 404 2392
WARNING 2026-01-12 16:09:08,522 log 33904 37312 Not Found: /socket.io/
WARNING 2026-01-12 16:09:08,523 basehttp 33904 37312 "GET /socket.io/?EIO=4&transport=websocket HTTP/1.1" 404 2392
WARNING 2026-01-12 16:09:11,179 log 33904 26104 Not Found: /socket.io/
WARNING 2026-01-12 16:09:11,181 basehttp 33904 26104 "GET /socket.io/?EIO=4&transport=websocket HTTP/1.1" 404 2392
WARNING 2026-01-12 16:09:15,039 log 33904 9872 Not Found: /socket.io/
WARNING 2026-01-12 16:09:15,042 basehttp 33904 9872 "GET /socket.io/?EIO=4&transport=websocket HTTP/1.1" 404 2392
WARNING 2026-01-12 16:09:17,126 log 33904 9148 Not Found: /socket.io/
WARNING 2026-01-12 16:09:17,127 basehttp 33904 9148 "GET /socket.io/?EIO=4&transport=websocket HTTP/1.1" 404 2392
WARNING 2026-01-12 16:09:25,560 log 33904 20756 Not Found: /socket.io/
WARNING 2026-01-12 16:09:25,562 basehttp 33904 20756 "GET /socket.io/?EIO=4&transport=websocket HTTP/1.1" 404 2392
WARNING 2026-01-12 16:09:36,032 log 33904 23964 Not Found: /socket.io/
WARNING 2026-01-12 16:09:36,034 basehttp 33904 23964 "GET /socket.io/?EIO=4&transport=websocket HTTP/1.1" 404 2392
WARNING 2026-01-12 16:09:43,837 log 33904 27084 Not Found: /socket.io/
WARNING 2026-01-12 16:09:43,839 basehttp 33904 27084 "GET /socket.io/?EIO=4&transport=websocket HTTP/1.1" 404 2392
WARNING 2026-01-12 16:09:45,821 log 33904 4056 Not Found: /socket.io/
WARNING 2026-01-12 16:09:45,821 basehttp 33904 4056 "GET /socket.io/?EIO=4&transport=websocket HTTP/1.1" 404 2392
WARNING 2026-01-12 16:09:49,965 log 33904 38116 Not Found: /socket.io/
WARNING 2026-01-12 16:09:49,967 basehttp 33904 38116 "GET /socket.io/?EIO=4&transport=websocket HTTP/1.1" 404 2392
WARNING 2026-01-12 16:09:52,942 log 33904 30600 Not Found: /socket.io/
WARNING 2026-01-12 16:09:52,942 basehttp 33904 30600 "GET /socket.io/?EIO=4&transport=websocket HTTP/1.1" 404 2392
WARNING 2026-01-12 16:09:58,675 log 33904 21520 Not Found: /socket.io/
WARNING 2026-01-12 16:09:58,677 basehttp 33904 21520 "GET /socket.io/?EIO=4&transport=websocket HTTP/1.1" 404 2392
WARNING 2026-01-12 16:09:58,999 log 33904 26544 Not Found: /socket.io/
WARNING 2026-01-12 16:09:59,000 basehttp 33904 26544 "GET /socket.io/?EIO=4&transport=websocket HTTP/1.1" 404 2392
WARNING 2026-01-12 16:09:59,334 log 33904 4940 Not Found: /socket.io/
WARNING 2026-01-12 16:09:59,336 basehttp 33904 4940 "GET /socket.io/?EIO=4&transport=websocket HTTP/1.1" 404 2392
WARNING 2026-01-12 16:10:04,684 log 33904 1656 Not Found: /socket.io/
WARNING 2026-01-12 16:10:04,686 basehttp 33904 1656 "GET /socket.io/?EIO=4&transport=websocket HTTP/1.1" 404 2392
WARNING 2026-01-12 16:10:05,009 log 33904 35000 Not Found: /socket.io/
WARNING 2026-01-12 16:10:05,010 basehttp 33904 35000 "GET /socket.io/?EIO=4&transport=websocket HTTP/1.1" 404 2392
WARNING 2026-01-12 16:10:10,696 log 33904 37156 Not Found: /socket.io/
WARNING 2026-01-12 16:10:10,697 basehttp 33904 37156 "GET /socket.io/?EIO=4&transport=websocket HTTP/1.1" 404 2392
WARNING 2026-01-12 16:10:16,688 log 33904 20892 Not Found: /socket.io/
WARNING 2026-01-12 16:10:16,690 basehttp 33904 20892 "GET /socket.io/?EIO=4&transport=websocket HTTP/1.1" 404 2392
WARNING 2026-01-12 16:10:17,031 log 33904 37860 Not Found: /socket.io/
WARNING 2026-01-12 16:10:17,033 basehttp 33904 37860 "GET /socket.io/?EIO=4&transport=websocket HTTP/1.1" 404 2392
WARNING 2026-01-12 16:10:17,371 log 33904 32504 Not Found: /socket.io/
WARNING 2026-01-12 16:10:17,373 basehttp 33904 32504 "GET /socket.io/?EIO=4&transport=websocket HTTP/1.1" 404 2392
WARNING 2026-01-12 16:10:17,732 log 33904 38020 Not Found: /socket.io/
WARNING 2026-01-12 16:10:17,734 basehttp 33904 38020 "GET /socket.io/?EIO=4&transport=websocket HTTP/1.1" 404 2392
WARNING 2026-01-12 16:10:23,764 log 33904 25936 Not Found: /socket.io/
WARNING 2026-01-12 16:10:23,766 basehttp 33904 25936 "GET /socket.io/?EIO=4&transport=websocket HTTP/1.1" 404 2392
WARNING 2026-01-12 16:10:29,812 log 33904 34500 Not Found: /socket.io/
WARNING 2026-01-12 16:10:29,813 basehttp 33904 34500 "GET /socket.io/?EIO=4&transport=websocket HTTP/1.1" 404 2392
WARNING 2026-01-12 16:10:30,322 log 33904 3908 Not Found: /socket.io/
WARNING 2026-01-12 16:10:30,323 basehttp 33904 3908 "GET /socket.io/?EIO=4&transport=websocket HTTP/1.1" 404 2392
WARNING 2026-01-12 16:10:30,868 log 33904 18340 Not Found: /socket.io/
WARNING 2026-01-12 16:10:30,870 basehttp 33904 18340 "GET /socket.io/?EIO=4&transport=websocket HTTP/1.1" 404 2392
WARNING 2026-01-12 16:10:32,147 log 33904 33948 Not Found: /socket.io/
WARNING 2026-01-12 16:10:32,149 basehttp 33904 33948 "GET /socket.io/?EIO=4&transport=websocket HTTP/1.1" 404 2392
WARNING 2026-01-12 16:10:39,400 log 33904 31704 Not Found: /socket.io/
WARNING 2026-01-12 16:10:39,402 basehttp 33904 31704 "GET /socket.io/?EIO=4&transport=websocket HTTP/1.1" 404 2392
WARNING 2026-01-12 16:10:48,271 log 33904 10820 Not Found: /socket.io/
WARNING 2026-01-12 16:10:48,273 basehttp 33904 10820 "GET /socket.io/?EIO=4&transport=websocket HTTP/1.1" 404 2392
WARNING 2026-01-12 16:10:56,450 log 33904 36240 Not Found: /socket.io/
WARNING 2026-01-12 16:10:56,451 basehttp 33904 36240 "GET /socket.io/?EIO=4&transport=websocket HTTP/1.1" 404 2392
WARNING 2026-01-12 16:11:01,374 log 33904 14068 Not Found: /socket.io/
WARNING 2026-01-12 16:11:01,376 basehttp 33904 14068 "GET /socket.io/?EIO=4&transport=websocket HTTP/1.1" 404 2392
WARNING 2026-01-12 16:11:10,751 log 33904 34036 Not Found: /socket.io/
WARNING 2026-01-12 16:11:10,753 basehttp 33904 34036 "GET /socket.io/?EIO=4&transport=websocket HTTP/1.1" 404 2392
WARNING 2026-01-12 16:11:14,690 log 33904 36356 Not Found: /socket.io/
WARNING 2026-01-12 16:11:14,691 basehttp 33904 36356 "GET /socket.io/?EIO=4&transport=websocket HTTP/1.1" 404 2392
WARNING 2026-01-12 16:11:24,799 log 33904 37932 Not Found: /socket.io/
WARNING 2026-01-12 16:11:24,800 basehttp 33904 37932 "GET /socket.io/?EIO=4&transport=websocket HTTP/1.1" 404 2392
WARNING 2026-01-12 16:11:32,729 log 33904 27788 Not Found: /socket.io/
WARNING 2026-01-12 16:11:32,730 basehttp 33904 27788 "GET /socket.io/?EIO=4&transport=websocket HTTP/1.1" 404 2392
WARNING 2026-01-12 16:11:41,261 log 33904 29060 Not Found: /socket.io/
WARNING 2026-01-12 16:11:41,263 basehttp 33904 29060 "GET /socket.io/?EIO=4&transport=websocket HTTP/1.1" 404 2392
WARNING 2026-01-12 16:11:47,981 log 33904 19920 Not Found: /socket.io/
WARNING 2026-01-12 16:11:47,983 basehttp 33904 19920 "GET /socket.io/?EIO=4&transport=websocket HTTP/1.1" 404 2392
WARNING 2026-01-12 16:11:52,378 log 33904 37108 Not Found: /socket.io/
WARNING 2026-01-12 16:11:52,379 basehttp 33904 37108 "GET /socket.io/?EIO=4&transport=websocket HTTP/1.1" 404 2392
WARNING 2026-01-12 16:11:58,681 log 33904 29508 Not Found: /socket.io/
WARNING 2026-01-12 16:11:58,683 basehttp 33904 29508 "GET /socket.io/?EIO=4&transport=websocket HTTP/1.1" 404 2392
WARNING 2026-01-12 16:11:59,012 log 33904 36724 Not Found: /socket.io/
WARNING 2026-01-12 16:11:59,014 basehttp 33904 36724 "GET /socket.io/?EIO=4&transport=websocket HTTP/1.1" 404 2392
WARNING 2026-01-12 16:12:04,684 log 33904 16884 Not Found: /socket.io/
WARNING 2026-01-12 16:12:04,686 basehttp 33904 16884 "GET /socket.io/?EIO=4&transport=websocket HTTP/1.1" 404 2392
WARNING 2026-01-12 16:12:10,679 log 33904 12976 Not Found: /socket.io/
WARNING 2026-01-12 16:12:10,680 basehttp 33904 12976 "GET /socket.io/?EIO=4&transport=websocket HTTP/1.1" 404 2392
WARNING 2026-01-12 16:12:16,672 log 33904 38308 Not Found: /socket.io/
WARNING 2026-01-12 16:12:16,674 basehttp 33904 38308 "GET /socket.io/?EIO=4&transport=websocket HTTP/1.1" 404 2392
WARNING 2026-01-12 16:12:22,675 log 33904 35172 Not Found: /socket.io/
WARNING 2026-01-12 16:12:22,677 basehttp 33904 35172 "GET /socket.io/?EIO=4&transport=websocket HTTP/1.1" 404 2392
WARNING 2026-01-12 16:12:23,020 log 33904 10268 Not Found: /socket.io/
WARNING 2026-01-12 16:12:23,024 basehttp 33904 10268 "GET /socket.io/?EIO=4&transport=websocket HTTP/1.1" 404 2392
WARNING 2026-01-12 16:12:28,697 log 33904 38632 Not Found: /socket.io/
WARNING 2026-01-12 16:12:28,699 basehttp 33904 38632 "GET /socket.io/?EIO=4&transport=websocket HTTP/1.1" 404 2392
WARNING 2026-01-12 16:12:34,698 log 33904 29788 Not Found: /socket.io/
WARNING 2026-01-12 16:12:34,700 basehttp 33904 29788 "GET /socket.io/?EIO=4&transport=websocket HTTP/1.1" 404 2392
WARNING 2026-01-12 16:12:35,058 log 33904 20128 Not Found: /socket.io/
WARNING 2026-01-12 16:12:35,060 basehttp 33904 20128 "GET /socket.io/?EIO=4&transport=websocket HTTP/1.1" 404 2392
WARNING 2026-01-12 16:12:40,739 log 33904 34640 Not Found: /socket.io/
WARNING 2026-01-12 16:12:40,741 basehttp 33904 34640 "GET /socket.io/?EIO=4&transport=websocket HTTP/1.1" 404 2392
WARNING 2026-01-12 16:12:46,716 log 33904 28216 Not Found: /socket.io/
WARNING 2026-01-12 16:12:46,718 basehttp 33904 28216 "GET /socket.io/?EIO=4&transport=websocket HTTP/1.1" 404 2392
WARNING 2026-01-12 16:12:52,798 log 33904 31600 Not Found: /socket.io/
WARNING 2026-01-12 16:12:52,799 basehttp 33904 31600 "GET /socket.io/?EIO=4&transport=websocket HTTP/1.1" 404 2392
WARNING 2026-01-12 16:12:59,301 log 33904 36076 Not Found: /socket.io/
WARNING 2026-01-12 16:12:59,301 basehttp 33904 36076 "GET /socket.io/?EIO=4&transport=websocket HTTP/1.1" 404 2392
WARNING 2026-01-12 16:13:00,506 log 33904 37152 Not Found: /socket.io/
WARNING 2026-01-12 16:13:00,507 basehttp 33904 37152 "GET /socket.io/?EIO=4&transport=websocket HTTP/1.1" 404 2392
WARNING 2026-01-12 16:13:01,509 log 33904 21580 Not Found: /socket.io/
WARNING 2026-01-12 16:13:01,511 basehttp 33904 21580 "GET /socket.io/?EIO=4&transport=websocket HTTP/1.1" 404 2392
WARNING 2026-01-12 16:13:04,365 log 33904 36484 Not Found: /socket.io/
WARNING 2026-01-12 16:13:04,367 basehttp 33904 36484 "GET /socket.io/?EIO=4&transport=websocket HTTP/1.1" 404 2392
WARNING 2026-01-12 16:13:07,202 log 33904 38660 Not Found: /socket.io/
WARNING 2026-01-12 16:13:07,204 basehttp 33904 38660 "GET /socket.io/?EIO=4&transport=websocket HTTP/1.1" 404 2392
WARNING 2026-01-12 16:13:09,517 log 33904 37756 Not Found: /socket.io/
WARNING 2026-01-12 16:13:09,519 basehttp 33904 37756 "GET /socket.io/?EIO=4&transport=websocket HTTP/1.1" 404 2392
WARNING 2026-01-12 16:13:12,107 log 33904 36668 Not Found: /socket.io/
WARNING 2026-01-12 16:13:12,109 basehttp 33904 36668 "GET /socket.io/?EIO=4&transport=websocket HTTP/1.1" 404 2392
WARNING 2026-01-12 16:13:15,665 log 33904 33672 Not Found: /socket.io/
WARNING 2026-01-12 16:13:15,667 basehttp 33904 33672 "GET /socket.io/?EIO=4&transport=websocket HTTP/1.1" 404 2392
WARNING 2026-01-12 16:13:26,109 log 33904 29848 Not Found: /socket.io/
WARNING 2026-01-12 16:13:26,111 basehttp 33904 29848 "GET /socket.io/?EIO=4&transport=websocket HTTP/1.1" 404 2392
WARNING 2026-01-12 16:13:29,124 log 33904 34404 Not Found: /socket.io/
WARNING 2026-01-12 16:13:29,126 basehttp 33904 34404 "GET /socket.io/?EIO=4&transport=websocket HTTP/1.1" 404 2392
WARNING 2026-01-12 16:13:36,284 log 33904 38044 Not Found: /socket.io/
WARNING 2026-01-12 16:13:36,286 basehttp 33904 38044 "GET /socket.io/?EIO=4&transport=websocket HTTP/1.1" 404 2392
WARNING 2026-01-12 16:13:46,490 log 33904 37516 Not Found: /socket.io/
WARNING 2026-01-12 16:13:46,492 basehttp 33904 37516 "GET /socket.io/?EIO=4&transport=websocket HTTP/1.1" 404 2392
WARNING 2026-01-12 16:13:49,114 log 33904 21808 Not Found: /socket.io/
WARNING 2026-01-12 16:13:49,116 basehttp 33904 21808 "GET /socket.io/?EIO=4&transport=websocket HTTP/1.1" 404 2392
WARNING 2026-01-12 16:13:53,162 log 33904 23012 Not Found: /socket.io/
WARNING 2026-01-12 16:13:53,164 basehttp 33904 23012 "GET /socket.io/?EIO=4&transport=websocket HTTP/1.1" 404 2392
WARNING 2026-01-12 16:13:57,422 log 33904 19696 Not Found: /socket.io/
WARNING 2026-01-12 16:13:57,423 basehttp 33904 19696 "GET /socket.io/?EIO=4&transport=websocket HTTP/1.1" 404 2392
WARNING 2026-01-12 16:13:59,029 log 33904 17632 Not Found: /socket.io/
WARNING 2026-01-12 16:13:59,030 basehttp 33904 17632 "GET /socket.io/?EIO=4&transport=websocket HTTP/1.1" 404 2392
WARNING 2026-01-12 16:14:06,791 log 33904 11840 Not Found: /socket.io/
WARNING 2026-01-12 16:14:06,792 basehttp 33904 11840 "GET /socket.io/?EIO=4&transport=websocket HTTP/1.1" 404 2392
WARNING 2026-01-12 16:14:17,362 log 33904 16916 Not Found: /socket.io/
WARNING 2026-01-12 16:14:17,363 basehttp 33904 16916 "GET /socket.io/?EIO=4&transport=websocket HTTP/1.1" 404 2392
WARNING 2026-01-12 16:14:22,163 log 33904 15616 Not Found: /socket.io/
WARNING 2026-01-12 16:14:22,164 basehttp 33904 15616 "GET /socket.io/?EIO=4&transport=websocket HTTP/1.1" 404 2392
WARNING 2026-01-12 16:14:30,466 log 33904 26160 Not Found: /socket.io/
WARNING 2026-01-12 16:14:30,468 basehttp 33904 26160 "GET /socket.io/?EIO=4&transport=websocket HTTP/1.1" 404 2392
WARNING 2026-01-12 16:14:40,757 log 33904 20036 Not Found: /socket.io/
WARNING 2026-01-12 16:14:40,759 basehttp 33904 20036 "GET /socket.io/?EIO=4&transport=websocket HTTP/1.1" 404 2392
WARNING 2026-01-12 16:14:45,462 log 33904 14368 Not Found: /socket.io/
WARNING 2026-01-12 16:14:45,464 basehttp 33904 14368 "GET /socket.io/?EIO=4&transport=websocket HTTP/1.1" 404 2392
WARNING 2026-01-12 16:14:50,695 log 33904 11816 Not Found: /socket.io/
WARNING 2026-01-12 16:14:50,696 basehttp 33904 11816 "GET /socket.io/?EIO=4&transport=websocket HTTP/1.1" 404 2392
WARNING 2026-01-12 16:15:00,084 log 33904 34692 Not Found: /socket.io/
WARNING 2026-01-12 16:15:00,087 basehttp 33904 34692 "GET /socket.io/?EIO=4&transport=websocket HTTP/1.1" 404 2392
WARNING 2026-01-12 16:15:03,972 log 33904 26408 Not Found: /socket.io/
WARNING 2026-01-12 16:15:03,973 basehttp 33904 26408 "GET /socket.io/?EIO=4&transport=websocket HTTP/1.1" 404 2392
WARNING 2026-01-12 16:15:14,600 log 33904 27264 Not Found: /socket.io/
WARNING 2026-01-12 16:15:14,602 basehttp 33904 27264 "GET /socket.io/?EIO=4&transport=websocket HTTP/1.1" 404 2392
WARNING 2026-01-12 16:15:22,793 log 33904 36976 Not Found: /socket.io/
WARNING 2026-01-12 16:15:22,794 basehttp 33904 36976 "GET /socket.io/?EIO=4&transport=websocket HTTP/1.1" 404 2392
WARNING 2026-01-12 16:15:26,464 log 33904 38564 Not Found: /socket.io/
WARNING 2026-01-12 16:15:26,465 basehttp 33904 38564 "GET /socket.io/?EIO=4&transport=websocket HTTP/1.1" 404 2392
WARNING 2026-01-12 16:16:37,971 log 33904 37336 Unauthorized: /api/accounts/dashboard/lecturer/
WARNING 2026-01-12 16:16:37,972 basehttp 33904 37336 "GET /api/accounts/dashboard/lecturer/ HTTP/1.1" 401 172
WARNING 2026-01-12 16:16:37,978 log 33904 38868 Unauthorized: /api/accounts/dashboard/lecturer/
WARNING 2026-01-12 16:16:37,979 basehttp 33904 38868 "GET /api/accounts/dashboard/lecturer/ HTTP/1.1" 401 172
INFO 2026-01-13 09:27:02,309 autoreload 19732 14480 Watching for file changes with StatReloader
INFO 2026-01-13 10:05:33,617 basehttp 33904 36388 "POST /api/accounts/jwt/login/ HTTP/1.1" 200 639
INFO 2026-01-13 10:05:33,702 views 33904 34040 Dashboard request for user 13: lecturer@zetech.ac.ke, type: lecturer
INFO 2026-01-13 10:05:33,713 views 33904 34040 Dashboard data returned for user 13
INFO 2026-01-13 10:05:33,714 basehttp 33904 34040 "GET /api/accounts/dashboard/lecturer/ HTTP/1.1" 200 222
INFO 2026-01-13 10:05:33,719 views 33904 27792 Dashboard request for user 13: lecturer@zetech.ac.ke, type: lecturer
INFO 2026-01-13 10:05:33,724 views 33904 27792 Dashboard data returned for user 13
INFO 2026-01-13 10:05:33,725 basehttp 33904 27792 "GET /api/accounts/dashboard/lecturer/ HTTP/1.1" 200 222
WARNING 2026-01-13 10:05:34,049 log 33904 1296 Not Found: /socket.io/
WARNING 2026-01-13 10:05:34,050 basehttp 33904 1296 "GET /socket.io/?EIO=4&transport=websocket HTTP/1.1" 404 2392
WARNING 2026-01-13 10:05:35,057 log 33904 28676 Not Found: /socket.io/
WARNING 2026-01-13 10:05:35,057 basehttp 33904 28676 "GET /socket.io/?EIO=4&transport=websocket HTTP/1.1" 404 2392
WARNING 2026-01-13 10:05:37,365 log 33904 14360 Not Found: /socket.io/
WARNING 2026-01-13 10:05:37,365 basehttp 33904 14360 "GET /socket.io/?EIO=4&transport=websocket HTTP/1.1" 404 2392
WARNING 2026-01-13 10:05:41,635 log 33904 40448 Not Found: /socket.io/
WARNING 2026-01-13 10:05:41,636 basehttp 33904 40448 "GET /socket.io/?EIO=4&transport=websocket HTTP/1.1" 404 2392
WARNING 2026-01-13 10:05:46,627 log 33904 24984 Not Found: /socket.io/
WARNING 2026-01-13 10:05:46,628 basehttp 33904 24984 "GET /socket.io/?EIO=4&transport=websocket HTTP/1.1" 404 2392
WARNING 2026-01-13 10:05:51,960 log 33904 36284 Not Found: /socket.io/
WARNING 2026-01-13 10:05:51,960 basehttp 33904 36284 "GET /socket.io/?EIO=4&transport=websocket HTTP/1.1" 404 2392
WARNING 2026-01-13 10:05:57,288 log 33904 40024 Not Found: /socket.io/
WARNING 2026-01-13 10:05:57,288 basehttp 33904 40024 "GET /socket.io/?EIO=4&transport=websocket HTTP/1.1" 404 2392
WARNING 2026-01-13 10:06:02,620 log 33904 4728 Not Found: /socket.io/
WARNING 2026-01-13 10:06:02,621 basehttp 33904 4728 "GET /socket.io/?EIO=4&transport=websocket HTTP/1.1" 404 2392
WARNING 2026-01-13 10:06:07,946 log 33904 33624 Not Found: /socket.io/
WARNING 2026-01-13 10:06:07,946 basehttp 33904 33624 "GET /socket.io/?EIO=4&transport=websocket HTTP/1.1" 404 2392
WARNING 2026-01-13 10:06:13,275 log 33904 13816 Not Found: /socket.io/
WARNING 2026-01-13 10:06:13,277 basehttp 33904 13816 "GET /socket.io/?EIO=4&transport=websocket HTTP/1.1" 404 2392
WARNING 2026-01-13 10:06:18,615 log 33904 29336 Not Found: /socket.io/
WARNING 2026-01-13 10:06:18,616 basehttp 33904 29336 "GET /socket.io/?EIO=4&transport=websocket HTTP/1.1" 404 2392
WARNING 2026-01-13 10:06:23,957 log 33904 35368 Not Found: /socket.io/
WARNING 2026-01-13 10:06:23,959 basehttp 33904 35368 "GET /socket.io/?EIO=4&transport=websocket HTTP/1.1" 404 2392
WARNING 2026-01-13 10:06:29,289 log 33904 9148 Not Found: /socket.io/
WARNING 2026-01-13 10:06:29,290 basehttp 33904 9148 "GET /socket.io/?EIO=4&transport=websocket HTTP/1.1" 404 2392
WARNING 2026-01-13 10:06:34,626 log 33904 21464 Not Found: /socket.io/
WARNING 2026-01-13 10:06:34,627 basehttp 33904 21464 "GET /socket.io/?EIO=4&transport=websocket HTTP/1.1" 404 2392
WARNING 2026-01-13 10:06:39,947 log 33904 10160 Not Found: /socket.io/
WARNING 2026-01-13 10:06:39,947 basehttp 33904 10160 "GET /socket.io/?EIO=4&transport=websocket HTTP/1.1" 404 2392
WARNING 2026-01-13 10:06:45,275 log 33904 40052 Not Found: /socket.io/
WARNING 2026-01-13 10:06:45,277 basehttp 33904 40052 "GET /socket.io/?EIO=4&transport=websocket HTTP/1.1" 404 2392
WARNING 2026-01-13 10:06:50,610 log 33904 34788 Not Found: /socket.io/
WARNING 2026-01-13 10:06:50,610 basehttp 33904 34788 "GET /socket.io/?EIO=4&transport=websocket HTTP/1.1" 404 2392
WARNING 2026-01-13 10:06:55,959 log 33904 38552 Not Found: /socket.io/
WARNING 2026-01-13 10:06:55,959 basehttp 33904 38552 "GET /socket.io/?EIO=4&transport=websocket HTTP/1.1" 404 2392
WARNING 2026-01-13 10:07:01,307 log 33904 29520 Not Found: /socket.io/
WARNING 2026-01-13 10:07:01,308 basehttp 33904 29520 "GET /socket.io/?EIO=4&transport=websocket HTTP/1.1" 404 2392
WARNING 2026-01-13 10:07:06,650 log 33904 40848 Not Found: /socket.io/
WARNING 2026-01-13 10:07:06,651 basehttp 33904 40848 "GET /socket.io/?EIO=4&transport=websocket HTTP/1.1" 404 2392
WARNING 2026-01-13 10:07:11,989 log 33904 38656 Not Found: /socket.io/
WARNING 2026-01-13 10:07:11,991 basehttp 33904 38656 "GET /socket.io/?EIO=4&transport=websocket HTTP/1.1" 404 2392
WARNING 2026-01-13 10:07:17,316 log 33904 25108 Not Found: /socket.io/
WARNING 2026-01-13 10:07:17,316 basehttp 33904 25108 "GET /socket.io/?EIO=4&transport=websocket HTTP/1.1" 404 2392
WARNING 2026-01-13 10:07:22,648 log 33904 22380 Not Found: /socket.io/
WARNING 2026-01-13 10:07:22,648 basehttp 33904 22380 "GET /socket.io/?EIO=4&transport=websocket HTTP/1.1" 404 2392
WARNING 2026-01-13 10:07:27,997 log 33904 36412 Not Found: /socket.io/
WARNING 2026-01-13 10:07:27,997 basehttp 33904 36412 "GET /socket.io/?EIO=4&transport=websocket HTTP/1.1" 404 2392
WARNING 2026-01-13 10:07:33,336 log 33904 34356 Not Found: /socket.io/
WARNING 2026-01-13 10:07:33,337 basehttp 33904 34356 "GET /socket.io/?EIO=4&transport=websocket HTTP/1.1" 404 2392
WARNING 2026-01-13 10:07:38,673 log 33904 40564 Not Found: /socket.io/
WARNING 2026-01-13 10:07:38,673 basehttp 33904 40564 "GET /socket.io/?EIO=4&transport=websocket HTTP/1.1" 404 2392
WARNING 2026-01-13 10:07:44,012 log 33904 19876 Not Found: /socket.io/
WARNING 2026-01-13 10:07:44,012 basehttp 33904 19876 "GET /socket.io/?EIO=4&transport=websocket HTTP/1.1" 404 2392
WARNING 2026-01-13 10:07:49,353 log 33904 18184 Not Found: /socket.io/
WARNING 2026-01-13 10:07:49,353 basehttp 33904 18184 "GET /socket.io/?EIO=4&transport=websocket HTTP/1.1" 404 2392
WARNING 2026-01-13 10:07:54,700 log 33904 39712 Not Found: /socket.io/
WARNING 2026-01-13 10:07:54,700 basehttp 33904 39712 "GET /socket.io/?EIO=4&transport=websocket HTTP/1.1" 404 2392
WARNING 2026-01-13 10:08:00,044 log 33904 19916 Not Found: /socket.io/
WARNING 2026-01-13 10:08:00,044 basehttp 33904 19916 "GET /socket.io/?EIO=4&transport=websocket HTTP/1.1" 404 2392
WARNING 2026-01-13 10:08:05,383 log 33904 24844 Not Found: /socket.io/
WARNING 2026-01-13 10:08:05,384 basehttp 33904 24844 "GET /socket.io/?EIO=4&transport=websocket HTTP/1.1" 404 2392
WARNING 2026-01-13 10:08:10,725 log 33904 36644 Not Found: /socket.io/
WARNING 2026-01-13 10:08:10,726 basehttp 33904 36644 "GET /socket.io/?EIO=4&transport=websocket HTTP/1.1" 404 2392
WARNING 2026-01-13 10:08:16,096 log 33904 40440 Not Found: /socket.io/
WARNING 2026-01-13 10:08:16,098 basehttp 33904 40440 "GET /socket.io/?EIO=4&transport=websocket HTTP/1.1" 404 2392
WARNING 2026-01-13 10:08:21,451 log 33904 10484 Not Found: /socket.io/
WARNING 2026-01-13 10:08:21,452 basehttp 33904 10484 "GET /socket.io/?EIO=4&transport=websocket HTTP/1.1" 404 2392
WARNING 2026-01-13 10:08:26,803 log 33904 37312 Not Found: /socket.io/
WARNING 2026-01-13 10:08:26,804 basehttp 33904 37312 "GET /socket.io/?EIO=4&transport=websocket HTTP/1.1" 404 2392
WARNING 2026-01-13 10:08:32,152 log 33904 40900 Not Found: /socket.io/
WARNING 2026-01-13 10:08:32,152 basehttp 33904 40900 "GET /socket.io/?EIO=4&transport=websocket HTTP/1.1" 404 2392
WARNING 2026-01-13 10:08:37,494 log 33904 36984 Not Found: /socket.io/
WARNING 2026-01-13 10:08:37,495 basehttp 33904 36984 "GET /socket.io/?EIO=4&transport=websocket HTTP/1.1" 404 2392
WARNING 2026-01-13 10:08:42,848 log 33904 28772 Not Found: /socket.io/
WARNING 2026-01-13 10:08:42,849 basehttp 33904 28772 "GET /socket.io/?EIO=4&transport=websocket HTTP/1.1" 404 2392
WARNING 2026-01-13 10:08:48,225 log 33904 25172 Not Found: /socket.io/
WARNING 2026-01-13 10:08:48,226 basehttp 33904 25172 "GET /socket.io/?EIO=4&transport=websocket HTTP/1.1" 404 2392
WARNING 2026-01-13 10:08:53,591 log 33904 22188 Not Found: /socket.io/
WARNING 2026-01-13 10:08:53,592 basehttp 33904 22188 "GET /socket.io/?EIO=4&transport=websocket HTTP/1.1" 404 2392
WARNING 2026-01-13 10:08:59,006 log 33904 40228 Not Found: /socket.io/
WARNING 2026-01-13 10:08:59,007 basehttp 33904 40228 "GET /socket.io/?EIO=4&transport=websocket HTTP/1.1" 404 2392
WARNING 2026-01-13 10:09:04,375 log 33904 32212 Not Found: /socket.io/
WARNING 2026-01-13 10:09:04,375 basehttp 33904 32212 "GET /socket.io/?EIO=4&transport=websocket HTTP/1.1" 404 2392
WARNING 2026-01-13 10:09:09,745 log 33904 8780 Not Found: /socket.io/
WARNING 2026-01-13 10:09:09,748 basehttp 33904 8780 "GET /socket.io/?EIO=4&transport=websocket HTTP/1.1" 404 2392
WARNING 2026-01-13 10:09:15,186 log 33904 18772 Not Found: /socket.io/
WARNING 2026-01-13 10:09:15,187 basehttp 33904 18772 "GET /socket.io/?EIO=4&transport=websocket HTTP/1.1" 404 2392
WARNING 2026-01-13 10:09:20,649 log 33904 38524 Not Found: /socket.io/
WARNING 2026-01-13 10:09:20,650 basehttp 33904 38524 "GET /socket.io/?EIO=4&transport=websocket HTTP/1.1" 404 2392
WARNING 2026-01-13 10:09:26,141 log 33904 36096 Not Found: /socket.io/
WARNING 2026-01-13 10:09:26,142 basehttp 33904 36096 "GET /socket.io/?EIO=4&transport=websocket HTTP/1.1" 404 2392
WARNING 2026-01-13 10:09:31,457 log 33904 35800 Not Found: /socket.io/
WARNING 2026-01-13 10:09:31,457 basehttp 33904 35800 "GET /socket.io/?EIO=4&transport=websocket HTTP/1.1" 404 2392
WARNING 2026-01-13 10:09:36,786 log 33904 18920 Not Found: /socket.io/
WARNING 2026-01-13 10:09:36,786 basehttp 33904 18920 "GET /socket.io/?EIO=4&transport=websocket HTTP/1.1" 404 2392
WARNING 2026-01-13 10:09:42,108 log 33904 25448 Not Found: /socket.io/
WARNING 2026-01-13 10:09:42,108 basehttp 33904 25448 "GET /socket.io/?EIO=4&transport=websocket HTTP/1.1" 404 2392
WARNING 2026-01-13 10:09:47,436 log 33904 22604 Not Found: /socket.io/
WARNING 2026-01-13 10:09:47,437 basehttp 33904 22604 "GET /socket.io/?EIO=4&transport=websocket HTTP/1.1" 404 2392
WARNING 2026-01-13 10:09:52,763 log 33904 29048 Not Found: /socket.io/
WARNING 2026-01-13 10:09:52,763 basehttp 33904 29048 "GET /socket.io/?EIO=4&transport=websocket HTTP/1.1" 404 2392
WARNING 2026-01-13 10:09:58,094 log 33904 37224 Not Found: /socket.io/
WARNING 2026-01-13 10:09:58,095 basehttp 33904 37224 "GET /socket.io/?EIO=4&transport=websocket HTTP/1.1" 404 2392
WARNING 2026-01-13 10:10:03,424 log 33904 11020 Not Found: /socket.io/
WARNING 2026-01-13 10:10:03,424 basehttp 33904 11020 "GET /socket.io/?EIO=4&transport=websocket HTTP/1.1" 404 2392
WARNING 2026-01-13 10:10:08,770 log 33904 9280 Not Found: /socket.io/
WARNING 2026-01-13 10:10:08,770 basehttp 33904 9280 "GET /socket.io/?EIO=4&transport=websocket HTTP/1.1" 404 2392
WARNING 2026-01-13 10:10:14,099 log 33904 35968 Not Found: /socket.io/
WARNING 2026-01-13 10:10:14,100 basehttp 33904 35968 "GET /socket.io/?EIO=4&transport=websocket HTTP/1.1" 404 2392
WARNING 2026-01-13 10:10:19,446 log 33904 20500 Not Found: /socket.io/
WARNING 2026-01-13 10:10:19,446 basehttp 33904 20500 "GET /socket.io/?EIO=4&transport=websocket HTTP/1.1" 404 2392
WARNING 2026-01-13 10:10:24,861 log 33904 28864 Not Found: /socket.io/
WARNING 2026-01-13 10:10:24,863 basehttp 33904 28864 "GET /socket.io/?EIO=4&transport=websocket HTTP/1.1" 404 2392
WARNING 2026-01-13 10:10:30,269 log 33904 35004 Not Found: /socket.io/
WARNING 2026-01-13 10:10:30,270 basehttp 33904 35004 "GET /socket.io/?EIO=4&transport=websocket HTTP/1.1" 404 2392
WARNING 2026-01-13 10:10:35,705 log 33904 2804 Not Found: /socket.io/
WARNING 2026-01-13 10:10:35,706 basehttp 33904 2804 "GET /socket.io/?EIO=4&transport=websocket HTTP/1.1" 404 2392
WARNING 2026-01-13 10:10:41,509 log 33904 36900 Not Found: /socket.io/
WARNING 2026-01-13 10:10:41,509 basehttp 33904 36900 "GET /socket.io/?EIO=4&transport=websocket HTTP/1.1" 404 2392
WARNING 2026-01-13 10:10:47,171 log 33904 19416 Not Found: /socket.io/
WARNING 2026-01-13 10:10:47,173 basehttp 33904 19416 "GET /socket.io/?EIO=4&transport=websocket HTTP/1.1" 404 2392
WARNING 2026-01-13 10:10:54,718 log 33904 35104 Not Found: /socket.io/
WARNING 2026-01-13 10:10:54,720 basehttp 33904 35104 "GET /socket.io/?EIO=4&transport=websocket HTTP/1.1" 404 2392
WARNING 2026-01-13 10:11:01,844 log 33904 39584 Not Found: /socket.io/
WARNING 2026-01-13 10:11:01,844 basehttp 33904 39584 "GET /socket.io/?EIO=4&transport=websocket HTTP/1.1" 404 2392
WARNING 2026-01-13 10:11:09,949 log 33904 28072 Not Found: /socket.io/
WARNING 2026-01-13 10:11:09,949 basehttp 33904 28072 "GET /socket.io/?EIO=4&transport=websocket HTTP/1.1" 404 2392
WARNING 2026-01-13 10:11:18,397 log 33904 40652 Not Found: /socket.io/
WARNING 2026-01-13 10:11:18,397 basehttp 33904 40652 "GET /socket.io/?EIO=4&transport=websocket HTTP/1.1" 404 2392
WARNING 2026-01-13 10:11:25,493 log 33904 28988 Not Found: /socket.io/
WARNING 2026-01-13 10:11:25,495 basehttp 33904 28988 "GET /socket.io/?EIO=4&transport=websocket HTTP/1.1" 404 2392
WARNING 2026-01-13 10:11:33,369 log 33904 36840 Not Found: /socket.io/
WARNING 2026-01-13 10:11:33,371 basehttp 33904 36840 "GET /socket.io/?EIO=4&transport=websocket HTTP/1.1" 404 2392
WARNING 2026-01-13 10:11:43,128 log 33904 2520 Not Found: /socket.io/
WARNING 2026-01-13 10:11:43,128 basehttp 33904 2520 "GET /socket.io/?EIO=4&transport=websocket HTTP/1.1" 404 2392
WARNING 2026-01-13 10:11:52,385 log 33904 10372 Not Found: /socket.io/
WARNING 2026-01-13 10:11:52,386 basehttp 33904 10372 "GET /socket.io/?EIO=4&transport=websocket HTTP/1.1" 404 2392
WARNING 2026-01-13 10:12:01,141 log 33904 37724 Not Found: /socket.io/
WARNING 2026-01-13 10:12:01,141 basehttp 33904 37724 "GET /socket.io/?EIO=4&transport=websocket HTTP/1.1" 404 2392
WARNING 2026-01-13 10:12:08,664 log 33904 17244 Not Found: /socket.io/
WARNING 2026-01-13 10:12:08,664 basehttp 33904 17244 "GET /socket.io/?EIO=4&transport=websocket HTTP/1.1" 404 2392
WARNING 2026-01-13 10:12:17,872 log 33904 38124 Not Found: /socket.io/
WARNING 2026-01-13 10:12:17,873 basehttp 33904 38124 "GET /socket.io/?EIO=4&transport=websocket HTTP/1.1" 404 2392
WARNING 2026-01-13 10:12:24,946 log 33904 35264 Not Found: /socket.io/
WARNING 2026-01-13 10:12:24,948 basehttp 33904 35264 "GET /socket.io/?EIO=4&transport=websocket HTTP/1.1" 404 2392
WARNING 2026-01-13 10:12:34,861 log 33904 11656 Not Found: /socket.io/
WARNING 2026-01-13 10:12:34,862 basehttp 33904 11656 "GET /socket.io/?EIO=4&transport=websocket HTTP/1.1" 404 2392
WARNING 2026-01-13 10:12:41,398 log 33904 37864 Not Found: /socket.io/
WARNING 2026-01-13 10:12:41,399 basehttp 33904 37864 "GET /socket.io/?EIO=4&transport=websocket HTTP/1.1" 404 2392
WARNING 2026-01-13 10:12:48,139 log 33904 25164 Not Found: /socket.io/
WARNING 2026-01-13 10:12:48,139 basehttp 33904 25164 "GET /socket.io/?EIO=4&transport=websocket HTTP/1.1" 404 2392
WARNING 2026-01-13 10:12:53,904 log 33904 32924 Unauthorized: /api/accounts/dashboard/lecturer/
WARNING 2026-01-13 10:12:53,905 basehttp 33904 32924 "GET /api/accounts/dashboard/lecturer/ HTTP/1.1" 401 172
WARNING 2026-01-13 10:12:53,914 log 33904 36464 Unauthorized: /api/accounts/dashboard/lecturer/
WARNING 2026-01-13 10:12:53,915 basehttp 33904 36464 "GET /api/accounts/dashboard/lecturer/ HTTP/1.1" 401 172
INFO 2026-01-13 10:21:57,745 autoreload 39136 25992 Watching for file changes with StatReloader
INFO 2026-01-13 14:22:24,031 basehttp 33904 25096 "POST /api/accounts/jwt/login/ HTTP/1.1" 200 639
INFO 2026-01-13 14:22:24,224 views 33904 1748 Dashboard request for user 13: lecturer@zetech.ac.ke, type: lecturer
INFO 2026-01-13 14:22:24,236 views 33904 1748 Dashboard data returned for user 13
INFO 2026-01-13 14:22:24,237 basehttp 33904 1748 "GET /api/accounts/dashboard/lecturer/ HTTP/1.1" 200 222
INFO 2026-01-13 14:22:24,247 views 33904 40392 Dashboard request for user 13: lecturer@zetech.ac.ke, type: lecturer
INFO 2026-01-13 14:22:24,254 views 33904 40392 Dashboard data returned for user 13
INFO 2026-01-13 14:22:24,255 basehttp 33904 40392 "GET /api/accounts/dashboard/lecturer/ HTTP/1.1" 200 222
WARNING 2026-01-13 14:22:24,587 log 33904 24760 Not Found: /socket.io/
WARNING 2026-01-13 14:22:24,589 basehttp 33904 24760 "GET /socket.io/?EIO=4&transport=websocket HTTP/1.1" 404 2392
WARNING 2026-01-13 14:22:26,382 log 33904 25108 Not Found: /socket.io/
WARNING 2026-01-13 14:22:26,383 basehttp 33904 25108 "GET /socket.io/?EIO=4&transport=websocket HTTP/1.1" 404 2392
WARNING 2026-01-13 14:22:28,708 log 33904 29944 Not Found: /socket.io/
WARNING 2026-01-13 14:22:28,708 basehttp 33904 29944 "GET /socket.io/?EIO=4&transport=websocket HTTP/1.1" 404 2392
INFO 2026-01-13 14:22:54,029 basehttp 33904 39068 "POST /api/accounts/jwt/login/ HTTP/1.1" 200 636
INFO 2026-01-13 14:22:54,203 views 33904 6600 Dashboard request for user 12: student@zetech.ac.ke, type: student
ERROR 2026-01-13 14:22:54,210 views 33904 3912 Error in get_notifications: no such column: accounts_notification.related_chat_room_id
ERROR 2026-01-13 14:22:54,211 log 33904 3912 Internal Server Error: /api/accounts/notifications/
ERROR 2026-01-13 14:22:54,216 basehttp 33904 3912 "GET /api/accounts/notifications/ HTTP/1.1" 500 33
INFO 2026-01-13 14:22:54,226 views 33904 6600 Dashboard data returned for user 12
INFO 2026-01-13 14:22:54,227 basehttp 33904 6600 "GET /api/accounts/dashboard/student/ HTTP/1.1" 200 232
ERROR 2026-01-13 14:22:54,229 views 33904 14532 Error in get_notifications: no such column: accounts_notification.related_chat_room_id
ERROR 2026-01-13 14:22:54,231 log 33904 14532 Internal Server Error: /api/accounts/notifications/
ERROR 2026-01-13 14:22:54,234 basehttp 33904 14532 "GET /api/accounts/notifications/ HTTP/1.1" 500 33
INFO 2026-01-13 14:22:54,236 views 33904 40764 Dashboard request for user 12: student@zetech.ac.ke, type: student
INFO 2026-01-13 14:22:54,248 views 33904 40764 Dashboard data returned for user 12
INFO 2026-01-13 14:22:54,249 basehttp 33904 40764 "GET /api/accounts/dashboard/student/ HTTP/1.1" 200 232
WARNING 2026-01-13 14:35:41,783 log 33904 37160 Unauthorized: /api/accounts/dashboard/student/
WARNING 2026-01-13 14:35:41,786 log 33904 37692 Unauthorized: /api/accounts/notifications/
WARNING 2026-01-13 14:35:41,787 basehttp 33904 37160 "GET /api/accounts/dashboard/student/ HTTP/1.1" 401 172
WARNING 2026-01-13 14:35:41,787 basehttp 33904 37692 "GET /api/accounts/notifications/ HTTP/1.1" 401 172
WARNING 2026-01-13 14:35:41,794 log 33904 40936 Unauthorized: /api/accounts/dashboard/student/
WARNING 2026-01-13 14:35:41,798 log 33904 22164 Unauthorized: /api/accounts/notifications/
WARNING 2026-01-13 14:35:41,799 basehttp 33904 40936 "GET /api/accounts/dashboard/student/ HTTP/1.1" 401 172
WARNING 2026-01-13 14:35:41,800 basehttp 33904 22164 "GET /api/accounts/notifications/ HTTP/1.1" 401 172
INFO 2026-01-14 08:58:59,152 autoreload 35620 22176 C:\Users\Administrator\Desktop\GroupHub\backend\accounts\views.py changed, reloading.
INFO 2026-01-14 08:58:59,240 autoreload 19732 14480 C:\Users\Administrator\Desktop\GroupHub\backend\accounts\views.py changed, reloading.
INFO 2026-01-14 08:58:59,311 autoreload 33904 14720 C:\Users\Administrator\Desktop\GroupHub\backend\accounts\views.py changed, reloading.
INFO 2026-01-14 08:58:59,281 autoreload 23400 13340 C:\Users\Administrator\Desktop\GroupHub\backend\accounts\views.py changed, reloading.
INFO 2026-01-14 08:59:03,135 autoreload 38860 42264 Watching for file changes with StatReloader
INFO 2026-01-14 08:59:03,137 autoreload 39428 34660 Watching for file changes with StatReloader
INFO 2026-01-14 08:59:03,137 autoreload 22408 12248 Watching for file changes with StatReloader
INFO 2026-01-14 08:59:03,345 autoreload 42756 8920 Watching for file changes with StatReloader
INFO 2026-01-14 08:59:25,826 autoreload 38860 42264 C:\Users\Administrator\Desktop\GroupHub\backend\accounts\views.py changed, reloading.
INFO 2026-01-14 08:59:25,846 autoreload 22408 12248 C:\Users\Administrator\Desktop\GroupHub\backend\accounts\views.py changed, reloading.
INFO 2026-01-14 08:59:25,863 autoreload 39428 34660 C:\Users\Administrator\Desktop\GroupHub\backend\accounts\views.py changed, reloading.
INFO 2026-01-14 08:59:26,286 autoreload 42756 8920 C:\Users\Administrator\Desktop\GroupHub\backend\accounts\views.py changed, reloading.
INFO 2026-01-14 08:59:27,087 autoreload 23680 15896 Watching for file changes with StatReloader
INFO 2026-01-14 08:59:27,095 autoreload 38124 1820 Watching for file changes with StatReloader
INFO 2026-01-14 08:59:27,107 autoreload 5812 42208 Watching for file changes with StatReloader
INFO 2026-01-14 08:59:27,622 autoreload 35836 13672 Watching for file changes with StatReloader
INFO 2026-01-14 08:59:48,420 autoreload 38124 1820 C:\Users\Administrator\Desktop\GroupHub\backend\accounts\urls.py changed, reloading.
INFO 2026-01-14 08:59:48,454 autoreload 5812 42208 C:\Users\Administrator\Desktop\GroupHub\backend\accounts\urls.py changed, reloading.
INFO 2026-01-14 08:59:48,464 autoreload 23680 15896 C:\Users\Administrator\Desktop\GroupHub\backend\accounts\urls.py changed, reloading.
INFO 2026-01-14 08:59:48,767 autoreload 35836 13672 C:\Users\Administrator\Desktop\GroupHub\backend\accounts\urls.py changed, reloading.
INFO 2026-01-14 08:59:49,585 autoreload 8456 39200 Watching for file changes with StatReloader
INFO 2026-01-14 08:59:49,599 autoreload 32924 40588 Watching for file changes with StatReloader
INFO 2026-01-14 08:59:49,605 autoreload 22612 39540 Watching for file changes with StatReloader
INFO 2026-01-14 08:59:49,952 autoreload 18860 15180 Watching for file changes with StatReloader
INFO 2026-05-27 16:43:54,871 autoreload 43264 10952 Watching for file changes with StatReloader
INFO 2026-05-27 16:45:23,432 autoreload 43264 10952 C:\Users\Administrator\Desktop\GroupHub\backend\accounts\views.py changed, reloading.
INFO 2026-05-27 16:45:28,241 autoreload 41152 39720 Watching for file changes with StatReloader
INFO 2026-05-27 16:45:53,860 autoreload 42432 42196 Watching for file changes with StatReloader
INFO 2026-05-27 16:47:25,948 autoreload 43120 42780 Watching for file changes with StatReloader
INFO 2026-05-27 16:49:06,623 autoreload 37844 37872 Watching for file changes with StatReloader
INFO 2026-05-27 16:51:33,511 autoreload 43120 42780 C:\Users\Administrator\Desktop\GroupHub\backend\backend\urls.py changed, reloading.
INFO 2026-05-27 16:51:34,684 autoreload 37844 37872 C:\Users\Administrator\Desktop\GroupHub\backend\backend\urls.py changed, reloading.
INFO 2026-05-27 16:51:34,753 autoreload 42432 42196 C:\Users\Administrator\Desktop\GroupHub\backend\backend\urls.py changed, reloading.
INFO 2026-05-27 16:51:36,009 autoreload 48732 32252 Watching for file changes with StatReloader
INFO 2026-05-27 16:51:36,945 autoreload 48840 48464 Watching for file changes with StatReloader
INFO 2026-05-27 16:51:37,124 autoreload 48388 48268 Watching for file changes with StatReloader
ERROR 2026-05-27 16:52:45,290 log 30384 45468 Invalid HTTP_HOST header: 'testserver'. You may need to add 'testserver' to ALLOWED_HOSTS.
Traceback (most recent call last):
  File "C:\Users\Administrator\AppData\Local\Programs\Python\Python313\Lib\site-packages\django\core\handlers\exception.py", line 55, in inner
    response = get_response(request)
  File "C:\Users\Administrator\AppData\Local\Programs\Python\Python313\Lib\site-packages\django\utils\deprecation.py", line 119, in __call__
    response = self.process_request(request)
  File "C:\Users\Administrator\AppData\Local\Programs\Python\Python313\Lib\site-packages\django\middleware\common.py", line 48, in process_request
    host = request.get_host()
  File "C:\Users\Administrator\AppData\Local\Programs\Python\Python313\Lib\site-packages\django\http\request.py", line 202, in get_host
    raise DisallowedHost(msg)
django.core.exceptions.DisallowedHost: Invalid HTTP_HOST header: 'testserver'. You may need to add 'testserver' to ALLOWED_HOSTS.
WARNING 2026-05-27 16:53:00,058 log 46088 12760 Unauthorized: /api/accounts/dashboard/student/
INFO 2026-05-27 16:54:18,000 autoreload 48388 48268 C:\Users\Administrator\Desktop\GroupHub\backend\backend\urls.py changed, reloading.
INFO 2026-05-27 16:54:18,051 autoreload 48840 48464 C:\Users\Administrator\Desktop\GroupHub\backend\backend\urls.py changed, reloading.
INFO 2026-05-27 16:54:18,062 autoreload 48732 32252 C:\Users\Administrator\Desktop\GroupHub\backend\backend\urls.py changed, reloading.
INFO 2026-05-27 16:54:20,835 autoreload 33780 42588 Watching for file changes with StatReloader
INFO 2026-05-27 16:54:20,996 autoreload 44556 32592 Watching for file changes with StatReloader
INFO 2026-05-27 16:54:21,071 autoreload 43328 44476 Watching for file changes with StatReloader
INFO 2026-05-27 16:54:55,917 autoreload 44556 32592 C:\Users\Administrator\Desktop\GroupHub\backend\accounts\urls.py changed, reloading.
INFO 2026-05-27 16:54:56,007 autoreload 43328 44476 C:\Users\Administrator\Desktop\GroupHub\backend\accounts\urls.py changed, reloading.
INFO 2026-05-27 16:54:56,013 autoreload 33780 42588 C:\Users\Administrator\Desktop\GroupHub\backend\accounts\urls.py changed, reloading.
INFO 2026-05-27 16:54:58,144 autoreload 29400 33728 Watching for file changes with StatReloader
INFO 2026-05-27 16:54:58,203 autoreload 47572 49476 Watching for file changes with StatReloader
INFO 2026-05-27 16:54:58,206 autoreload 46916 40856 Watching for file changes with StatReloader
INFO 2026-05-27 16:56:10,609 autoreload 47572 49476 C:\Users\Administrator\Desktop\GroupHub\backend\backend\urls.py changed, reloading.
INFO 2026-05-27 16:56:10,704 autoreload 29400 33728 C:\Users\Administrator\Desktop\GroupHub\backend\backend\urls.py changed, reloading.
INFO 2026-05-27 16:56:10,731 autoreload 46916 40856 C:\Users\Administrator\Desktop\GroupHub\backend\backend\urls.py changed, reloading.
INFO 2026-05-27 16:56:11,907 autoreload 44064 14036 Watching for file changes with StatReloader
INFO 2026-05-27 16:56:12,002 autoreload 38076 16584 Watching for file changes with StatReloader
INFO 2026-05-27 16:56:12,041 autoreload 46440 50024 Watching for file changes with StatReloader
WARNING 2026-05-27 16:56:41,793 log 17616 46312 Unauthorized: /api/accounts/dashboard/student/
INFO 2026-05-27 17:00:17,093 autoreload 43540 47176 Watching for file changes with StatReloader
ERROR 2026-05-27 17:00:46,502 log 33444 49848 Invalid HTTP_HOST header: 'testserver'. You may need to add 'testserver' to ALLOWED_HOSTS.
Traceback (most recent call last):
  File "C:\Users\Administrator\AppData\Local\Programs\Python\Python313\Lib\site-packages\django\core\handlers\exception.py", line 55, in inner
    response = get_response(request)
  File "C:\Users\Administrator\AppData\Local\Programs\Python\Python313\Lib\site-packages\django\utils\deprecation.py", line 119, in __call__
    response = self.process_request(request)
  File "C:\Users\Administrator\AppData\Local\Programs\Python\Python313\Lib\site-packages\django\middleware\common.py", line 48, in process_request
    host = request.get_host()
  File "C:\Users\Administrator\AppData\Local\Programs\Python\Python313\Lib\site-packages\django\http\request.py", line 202, in get_host
    raise DisallowedHost(msg)
django.core.exceptions.DisallowedHost: Invalid HTTP_HOST header: 'testserver'. You may need to add 'testserver' to ALLOWED_HOSTS.
INFO 2026-05-27 17:01:36,414 autoreload 43540 47176 C:\Users\Administrator\Desktop\GroupHub\backend\backend\urls.py changed, reloading.
INFO 2026-05-27 17:01:37,543 autoreload 8236 37448 Watching for file changes with StatReloader
INFO 2026-05-27 17:02:34,459 autoreload 8236 37448 C:\Users\Administrator\Desktop\GroupHub\backend\accounts\urls.py changed, reloading.
INFO 2026-05-27 17:02:35,676 autoreload 8668 36532 Watching for file changes with StatReloader
INFO 2026-05-28 08:27:21,717 autoreload 46704 39364 Watching for file changes with StatReloader
INFO 2026-05-29 09:04:38,427 autoreload 8668 36532 C:\Users\Administrator\Desktop\GroupHub\backend\accounts\urls.py changed, reloading.
INFO 2026-05-29 09:04:38,466 autoreload 46704 39364 C:\Users\Administrator\Desktop\GroupHub\backend\accounts\urls.py changed, reloading.
INFO 2026-05-29 09:04:43,328 autoreload 10580 41004 Watching for file changes with StatReloader
INFO 2026-05-29 09:04:43,329 autoreload 30160 41132 Watching for file changes with StatReloader
INFO 2026-05-29 09:13:43,895 autoreload 49632 23216 Watching for file changes with StatReloader
INFO 2026-05-29 09:22:22,551 autoreload 30160 41132 C:\Users\Administrator\Desktop\GroupHub\backend\backend\settings.py changed, reloading.
INFO 2026-05-29 09:22:22,556 autoreload 38076 16584 C:\Users\Administrator\Desktop\GroupHub\backend\backend\settings.py changed, reloading.
INFO 2026-05-29 09:22:22,560 autoreload 46440 50024 C:\Users\Administrator\Desktop\GroupHub\backend\backend\settings.py changed, reloading.
INFO 2026-05-29 09:22:22,575 autoreload 49632 23216 C:\Users\Administrator\Desktop\GroupHub\backend\backend\settings.py changed, reloading.
INFO 2026-05-29 09:22:26,228 autoreload 39876 29388 Watching for file changes with StatReloader
INFO 2026-05-29 09:22:26,230 autoreload 50144 44524 Watching for file changes with StatReloader
INFO 2026-05-29 09:22:26,233 autoreload 42908 45336 Watching for file changes with StatReloader
INFO 2026-05-29 09:22:26,232 autoreload 5540 24692 Watching for file changes with StatReloader
INFO 2026-05-29 09:22:38,226 autoreload 39876 29388 C:\Users\Administrator\Desktop\GroupHub\backend\backend\settings.py changed, reloading.
INFO 2026-05-29 09:22:38,276 autoreload 50144 44524 C:\Users\Administrator\Desktop\GroupHub\backend\backend\settings.py changed, reloading.
INFO 2026-05-29 09:22:38,292 autoreload 42908 45336 C:\Users\Administrator\Desktop\GroupHub\backend\backend\settings.py changed, reloading.
INFO 2026-05-29 09:22:38,387 autoreload 5540 24692 C:\Users\Administrator\Desktop\GroupHub\backend\backend\settings.py changed, reloading.
INFO 2026-05-29 09:22:42,716 autoreload 35548 45152 Watching for file changes with StatReloader
INFO 2026-05-29 09:22:43,273 autoreload 10972 40856 Watching for file changes with StatReloader
INFO 2026-05-29 09:22:43,294 autoreload 27152 41776 Watching for file changes with StatReloader
INFO 2026-05-29 09:22:43,322 autoreload 45820 43564 Watching for file changes with StatReloader
INFO 2026-05-29 09:29:33,614 autoreload 42988 18804 Watching for file changes with StatReloader
INFO 2026-05-29 10:18:01,953 autoreload 45820 43564 C:\Users\Administrator\Desktop\GroupHub\backend\backend\settings.py changed, reloading.
INFO 2026-05-29 10:18:01,959 autoreload 42988 18804 C:\Users\Administrator\Desktop\GroupHub\backend\backend\settings.py changed, reloading.
INFO 2026-05-29 10:18:01,992 autoreload 27152 41776 C:\Users\Administrator\Desktop\GroupHub\backend\backend\settings.py changed, reloading.
INFO 2026-05-29 10:18:02,443 autoreload 35548 45152 C:\Users\Administrator\Desktop\GroupHub\backend\backend\settings.py changed, reloading.
INFO 2026-05-29 10:18:05,774 autoreload 43316 45268 Watching for file changes with StatReloader
INFO 2026-05-29 10:18:05,926 autoreload 47660 42992 Watching for file changes with StatReloader
INFO 2026-05-29 10:18:05,984 autoreload 49908 28616 Watching for file changes with StatReloader
INFO 2026-05-29 10:18:24,510 autoreload 43316 45268 C:\Users\Administrator\Desktop\GroupHub\backend\backend\settings.py changed, reloading.
INFO 2026-05-29 10:18:25,106 autoreload 49908 28616 C:\Users\Administrator\Desktop\GroupHub\backend\backend\settings.py changed, reloading.
INFO 2026-05-29 10:18:25,166 autoreload 47660 42992 C:\Users\Administrator\Desktop\GroupHub\backend\backend\settings.py changed, reloading.
INFO 2026-05-29 10:18:25,191 autoreload 43896 40688 C:\Users\Administrator\Desktop\GroupHub\backend\backend\settings.py changed, reloading.
INFO 2026-05-29 10:18:26,604 autoreload 46908 25680 Watching for file changes with StatReloader
INFO 2026-05-29 10:18:27,241 autoreload 41696 19404 Watching for file changes with StatReloader
INFO 2026-05-29 10:18:27,323 autoreload 15564 33388 Watching for file changes with StatReloader
INFO 2026-05-29 10:18:27,368 autoreload 6196 37748 Watching for file changes with StatReloader
INFO 2026-05-29 10:19:24,607 autoreload 37588 42092 Watching for file changes with StatReloader
INFO 2026-05-29 12:06:58,152 autoreload 41888 5192 Watching for file changes with StatReloader
INFO 2026-05-29 12:49:20,556 autoreload 41888 5192 C:\Users\Administrator\Desktop\GroupHub\backend\backend\settings.py changed, reloading.
INFO 2026-05-29 12:49:24,867 autoreload 22456 30084 Watching for file changes with StatReloader
INFO 2026-05-29 12:49:32,027 autoreload 22456 30084 C:\Users\Administrator\Desktop\GroupHub\backend\backend\settings.py changed, reloading.
INFO 2026-05-29 12:49:33,727 autoreload 43608 11576 Watching for file changes with StatReloader
INFO 2026-05-29 12:50:28,974 autoreload 43608 11576 C:\Users\Administrator\Desktop\GroupHub\backend\accounts\urls.py changed, reloading.
INFO 2026-05-29 12:50:30,495 autoreload 37164 49308 Watching for file changes with StatReloader
INFO 2026-05-29 12:51:27,895 autoreload 37164 49308 C:\Users\Administrator\Desktop\GroupHub\backend\accounts\views.py changed, reloading.
INFO 2026-05-29 12:51:29,766 autoreload 41016 37248 Watching for file changes with StatReloader
INFO 2026-05-29 12:51:59,212 autoreload 41016 37248 C:\Users\Administrator\Desktop\GroupHub\backend\accounts\views.py changed, reloading.
INFO 2026-05-29 12:52:00,652 autoreload 45780 47860 Watching for file changes with StatReloader
INFO 2026-05-29 12:52:17,861 autoreload 45780 47860 C:\Users\Administrator\Desktop\GroupHub\backend\accounts\views.py changed, reloading.
INFO 2026-05-29 12:52:19,224 autoreload 46976 23964 Watching for file changes with StatReloader
INFO 2026-05-29 12:52:25,807 autoreload 46976 23964 C:\Users\Administrator\Desktop\GroupHub\backend\accounts\views.py changed, reloading.
INFO 2026-05-29 12:52:27,395 autoreload 35484 44140 Watching for file changes with StatReloader
INFO 2026-05-29 12:59:13,236 autoreload 35484 44140 C:\Users\Administrator\Desktop\GroupHub\backend\accounts\views.py changed, reloading.
INFO 2026-05-29 12:59:14,864 autoreload 4192 38760 Watching for file changes with StatReloader
INFO 2026-05-29 13:03:52,102 autoreload 4192 38760 C:\Users\Administrator\Desktop\GroupHub\backend\backend\settings.py changed, reloading.
INFO 2026-05-29 13:03:54,107 autoreload 35008 27740 Watching for file changes with StatReloader
INFO 2026-05-29 13:04:08,598 autoreload 35008 27740 C:\Users\Administrator\Desktop\GroupHub\backend\accounts\views.py changed, reloading.
INFO 2026-05-29 13:04:10,660 autoreload 44000 40516 Watching for file changes with StatReloader
INFO 2026-05-29 13:05:14,582 autoreload 44000 40516 C:\Users\Administrator\Desktop\GroupHub\backend\accounts\urls.py changed, reloading.
INFO 2026-05-29 13:05:16,072 autoreload 19732 31692 Watching for file changes with StatReloader
INFO 2026-05-29 13:05:29,593 autoreload 19732 31692 C:\Users\Administrator\Desktop\GroupHub\backend\accounts\views.py changed, reloading.
INFO 2026-05-29 13:05:31,152 autoreload 38300 38328 Watching for file changes with StatReloader
INFO 2026-05-29 13:15:38,499 autoreload 38300 38328 C:\Users\Administrator\Desktop\GroupHub\backend\backend\urls.py changed, reloading.
INFO 2026-05-29 13:15:42,553 autoreload 37104 44080 Watching for file changes with StatReloader
INFO 2026-05-29 13:35:52,670 autoreload 37104 44080 C:\Users\Administrator\Desktop\GroupHub\backend\backend\urls.py changed, reloading.
INFO 2026-05-29 13:35:56,859 autoreload 48928 45312 Watching for file changes with StatReloader
INFO 2026-05-29 15:34:25,959 autoreload 48928 45312 C:\Users\Administrator\Desktop\GroupHub\backend\accounts\views.py changed, reloading.
INFO 2026-05-29 15:34:28,972 autoreload 48692 42096 Watching for file changes with StatReloader
INFO 2026-05-29 15:34:38,913 autoreload 48692 42096 C:\Users\Administrator\Desktop\GroupHub\backend\accounts\views.py changed, reloading.
INFO 2026-05-29 15:34:40,481 autoreload 31992 39704 Watching for file changes with StatReloader
INFO 2026-05-29 15:57:19,296 autoreload 31992 39704 C:\Users\Administrator\Desktop\GroupHub\backend\accounts\models.py changed, reloading.
INFO 2026-05-29 15:57:20,939 autoreload 44064 45308 Watching for file changes with StatReloader
INFO 2026-05-29 15:59:52,332 autoreload 44064 45308 C:\Users\Administrator\Desktop\GroupHub\backend\accounts\models.py changed, reloading.
INFO 2026-05-29 15:59:53,743 autoreload 14032 43972 Watching for file changes with StatReloader
INFO 2026-05-29 16:00:00,984 autoreload 14032 43972 C:\Users\Administrator\Desktop\GroupHub\backend\accounts\models.py changed, reloading.
INFO 2026-05-29 16:00:02,038 autoreload 19932 48112 Watching for file changes with StatReloader
INFO 2026-05-29 16:04:39,855 autoreload 19932 48112 C:\Users\Administrator\Desktop\GroupHub\backend\accounts\models.py changed, reloading.
INFO 2026-05-29 16:04:41,076 autoreload 47156 37500 Watching for file changes with StatReloader
INFO 2026-05-29 16:07:40,540 autoreload 15888 27728 Watching for file changes with StatReloader
INFO 2026-05-29 16:10:02,247 autoreload 45068 19516 Watching for file changes with StatReloader
INFO 2026-05-29 16:12:10,062 autoreload 6908 25524 Watching for file changes with StatReloader
INFO 2026-05-29 16:15:36,935 autoreload 44692 47148 Watching for file changes with StatReloader
INFO 2026-05-30 09:15:20,949 autoreload 44692 47148 C:\Users\Administrator\Desktop\GroupHub\backend\backend\settings.py changed, reloading.
INFO 2026-05-30 09:15:24,616 autoreload 49188 22464 Watching for file changes with StatReloader
INFO 2026-05-30 09:15:28,867 autoreload 49188 22464 C:\Users\Administrator\Desktop\GroupHub\backend\backend\settings.py changed, reloading.
INFO 2026-05-30 09:15:30,404 autoreload 41468 36284 Watching for file changes with StatReloader
INFO 2026-05-30 09:15:37,551 autoreload 41468 36284 C:\Users\Administrator\Desktop\GroupHub\backend\backend\urls.py changed, reloading.
INFO 2026-05-30 09:15:38,981 autoreload 24640 27152 Watching for file changes with StatReloader
INFO 2026-05-30 09:16:37,340 autoreload 24640 27152 C:\Users\Administrator\Desktop\GroupHub\backend\accounts\views.py changed, reloading.
INFO 2026-05-30 09:16:40,043 autoreload 10788 34220 Watching for file changes with StatReloader
INFO 2026-05-30 09:34:43,004 autoreload 10788 34220 C:\Users\Administrator\Desktop\GroupHub\backend\backend\settings.py changed, reloading.
INFO 2026-05-30 09:34:44,710 autoreload 33668 7620 Watching for file changes with StatReloader
INFO 2026-05-30 09:35:10,986 autoreload 33668 7620 C:\Users\Administrator\Desktop\GroupHub\backend\accounts\views.py changed, reloading.
INFO 2026-05-30 09:35:12,920 autoreload 41008 47628 Watching for file changes with StatReloader
INFO 2026-05-30 12:59:04,760 autoreload 41008 47628 C:\Users\Administrator\Desktop\GroupHub\backend\accounts\views.py changed, reloading.
INFO 2026-05-30 12:59:09,322 autoreload 41952 29724 Watching for file changes with StatReloader
INFO 2026-05-30 12:59:31,385 autoreload 23900 46568 Watching for file changes with StatReloader
INFO 2026-06-02 11:25:32,126 autoreload 41952 29724 C:\Users\Administrator\Desktop\GroupHub\backend\accounts\views.py changed, reloading.
INFO 2026-06-02 11:25:35,905 autoreload 31564 23204 Watching for file changes with StatReloader
INFO 2026-06-02 11:25:45,733 autoreload 49076 2840 Watching for file changes with StatReloader
INFO 2026-06-02 11:33:32,993 autoreload 51092 50792 Watching for file changes with StatReloader
INFO 2026-06-02 11:35:03,049 basehttp 51092 40888 "POST /api/login/ HTTP/1.1" 200 489
INFO 2026-06-02 11:35:49,516 basehttp 51092 12384 "POST /api/login/ HTTP/1.1" 200 489
INFO 2026-06-02 11:36:12,077 basehttp 51092 37456 "POST /api/login/ HTTP/1.1" 200 491
INFO 2026-06-02 11:45:59,721 autoreload 51092 50792 C:\Users\Administrator\Desktop\GroupHub\backend\accounts\views.py changed, reloading.
INFO 2026-06-02 11:46:01,477 autoreload 30588 45900 Watching for file changes with StatReloader
INFO 2026-06-02 11:47:35,433 basehttp 30588 49968 "POST /api/login/ HTTP/1.1" 200 491
INFO 2026-06-02 11:50:40,212 basehttp 30588 33916 "POST /api/login/ HTTP/1.1" 200 489
INFO 2026-06-02 11:59:53,321 autoreload 30588 45900 C:\Users\Administrator\Desktop\GroupHub\backend\accounts\views.py changed, reloading.
INFO 2026-06-02 11:59:55,212 autoreload 38296 3284 Watching for file changes with StatReloader
INFO 2026-06-02 12:00:18,655 basehttp 38296 46948 "POST /api/login/ HTTP/1.1" 200 491
INFO 2026-06-02 12:00:37,913 basehttp 38296 43196 "POST /api/login/ HTTP/1.1" 200 491
INFO 2026-06-02 12:02:34,225 autoreload 38296 3284 C:\Users\Administrator\Desktop\GroupHub\backend\accounts\views.py changed, reloading.
INFO 2026-06-02 12:02:36,022 autoreload 50564 20256 Watching for file changes with StatReloader
INFO 2026-06-02 12:02:51,055 autoreload 50564 20256 C:\Users\Administrator\Desktop\GroupHub\backend\accounts\views.py changed, reloading.
INFO 2026-06-02 12:02:52,791 autoreload 44212 45992 Watching for file changes with StatReloader
INFO 2026-06-02 12:09:11,578 autoreload 44212 45992 C:\Users\Administrator\Desktop\GroupHub\backend\accounts\views.py changed, reloading.
INFO 2026-06-02 12:09:14,286 autoreload 43168 40128 Watching for file changes with StatReloader
INFO 2026-06-02 12:09:22,315 autoreload 43168 40128 C:\Users\Administrator\Desktop\GroupHub\backend\accounts\views.py changed, reloading.
INFO 2026-06-02 12:09:24,357 autoreload 49144 38904 Watching for file changes with StatReloader
INFO 2026-06-02 12:10:24,530 basehttp 49144 50408 "POST /api/login/ HTTP/1.1" 200 491
INFO 2026-06-02 12:17:35,746 autoreload 49144 38904 C:\Users\Administrator\Desktop\GroupHub\backend\accounts\views.py changed, reloading.
INFO 2026-06-02 12:17:38,330 autoreload 32932 30416 Watching for file changes with StatReloader
INFO 2026-06-02 12:21:57,881 basehttp 32932 48396 "POST /api/login/ HTTP/1.1" 200 491
INFO 2026-06-02 12:27:58,668 basehttp 32932 45192 "POST /api/login/ HTTP/1.1" 200 489
INFO 2026-06-02 12:32:10,969 basehttp 32932 20500 "POST /api/login/ HTTP/1.1" 200 489
INFO 2026-06-02 12:33:26,171 basehttp 32932 24928 "POST /api/login/ HTTP/1.1" 200 489
INFO 2026-06-02 12:36:22,799 basehttp 32932 47656 "POST /api/login/ HTTP/1.1" 200 489
WARNING 2026-06-02 12:36:54,471 log 32932 22004 Bad Request: /api/login/
WARNING 2026-06-02 12:36:54,473 basehttp 32932 22004 "POST /api/login/ HTTP/1.1" 400 75
INFO 2026-06-02 12:37:07,128 basehttp 32932 35692 "POST /api/login/ HTTP/1.1" 200 489
ERROR 2026-06-02 12:39:00,833 views 32932 32448 Error in get_notifications: no such column: accounts_notification.related_chat_room_id
INFO 2026-06-02 12:39:00,835 views 32932 10656 Dashboard request for user 1: ivymaina@zetech.ac.ke, type: lecturer
ERROR 2026-06-02 12:39:00,838 log 32932 32448 Internal Server Error: /api/accounts/notifications/
WARNING 2026-06-02 12:39:00,838 views 32932 10656 Access denied for non-student user 1
WARNING 2026-06-02 12:39:00,841 log 32932 10656 Forbidden: /api/accounts/dashboard/student/
WARNING 2026-06-02 12:39:00,844 basehttp 32932 10656 "GET /api/accounts/dashboard/student/ HTTP/1.1" 403 25
ERROR 2026-06-02 12:39:00,850 basehttp 32932 32448 "GET /api/accounts/notifications/ HTTP/1.1" 500 33
INFO 2026-06-02 12:39:00,894 views 32932 40280 Dashboard request for user 1: ivymaina@zetech.ac.ke, type: lecturer
WARNING 2026-06-02 12:39:00,899 views 32932 40280 Access denied for non-student user 1
WARNING 2026-06-02 12:39:00,902 log 32932 40280 Forbidden: /api/accounts/dashboard/student/
ERROR 2026-06-02 12:39:00,907 views 32932 48652 Error in get_notifications: no such column: accounts_notification.related_chat_room_id
ERROR 2026-06-02 12:39:00,910 log 32932 48652 Internal Server Error: /api/accounts/notifications/
WARNING 2026-06-02 12:39:00,911 basehttp 32932 40280 "GET /api/accounts/dashboard/student/ HTTP/1.1" 403 25
ERROR 2026-06-02 12:39:00,915 basehttp 32932 48652 "GET /api/accounts/notifications/ HTTP/1.1" 500 33
INFO 2026-06-02 12:39:02,460 views 32932 50588 Dashboard request for user 1: ivymaina@zetech.ac.ke, type: lecturer
WARNING 2026-06-02 12:39:02,461 views 32932 50588 Access denied for non-student user 1
WARNING 2026-06-02 12:39:02,462 log 32932 50588 Forbidden: /api/accounts/dashboard/student/
WARNING 2026-06-02 12:39:02,463 basehttp 32932 50588 "GET /api/accounts/dashboard/student/ HTTP/1.1" 403 25
INFO 2026-06-02 12:39:05,700 views 32932 13832 Dashboard request for user 1: ivymaina@zetech.ac.ke, type: lecturer
WARNING 2026-06-02 12:39:05,700 views 32932 13832 Access denied for non-student user 1
WARNING 2026-06-02 12:39:05,701 log 32932 13832 Forbidden: /api/accounts/dashboard/student/
WARNING 2026-06-02 12:39:05,702 basehttp 32932 13832 "GET /api/accounts/dashboard/student/ HTTP/1.1" 403 25
INFO 2026-06-02 12:39:07,757 views 32932 33704 Dashboard request for user 1: ivymaina@zetech.ac.ke, type: lecturer
WARNING 2026-06-02 12:39:07,757 views 32932 33704 Access denied for non-student user 1
WARNING 2026-06-02 12:39:07,758 log 32932 33704 Forbidden: /api/accounts/dashboard/student/
WARNING 2026-06-02 12:39:07,759 basehttp 32932 33704 "GET /api/accounts/dashboard/student/ HTTP/1.1" 403 25
INFO 2026-06-02 12:46:00,239 autoreload 32932 30416 C:\Users\Administrator\Desktop\GroupHub\backend\accounts\urls.py changed, reloading.
INFO 2026-06-02 12:46:02,750 autoreload 47796 25996 Watching for file changes with StatReloader
INFO 2026-06-02 12:48:42,199 basehttp 47796 3888 "POST /api/login/ HTTP/1.1" 200 491
INFO 2026-06-02 12:56:34,131 basehttp 47796 41568 "POST /api/login/ HTTP/1.1" 200 491
INFO 2026-06-02 13:00:11,398 basehttp 47796 48176 "POST /api/login/ HTTP/1.1" 200 491
INFO 2026-06-02 13:08:57,984 basehttp 47796 6172 "POST /api/login/ HTTP/1.1" 200 491
INFO 2026-06-02 13:08:58,681 views 47796 14596 Dashboard request for user 13: lecturer@zetech.ac.ke, type: lecturer
INFO 2026-06-02 13:08:58,725 views 47796 14596 Dashboard data returned for user 13
INFO 2026-06-02 13:08:58,726 basehttp 47796 14596 "GET /api/accounts/dashboard/lecturer/ HTTP/1.1" 200 222
INFO 2026-06-02 13:08:58,734 views 47796 20388 Dashboard request for user 13: lecturer@zetech.ac.ke, type: lecturer
INFO 2026-06-02 13:08:58,744 views 47796 20388 Dashboard data returned for user 13
INFO 2026-06-02 13:08:58,746 basehttp 47796 20388 "GET /api/accounts/dashboard/lecturer/ HTTP/1.1" 200 222
WARNING 2026-06-02 13:08:59,261 log 47796 2956 Not Found: /socket.io/
WARNING 2026-06-02 13:08:59,262 basehttp 47796 2956 "GET /socket.io/?EIO=4&transport=websocket HTTP/1.1" 404 2571
WARNING 2026-06-02 13:09:00,580 log 47796 48528 Not Found: /socket.io/
WARNING 2026-06-02 13:09:00,580 basehttp 47796 48528 "GET /socket.io/?EIO=4&transport=websocket HTTP/1.1" 404 2571
WARNING 2026-06-02 13:09:02,846 log 47796 30792 Not Found: /socket.io/
WARNING 2026-06-02 13:09:02,847 basehttp 47796 30792 "GET /socket.io/?EIO=4&transport=websocket HTTP/1.1" 404 2571
WARNING 2026-06-02 13:09:07,913 log 47796 34276 Not Found: /socket.io/
WARNING 2026-06-02 13:09:07,914 basehttp 47796 34276 "GET /socket.io/?EIO=4&transport=websocket HTTP/1.1" 404 2571
WARNING 2026-06-02 13:09:13,231 log 47796 31192 Not Found: /socket.io/
WARNING 2026-06-02 13:09:13,231 basehttp 47796 31192 "GET /socket.io/?EIO=4&transport=websocket HTTP/1.1" 404 2571
WARNING 2026-06-02 13:09:18,564 log 47796 42640 Not Found: /socket.io/
WARNING 2026-06-02 13:09:18,564 basehttp 47796 42640 "GET /socket.io/?EIO=4&transport=websocket HTTP/1.1" 404 2571
WARNING 2026-06-02 13:09:23,882 log 47796 37028 Not Found: /socket.io/
WARNING 2026-06-02 13:09:23,882 basehttp 47796 37028 "GET /socket.io/?EIO=4&transport=websocket HTTP/1.1" 404 2571
WARNING 2026-06-02 13:09:29,202 log 47796 31500 Not Found: /socket.io/
WARNING 2026-06-02 13:09:29,203 basehttp 47796 31500 "GET /socket.io/?EIO=4&transport=websocket HTTP/1.1" 404 2571
WARNING 2026-06-02 13:09:35,316 log 47796 17120 Not Found: /socket.io/
WARNING 2026-06-02 13:09:35,316 basehttp 47796 17120 "GET /socket.io/?EIO=4&transport=websocket HTTP/1.1" 404 2571
WARNING 2026-06-02 13:09:41,305 log 47796 36616 Not Found: /socket.io/
WARNING 2026-06-02 13:09:41,305 basehttp 47796 36616 "GET /socket.io/?EIO=4&transport=websocket HTTP/1.1" 404 2571
WARNING 2026-06-02 13:09:47,319 log 47796 8200 Not Found: /socket.io/
WARNING 2026-06-02 13:09:47,319 basehttp 47796 8200 "GET /socket.io/?EIO=4&transport=websocket HTTP/1.1" 404 2571
WARNING 2026-06-02 13:09:53,308 log 47796 41108 Not Found: /socket.io/
WARNING 2026-06-02 13:09:53,309 basehttp 47796 41108 "GET /socket.io/?EIO=4&transport=websocket HTTP/1.1" 404 2571
WARNING 2026-06-02 13:09:59,318 log 47796 37632 Not Found: /socket.io/
WARNING 2026-06-02 13:09:59,318 basehttp 47796 37632 "GET /socket.io/?EIO=4&transport=websocket HTTP/1.1" 404 2571
WARNING 2026-06-02 13:10:05,348 log 47796 3888 Not Found: /socket.io/
WARNING 2026-06-02 13:10:05,349 basehttp 47796 3888 "GET /socket.io/?EIO=4&transport=websocket HTTP/1.1" 404 2571
WARNING 2026-06-02 13:10:11,317 log 47796 37944 Not Found: /socket.io/
WARNING 2026-06-02 13:10:11,318 basehttp 47796 37944 "GET /socket.io/?EIO=4&transport=websocket HTTP/1.1" 404 2571
WARNING 2026-06-02 13:10:17,324 log 47796 44760 Not Found: /socket.io/
WARNING 2026-06-02 13:10:17,324 basehttp 47796 44760 "GET /socket.io/?EIO=4&transport=websocket HTTP/1.1" 404 2571
WARNING 2026-06-02 13:10:23,321 log 47796 37464 Not Found: /socket.io/
WARNING 2026-06-02 13:10:23,322 basehttp 47796 37464 "GET /socket.io/?EIO=4&transport=websocket HTTP/1.1" 404 2571
WARNING 2026-06-02 13:10:29,425 log 47796 46364 Not Found: /socket.io/
WARNING 2026-06-02 13:10:29,445 basehttp 47796 46364 "GET /socket.io/?EIO=4&transport=websocket HTTP/1.1" 404 2571
WARNING 2026-06-02 13:10:35,323 log 47796 17616 Not Found: /socket.io/
WARNING 2026-06-02 13:10:35,323 basehttp 47796 17616 "GET /socket.io/?EIO=4&transport=websocket HTTP/1.1" 404 2571
WARNING 2026-06-02 13:10:41,322 log 47796 41016 Not Found: /socket.io/
WARNING 2026-06-02 13:10:41,322 basehttp 47796 41016 "GET /socket.io/?EIO=4&transport=websocket HTTP/1.1" 404 2571
WARNING 2026-06-02 13:10:47,331 log 47796 38792 Not Found: /socket.io/
WARNING 2026-06-02 13:10:47,332 basehttp 47796 38792 "GET /socket.io/?EIO=4&transport=websocket HTTP/1.1" 404 2571
WARNING 2026-06-02 13:10:53,719 log 47796 50340 Not Found: /socket.io/
WARNING 2026-06-02 13:10:53,720 basehttp 47796 50340 "GET /socket.io/?EIO=4&transport=websocket HTTP/1.1" 404 2571
WARNING 2026-06-02 13:10:59,326 log 47796 20288 Not Found: /socket.io/
WARNING 2026-06-02 13:10:59,327 basehttp 47796 20288 "GET /socket.io/?EIO=4&transport=websocket HTTP/1.1" 404 2571
WARNING 2026-06-02 13:11:05,464 log 47796 29984 Not Found: /socket.io/
WARNING 2026-06-02 13:11:05,533 basehttp 47796 29984 "GET /socket.io/?EIO=4&transport=websocket HTTP/1.1" 404 2571
WARNING 2026-06-02 13:11:11,395 log 47796 50496 Not Found: /socket.io/
WARNING 2026-06-02 13:11:11,401 basehttp 47796 50496 "GET /socket.io/?EIO=4&transport=websocket HTTP/1.1" 404 2571
WARNING 2026-06-02 13:11:17,412 log 47796 34000 Not Found: /socket.io/
WARNING 2026-06-02 13:11:17,430 basehttp 47796 34000 "GET /socket.io/?EIO=4&transport=websocket HTTP/1.1" 404 2571
WARNING 2026-06-02 13:11:23,352 log 47796 24044 Not Found: /socket.io/
WARNING 2026-06-02 13:11:23,356 basehttp 47796 24044 "GET /socket.io/?EIO=4&transport=websocket HTTP/1.1" 404 2571
WARNING 2026-06-02 13:11:29,446 log 47796 40556 Not Found: /socket.io/
WARNING 2026-06-02 13:11:29,562 basehttp 47796 40556 "GET /socket.io/?EIO=4&transport=websocket HTTP/1.1" 404 2571
WARNING 2026-06-02 13:11:35,341 log 47796 34884 Not Found: /socket.io/
WARNING 2026-06-02 13:11:35,342 basehttp 47796 34884 "GET /socket.io/?EIO=4&transport=websocket HTTP/1.1" 404 2571
WARNING 2026-06-02 13:11:41,390 log 47796 8560 Not Found: /socket.io/
WARNING 2026-06-02 13:11:41,391 basehttp 47796 8560 "GET /socket.io/?EIO=4&transport=websocket HTTP/1.1" 404 2571
WARNING 2026-06-02 13:11:47,336 log 47796 36516 Not Found: /socket.io/
WARNING 2026-06-02 13:11:47,337 basehttp 47796 36516 "GET /socket.io/?EIO=4&transport=websocket HTTP/1.1" 404 2571
WARNING 2026-06-02 13:11:53,352 log 47796 35844 Not Found: /socket.io/
WARNING 2026-06-02 13:11:53,353 basehttp 47796 35844 "GET /socket.io/?EIO=4&transport=websocket HTTP/1.1" 404 2571
WARNING 2026-06-02 13:11:59,407 log 47796 9104 Not Found: /socket.io/
WARNING 2026-06-02 13:11:59,407 basehttp 47796 9104 "GET /socket.io/?EIO=4&transport=websocket HTTP/1.1" 404 2571
WARNING 2026-06-02 13:12:05,443 log 47796 41704 Not Found: /socket.io/
WARNING 2026-06-02 13:12:05,444 basehttp 47796 41704 "GET /socket.io/?EIO=4&transport=websocket HTTP/1.1" 404 2571
WARNING 2026-06-02 13:12:11,461 log 47796 20500 Not Found: /socket.io/
WARNING 2026-06-02 13:12:11,461 basehttp 47796 20500 "GET /socket.io/?EIO=4&transport=websocket HTTP/1.1" 404 2571
WARNING 2026-06-02 13:12:17,472 log 47796 40228 Not Found: /socket.io/
WARNING 2026-06-02 13:12:17,473 basehttp 47796 40228 "GET /socket.io/?EIO=4&transport=websocket HTTP/1.1" 404 2571
WARNING 2026-06-02 13:12:23,569 log 47796 28620 Not Found: /socket.io/
WARNING 2026-06-02 13:12:23,570 basehttp 47796 28620 "GET /socket.io/?EIO=4&transport=websocket HTTP/1.1" 404 2571
WARNING 2026-06-02 13:12:29,431 log 47796 29140 Not Found: /socket.io/
WARNING 2026-06-02 13:12:29,432 basehttp 47796 29140 "GET /socket.io/?EIO=4&transport=websocket HTTP/1.1" 404 2571
WARNING 2026-06-02 13:12:35,926 log 47796 30684 Not Found: /socket.io/
WARNING 2026-06-02 13:12:35,926 basehttp 47796 30684 "GET /socket.io/?EIO=4&transport=websocket HTTP/1.1" 404 2571
WARNING 2026-06-02 13:12:41,690 log 47796 29344 Not Found: /socket.io/
WARNING 2026-06-02 13:12:41,691 basehttp 47796 29344 "GET /socket.io/?EIO=4&transport=websocket HTTP/1.1" 404 2571
WARNING 2026-06-02 13:12:47,602 log 47796 49144 Not Found: /socket.io/
WARNING 2026-06-02 13:12:47,602 basehttp 47796 49144 "GET /socket.io/?EIO=4&transport=websocket HTTP/1.1" 404 2571
WARNING 2026-06-02 13:12:53,313 log 47796 37404 Not Found: /socket.io/
WARNING 2026-06-02 13:12:53,314 basehttp 47796 37404 "GET /socket.io/?EIO=4&transport=websocket HTTP/1.1" 404 2571
WARNING 2026-06-02 13:12:59,312 log 47796 50736 Not Found: /socket.io/
WARNING 2026-06-02 13:12:59,313 basehttp 47796 50736 "GET /socket.io/?EIO=4&transport=websocket HTTP/1.1" 404 2571
WARNING 2026-06-02 13:13:05,310 log 47796 38700 Not Found: /socket.io/
WARNING 2026-06-02 13:13:05,311 basehttp 47796 38700 "GET /socket.io/?EIO=4&transport=websocket HTTP/1.1" 404 2571
WARNING 2026-06-02 13:13:11,316 log 47796 46724 Not Found: /socket.io/
WARNING 2026-06-02 13:13:11,317 basehttp 47796 46724 "GET /socket.io/?EIO=4&transport=websocket HTTP/1.1" 404 2571
WARNING 2026-06-02 13:13:17,351 log 47796 25708 Not Found: /socket.io/
WARNING 2026-06-02 13:13:17,352 basehttp 47796 25708 "GET /socket.io/?EIO=4&transport=websocket HTTP/1.1" 404 2571
WARNING 2026-06-02 13:13:23,329 log 47796 15100 Not Found: /socket.io/
WARNING 2026-06-02 13:13:23,329 basehttp 47796 15100 "GET /socket.io/?EIO=4&transport=websocket HTTP/1.1" 404 2571
WARNING 2026-06-02 13:13:29,325 log 47796 43092 Not Found: /socket.io/
WARNING 2026-06-02 13:13:29,326 basehttp 47796 43092 "GET /socket.io/?EIO=4&transport=websocket HTTP/1.1" 404 2571
WARNING 2026-06-02 13:13:35,319 log 47796 50456 Not Found: /socket.io/
WARNING 2026-06-02 13:13:35,320 basehttp 47796 50456 "GET /socket.io/?EIO=4&transport=websocket HTTP/1.1" 404 2571
WARNING 2026-06-02 13:13:41,337 log 47796 7544 Not Found: /socket.io/
WARNING 2026-06-02 13:13:41,338 basehttp 47796 7544 "GET /socket.io/?EIO=4&transport=websocket HTTP/1.1" 404 2571
WARNING 2026-06-02 13:13:47,345 log 47796 2616 Not Found: /socket.io/
WARNING 2026-06-02 13:13:47,346 basehttp 47796 2616 "GET /socket.io/?EIO=4&transport=websocket HTTP/1.1" 404 2571
WARNING 2026-06-02 13:13:53,361 log 47796 47220 Not Found: /socket.io/
WARNING 2026-06-02 13:13:53,362 basehttp 47796 47220 "GET /socket.io/?EIO=4&transport=websocket HTTP/1.1" 404 2571
WARNING 2026-06-02 13:13:59,347 log 47796 46052 Not Found: /socket.io/
WARNING 2026-06-02 13:13:59,348 basehttp 47796 46052 "GET /socket.io/?EIO=4&transport=websocket HTTP/1.1" 404 2571
WARNING 2026-06-02 13:14:05,582 log 47796 42888 Not Found: /socket.io/
WARNING 2026-06-02 13:14:05,582 basehttp 47796 42888 "GET /socket.io/?EIO=4&transport=websocket HTTP/1.1" 404 2571
WARNING 2026-06-02 13:14:11,739 log 47796 40276 Not Found: /socket.io/
WARNING 2026-06-02 13:14:11,739 basehttp 47796 40276 "GET /socket.io/?EIO=4&transport=websocket HTTP/1.1" 404 2571
WARNING 2026-06-02 13:14:17,748 log 47796 40196 Not Found: /socket.io/
WARNING 2026-06-02 13:14:17,748 basehttp 47796 40196 "GET /socket.io/?EIO=4&transport=websocket HTTP/1.1" 404 2571
WARNING 2026-06-02 13:14:25,726 log 47796 33872 Not Found: /socket.io/
WARNING 2026-06-02 13:14:25,726 basehttp 47796 33872 "GET /socket.io/?EIO=4&transport=websocket HTTP/1.1" 404 2571
WARNING 2026-06-02 13:14:32,630 log 47796 40368 Not Found: /socket.io/
WARNING 2026-06-02 13:14:32,631 basehttp 47796 40368 "GET /socket.io/?EIO=4&transport=websocket HTTP/1.1" 404 2571
WARNING 2026-06-02 13:14:40,914 log 47796 40072 Not Found: /socket.io/
WARNING 2026-06-02 13:14:40,914 basehttp 47796 40072 "GET /socket.io/?EIO=4&transport=websocket HTTP/1.1" 404 2571
WARNING 2026-06-02 13:14:48,018 log 47796 46472 Not Found: /socket.io/
WARNING 2026-06-02 13:14:48,018 basehttp 47796 46472 "GET /socket.io/?EIO=4&transport=websocket HTTP/1.1" 404 2571
WARNING 2026-06-02 13:14:54,311 log 47796 38492 Not Found: /socket.io/
WARNING 2026-06-02 13:14:54,312 basehttp 47796 38492 "GET /socket.io/?EIO=4&transport=websocket HTTP/1.1" 404 2571
WARNING 2026-06-02 13:15:00,301 log 47796 8260 Not Found: /socket.io/
WARNING 2026-06-02 13:15:00,301 basehttp 47796 8260 "GET /socket.io/?EIO=4&transport=websocket HTTP/1.1" 404 2571
WARNING 2026-06-02 13:15:06,302 log 47796 38076 Not Found: /socket.io/
WARNING 2026-06-02 13:15:06,303 basehttp 47796 38076 "GET /socket.io/?EIO=4&transport=websocket HTTP/1.1" 404 2571
WARNING 2026-06-02 13:15:12,311 log 47796 9868 Not Found: /socket.io/
WARNING 2026-06-02 13:15:12,311 basehttp 47796 9868 "GET /socket.io/?EIO=4&transport=websocket HTTP/1.1" 404 2571
WARNING 2026-06-02 13:15:18,302 log 47796 50820 Not Found: /socket.io/
WARNING 2026-06-02 13:15:18,302 basehttp 47796 50820 "GET /socket.io/?EIO=4&transport=websocket HTTP/1.1" 404 2571
WARNING 2026-06-02 13:15:24,327 log 47796 38652 Not Found: /socket.io/
WARNING 2026-06-02 13:15:24,327 basehttp 47796 38652 "GET /socket.io/?EIO=4&transport=websocket HTTP/1.1" 404 2571
WARNING 2026-06-02 13:15:30,326 log 47796 45824 Not Found: /socket.io/
WARNING 2026-06-02 13:15:30,327 basehttp 47796 45824 "GET /socket.io/?EIO=4&transport=websocket HTTP/1.1" 404 2571
WARNING 2026-06-02 13:15:36,324 log 47796 35824 Not Found: /socket.io/
WARNING 2026-06-02 13:15:36,325 basehttp 47796 35824 "GET /socket.io/?EIO=4&transport=websocket HTTP/1.1" 404 2571
WARNING 2026-06-02 13:15:42,334 log 47796 6628 Not Found: /socket.io/
WARNING 2026-06-02 13:15:42,334 basehttp 47796 6628 "GET /socket.io/?EIO=4&transport=websocket HTTP/1.1" 404 2571
WARNING 2026-06-02 13:15:48,344 log 47796 20936 Not Found: /socket.io/
WARNING 2026-06-02 13:15:48,345 basehttp 47796 20936 "GET /socket.io/?EIO=4&transport=websocket HTTP/1.1" 404 2571
WARNING 2026-06-02 13:15:54,364 log 47796 37920 Not Found: /socket.io/
WARNING 2026-06-02 13:15:54,365 basehttp 47796 37920 "GET /socket.io/?EIO=4&transport=websocket HTTP/1.1" 404 2571
WARNING 2026-06-02 13:16:00,374 log 47796 41548 Not Found: /socket.io/
WARNING 2026-06-02 13:16:00,374 basehttp 47796 41548 "GET /socket.io/?EIO=4&transport=websocket HTTP/1.1" 404 2571
WARNING 2026-06-02 13:16:06,601 log 47796 26696 Not Found: /socket.io/
WARNING 2026-06-02 13:16:06,601 basehttp 47796 26696 "GET /socket.io/?EIO=4&transport=websocket HTTP/1.1" 404 2571
WARNING 2026-06-02 13:16:12,487 log 47796 25940 Not Found: /socket.io/
WARNING 2026-06-02 13:16:12,488 basehttp 47796 25940 "GET /socket.io/?EIO=4&transport=websocket HTTP/1.1" 404 2571
WARNING 2026-06-02 13:16:18,596 log 47796 39236 Not Found: /socket.io/
WARNING 2026-06-02 13:16:18,596 basehttp 47796 39236 "GET /socket.io/?EIO=4&transport=websocket HTTP/1.1" 404 2571
WARNING 2026-06-02 13:16:25,796 log 47796 31012 Not Found: /socket.io/
WARNING 2026-06-02 13:16:25,796 basehttp 47796 31012 "GET /socket.io/?EIO=4&transport=websocket HTTP/1.1" 404 2571
WARNING 2026-06-02 13:16:33,781 log 47796 39244 Not Found: /socket.io/
WARNING 2026-06-02 13:16:33,782 basehttp 47796 39244 "GET /socket.io/?EIO=4&transport=websocket HTTP/1.1" 404 2571
WARNING 2026-06-02 13:16:43,006 log 47796 2668 Not Found: /socket.io/
WARNING 2026-06-02 13:16:43,010 basehttp 47796 2668 "GET /socket.io/?EIO=4&transport=websocket HTTP/1.1" 404 2571
INFO 2026-06-02 13:16:43,014 basehttp 47796 2668 - Broken pipe from ('127.0.0.1', 61413)
WARNING 2026-06-02 13:16:52,796 log 47796 6752 Not Found: /socket.io/
WARNING 2026-06-02 13:16:52,797 basehttp 47796 6752 "GET /socket.io/?EIO=4&transport=websocket HTTP/1.1" 404 2571
WARNING 2026-06-02 13:16:58,305 log 47796 36868 Not Found: /socket.io/
WARNING 2026-06-02 13:16:58,305 basehttp 47796 36868 "GET /socket.io/?EIO=4&transport=websocket HTTP/1.1" 404 2571
WARNING 2026-06-02 13:17:04,315 log 47796 34108 Not Found: /socket.io/
WARNING 2026-06-02 13:17:04,315 basehttp 47796 34108 "GET /socket.io/?EIO=4&transport=websocket HTTP/1.1" 404 2571
WARNING 2026-06-02 13:17:10,306 log 47796 34712 Not Found: /socket.io/
WARNING 2026-06-02 13:17:10,307 basehttp 47796 34712 "GET /socket.io/?EIO=4&transport=websocket HTTP/1.1" 404 2571
WARNING 2026-06-02 13:17:15,394 log 47796 51044 Unauthorized: /api/accounts/dashboard/lecturer/
WARNING 2026-06-02 13:17:15,403 basehttp 47796 51044 "GET /api/accounts/dashboard/lecturer/ HTTP/1.1" 401 172
WARNING 2026-06-02 13:17:15,815 log 47796 10644 Not Found: /socket.io/
WARNING 2026-06-02 13:17:15,816 basehttp 47796 10644 "GET /socket.io/?EIO=4&transport=polling&t=hh1zi7rt HTTP/1.1" 404 2584
INFO 2026-06-02 13:18:25,712 basehttp 47796 32040 "POST /api/login/ HTTP/1.1" 200 491
WARNING 2026-06-02 13:18:26,142 log 47796 10644 Not Found: /socket.io/
WARNING 2026-06-02 13:18:26,143 basehttp 47796 10644 "GET /socket.io/?EIO=4&transport=polling&t=hiklluyj HTTP/1.1" 404 2584
INFO 2026-06-02 13:18:26,146 views 47796 38032 Dashboard request for user 13: lecturer@zetech.ac.ke, type: lecturer
WARNING 2026-06-02 13:18:26,169 log 47796 10644 Not Found: /socket.io/
WARNING 2026-06-02 13:18:26,171 basehttp 47796 10644 "GET /socket.io/?EIO=4&transport=polling&t=hiklq85j HTTP/1.1" 404 2584
INFO 2026-06-02 13:18:26,188 views 47796 38032 Dashboard data returned for user 13
INFO 2026-06-02 13:18:26,190 basehttp 47796 38032 "GET /api/accounts/dashboard/lecturer/ HTTP/1.1" 200 222
INFO 2026-06-02 13:18:26,204 views 47796 41936 Dashboard request for user 13: lecturer@zetech.ac.ke, type: lecturer
INFO 2026-06-02 13:18:26,220 views 47796 41936 Dashboard data returned for user 13
INFO 2026-06-02 13:18:26,221 basehttp 47796 41936 "GET /api/accounts/dashboard/lecturer/ HTTP/1.1" 200 222
WARNING 2026-06-02 13:18:27,695 log 47796 10644 Not Found: /socket.io/
WARNING 2026-06-02 13:18:27,697 basehttp 47796 10644 "GET /socket.io/?EIO=4&transport=polling&t=hilsuxeg HTTP/1.1" 404 2584
WARNING 2026-06-02 13:18:28,912 log 47796 10644 Not Found: /socket.io/
WARNING 2026-06-02 13:18:28,912 basehttp 47796 10644 "GET /socket.io/?EIO=4&transport=polling&t=himqwvt4 HTTP/1.1" 404 2584
WARNING 2026-06-02 13:18:32,094 log 47796 10644 Not Found: /socket.io/
WARNING 2026-06-02 13:18:32,111 basehttp 47796 10644 "GET /socket.io/?EIO=4&transport=polling&t=hip733fz HTTP/1.1" 404 2584
WARNING 2026-06-02 13:18:37,157 log 47796 10644 Not Found: /socket.io/
WARNING 2026-06-02 13:18:37,167 basehttp 47796 10644 "GET /socket.io/?EIO=4&transport=polling&t=hit37wli HTTP/1.1" 404 2584
WARNING 2026-06-02 13:18:42,205 log 47796 10644 Not Found: /socket.io/
WARNING 2026-06-02 13:18:42,211 basehttp 47796 10644 "GET /socket.io/?EIO=4&transport=polling&t=hiwzwdu1 HTTP/1.1" 404 2584
INFO 2026-06-02 13:22:58,823 views 47796 8124 Dashboard request for user 13: lecturer@zetech.ac.ke, type: lecturer
INFO 2026-06-02 13:22:58,835 views 47796 8124 Dashboard data returned for user 13
INFO 2026-06-02 13:22:58,839 basehttp 47796 8124 "GET /api/accounts/dashboard/lecturer/ HTTP/1.1" 200 222
INFO 2026-06-02 13:23:00,671 views 47796 26008 Dashboard request for user 13: lecturer@zetech.ac.ke, type: lecturer
INFO 2026-06-02 13:23:00,676 views 47796 26008 Dashboard data returned for user 13
INFO 2026-06-02 13:23:00,677 basehttp 47796 26008 "GET /api/accounts/dashboard/lecturer/ HTTP/1.1" 200 222
INFO 2026-06-02 13:23:02,830 views 47796 7272 Dashboard request for user 13: lecturer@zetech.ac.ke, type: lecturer
INFO 2026-06-02 13:23:02,847 views 47796 7272 Dashboard data returned for user 13
INFO 2026-06-02 13:23:02,848 basehttp 47796 7272 "GET /api/accounts/dashboard/lecturer/ HTTP/1.1" 200 222
INFO 2026-06-02 13:23:04,600 views 47796 14076 Dashboard request for user 13: lecturer@zetech.ac.ke, type: lecturer
INFO 2026-06-02 13:23:04,622 basehttp 47796 41660 "GET /api/accounts/students/ HTTP/1.1" 200 464
INFO 2026-06-02 13:23:04,627 views 47796 14076 Dashboard data returned for user 13
INFO 2026-06-02 13:23:04,629 basehttp 47796 14076 "GET /api/accounts/dashboard/lecturer/ HTTP/1.1" 200 222
ERROR 2026-06-02 13:23:04,645 views 47796 49932 Error in get_unread_message_counts: no such column: accounts_notification.related_chat_room_id
ERROR 2026-06-02 13:23:04,648 log 47796 49932 Internal Server Error: /api/accounts/chat/unread-counts/
ERROR 2026-06-02 13:23:04,652 basehttp 47796 49932 "GET /api/accounts/chat/unread-counts/ HTTP/1.1" 500 33
INFO 2026-06-02 13:23:04,654 basehttp 47796 50348 "GET /api/accounts/chat/rooms/ HTTP/1.1" 200 713
WARNING 2026-06-02 13:23:14,956 log 47796 10644 Not Found: /socket.io/
WARNING 2026-06-02 13:23:14,957 basehttp 47796 10644 "GET /socket.io/?EIO=4&transport=polling&t=horga8p0 HTTP/1.1" 404 2584
INFO 2026-06-02 13:23:14,964 basehttp 47796 30476 "GET /api/accounts/chat/messages/5/ HTTP/1.1" 200 2
WARNING 2026-06-02 13:23:16,156 log 47796 10644 Not Found: /socket.io/
WARNING 2026-06-02 13:23:16,156 basehttp 47796 10644 "GET /socket.io/?EIO=4&transport=polling&t=hosdut0j HTTP/1.1" 404 2584
WARNING 2026-06-02 13:23:18,136 log 47796 10644 Not Found: /socket.io/
WARNING 2026-06-02 13:23:18,137 basehttp 47796 10644 "GET /socket.io/?EIO=4&transport=polling&t=hotwxkjh HTTP/1.1" 404 2584
WARNING 2026-06-02 13:23:23,157 log 47796 10644 Not Found: /socket.io/
WARNING 2026-06-02 13:23:23,157 basehttp 47796 10644 "GET /socket.io/?EIO=4&transport=polling&t=hoxsc62i HTTP/1.1" 404 2584
WARNING 2026-06-02 13:23:28,166 log 47796 10644 Not Found: /socket.io/
WARNING 2026-06-02 13:23:28,167 basehttp 47796 10644 "GET /socket.io/?EIO=4&transport=polling&t=hp1nkz5k HTTP/1.1" 404 2584
WARNING 2026-06-02 13:23:33,183 log 47796 10644 Not Found: /socket.io/
WARNING 2026-06-02 13:23:33,183 basehttp 47796 10644 "GET /socket.io/?EIO=4&transport=polling&t=hp5iw0t2 HTTP/1.1" 404 2584
WARNING 2026-06-02 13:37:06,345 log 47796 35756 Unauthorized: /api/accounts/dashboard/lecturer/
WARNING 2026-06-02 13:37:06,352 basehttp 47796 35756 "GET /api/accounts/dashboard/lecturer/ HTTP/1.1" 401 172
WARNING 2026-06-02 13:37:06,369 log 47796 20408 Unauthorized: /api/accounts/dashboard/lecturer/
WARNING 2026-06-02 13:37:06,372 basehttp 47796 20408 "GET /api/accounts/dashboard/lecturer/ HTTP/1.1" 401 172
INFO 2026-06-02 14:40:24,231 basehttp 47796 37296 "POST /api/login/ HTTP/1.1" 200 491
INFO 2026-06-02 14:40:24,574 views 47796 37164 Dashboard request for user 13: lecturer@zetech.ac.ke, type: lecturer
INFO 2026-06-02 14:40:24,593 views 47796 37164 Dashboard data returned for user 13
INFO 2026-06-02 14:40:24,595 basehttp 47796 37164 "GET /api/accounts/dashboard/lecturer/ HTTP/1.1" 200 222
INFO 2026-06-02 14:40:24,607 views 47796 37456 Dashboard request for user 13: lecturer@zetech.ac.ke, type: lecturer
INFO 2026-06-02 14:40:24,622 views 47796 37456 Dashboard data returned for user 13
INFO 2026-06-02 14:40:24,623 basehttp 47796 37456 "GET /api/accounts/dashboard/lecturer/ HTTP/1.1" 200 222
WARNING 2026-06-02 14:40:25,109 log 47796 38540 Not Found: /socket.io/
WARNING 2026-06-02 14:40:25,114 log 47796 25180 Not Found: /socket.io/
WARNING 2026-06-02 14:40:25,114 basehttp 47796 38540 "GET /socket.io/?EIO=4&transport=polling&t=kfzov2tl HTTP/1.1" 404 2584
WARNING 2026-06-02 14:40:25,115 basehttp 47796 25180 "GET /socket.io/?EIO=4&transport=polling&t=kfzoyjd7 HTTP/1.1" 404 2584
WARNING 2026-06-02 14:40:25,824 log 47796 25180 Not Found: /socket.io/
WARNING 2026-06-02 14:40:25,825 basehttp 47796 25180 "GET /socket.io/?EIO=4&transport=polling&t=kg0nprbg HTTP/1.1" 404 2584
WARNING 2026-06-02 14:40:27,962 log 47796 25180 Not Found: /socket.io/
WARNING 2026-06-02 14:40:27,962 basehttp 47796 25180 "GET /socket.io/?EIO=4&transport=polling&t=kg2b5kov HTTP/1.1" 404 2584
WARNING 2026-06-02 14:40:30,216 log 47796 25180 Not Found: /socket.io/
WARNING 2026-06-02 14:40:30,216 basehttp 47796 25180 "GET /socket.io/?EIO=4&transport=polling&t=kg41uvau HTTP/1.1" 404 2584
WARNING 2026-06-02 14:40:35,234 log 47796 25180 Not Found: /socket.io/
WARNING 2026-06-02 14:40:35,235 basehttp 47796 25180 "GET /socket.io/?EIO=4&transport=polling&t=kg7x4uqj HTTP/1.1" 404 2584
WARNING 2026-06-02 14:40:40,259 log 47796 25180 Not Found: /socket.io/
WARNING 2026-06-02 14:40:40,260 basehttp 47796 25180 "GET /socket.io/?EIO=4&transport=polling&t=kgbsnntc HTTP/1.1" 404 2584
WARNING 2026-06-02 14:45:19,276 log 47796 20356 Not Found: /socket.io/
WARNING 2026-06-02 14:45:19,303 basehttp 47796 20356 "GET /socket.io/?EIO=4&transport=polling&t=kmaq9qru HTTP/1.1" 404 2584
WARNING 2026-06-02 14:45:19,307 log 47796 18920 Not Found: /socket.io/
INFO 2026-06-02 14:45:19,322 views 47796 47744 Dashboard request for user 13: lecturer@zetech.ac.ke, type: lecturer
WARNING 2026-06-02 14:45:19,327 basehttp 47796 18920 "GET /socket.io/?EIO=4&transport=polling&t=kmaqcpyk HTTP/1.1" 404 2584
INFO 2026-06-02 14:45:19,402 views 47796 47744 Dashboard data returned for user 13
INFO 2026-06-02 14:45:19,427 basehttp 47796 47744 "GET /api/accounts/dashboard/lecturer/ HTTP/1.1" 200 222
INFO 2026-06-02 14:45:19,445 views 47796 50352 Dashboard request for user 13: lecturer@zetech.ac.ke, type: lecturer
INFO 2026-06-02 14:45:19,460 views 47796 50352 Dashboard data returned for user 13
INFO 2026-06-02 14:45:19,461 basehttp 47796 50352 "GET /api/accounts/dashboard/lecturer/ HTTP/1.1" 200 222
WARNING 2026-06-02 14:45:20,130 log 47796 18920 Not Found: /socket.io/
WARNING 2026-06-02 14:45:20,131 basehttp 47796 18920 "GET /socket.io/?EIO=4&transport=polling&t=kmbqwc9m HTTP/1.1" 404 2584
WARNING 2026-06-02 14:45:23,114 log 47796 18920 Not Found: /socket.io/
WARNING 2026-06-02 14:45:23,114 basehttp 47796 18920 "GET /socket.io/?EIO=4&transport=polling&t=kme1qks2 HTTP/1.1" 404 2584
WARNING 2026-06-02 14:45:28,150 log 47796 18920 Not Found: /socket.io/
WARNING 2026-06-02 14:45:28,151 basehttp 47796 18920 "GET /socket.io/?EIO=4&transport=polling&t=kmhxgqjp HTTP/1.1" 404 2584
WARNING 2026-06-02 14:45:33,172 log 47796 18920 Not Found: /socket.io/
WARNING 2026-06-02 14:45:33,173 basehttp 47796 18920 "GET /socket.io/?EIO=4&transport=polling&t=kmlt4u4d HTTP/1.1" 404 2584
INFO 2026-06-02 14:59:30,712 basehttp 47796 22004 "POST /api/login/ HTTP/1.1" 200 491
INFO 2026-06-02 14:59:31,697 views 47796 20172 Dashboard request for user 13: lecturer@zetech.ac.ke, type: lecturer
INFO 2026-06-02 14:59:31,727 views 47796 20172 Dashboard data returned for user 13
INFO 2026-06-02 14:59:31,729 basehttp 47796 20172 "GET /api/accounts/dashboard/lecturer/ HTTP/1.1" 200 222
INFO 2026-06-02 14:59:31,740 views 47796 25524 Dashboard request for user 13: lecturer@zetech.ac.ke, type: lecturer
INFO 2026-06-02 14:59:31,751 views 47796 25524 Dashboard data returned for user 13
INFO 2026-06-02 14:59:31,753 basehttp 47796 25524 "GET /api/accounts/dashboard/lecturer/ HTTP/1.1" 200 222
WARNING 2026-06-02 14:59:32,027 log 47796 36672 Not Found: /socket.io/
WARNING 2026-06-02 14:59:32,032 log 47796 49464 Not Found: /socket.io/
WARNING 2026-06-02 14:59:32,033 basehttp 47796 36672 "GET /socket.io/?EIO=4&transport=polling&t=l4kte4cm HTTP/1.1" 404 2584
WARNING 2026-06-02 14:59:32,034 basehttp 47796 49464 "GET /socket.io/?EIO=4&transport=polling&t=l4ktjd3a HTTP/1.1" 404 2584
WARNING 2026-06-02 14:59:33,271 log 47796 49464 Not Found: /socket.io/
WARNING 2026-06-02 14:59:33,272 basehttp 47796 49464 "GET /socket.io/?EIO=4&transport=polling&t=l4m170dm HTTP/1.1" 404 2584
WARNING 2026-06-02 14:59:35,841 log 47796 49464 Not Found: /socket.io/
WARNING 2026-06-02 14:59:35,842 basehttp 47796 49464 "GET /socket.io/?EIO=4&transport=polling&t=l4o0lpze HTTP/1.1" 404 2584
WARNING 2026-06-02 14:59:40,627 log 47796 49464 Not Found: /socket.io/
WARNING 2026-06-02 14:59:40,628 basehttp 47796 49464 "GET /socket.io/?EIO=4&transport=polling&t=l4rp71if HTTP/1.1" 404 2584
WARNING 2026-06-02 14:59:45,662 log 47796 49464 Not Found: /socket.io/
WARNING 2026-06-02 14:59:45,668 basehttp 47796 49464 "GET /socket.io/?EIO=4&transport=polling&t=l4vlb53l HTTP/1.1" 404 2584
WARNING 2026-06-02 14:59:50,695 log 47796 49464 Not Found: /socket.io/
WARNING 2026-06-02 14:59:50,695 basehttp 47796 49464 "GET /socket.io/?EIO=4&transport=polling&t=l4zh6coa HTTP/1.1" 404 2584
INFO 2026-06-02 15:02:49,723 basehttp 47796 6516 "POST /api/login/ HTTP/1.1" 200 491
WARNING 2026-06-02 15:02:50,125 log 47796 36672 Not Found: /socket.io/
WARNING 2026-06-02 15:02:50,131 log 47796 49464 Not Found: /socket.io/
WARNING 2026-06-02 15:02:50,132 basehttp 47796 36672 "GET /socket.io/?EIO=4&transport=polling&t=l8twwhs0 HTTP/1.1" 404 2584
INFO 2026-06-02 15:02:50,133 views 47796 37960 Dashboard request for user 13: lecturer@zetech.ac.ke, type: lecturer
WARNING 2026-06-02 15:02:50,133 basehttp 47796 49464 "GET /socket.io/?EIO=4&transport=polling&t=l8twuvac HTTP/1.1" 404 2584
INFO 2026-06-02 15:02:50,146 views 47796 37960 Dashboard data returned for user 13
INFO 2026-06-02 15:02:50,147 basehttp 47796 37960 "GET /api/accounts/dashboard/lecturer/ HTTP/1.1" 200 222
INFO 2026-06-02 15:02:50,156 views 47796 32820 Dashboard request for user 13: lecturer@zetech.ac.ke, type: lecturer
INFO 2026-06-02 15:02:50,164 views 47796 32820 Dashboard data returned for user 13
INFO 2026-06-02 15:02:50,165 basehttp 47796 32820 "GET /api/accounts/dashboard/lecturer/ HTTP/1.1" 200 222
WARNING 2026-06-02 15:02:51,123 log 47796 49464 Not Found: /socket.io/
WARNING 2026-06-02 15:02:51,125 basehttp 47796 49464 "GET /socket.io/?EIO=4&transport=polling&t=l8up2ya7 HTTP/1.1" 404 2584
WARNING 2026-06-02 15:02:53,662 log 47796 49464 Not Found: /socket.io/
WARNING 2026-06-02 15:02:53,664 basehttp 47796 49464 "GET /socket.io/?EIO=4&transport=polling&t=l8wnjhwk HTTP/1.1" 404 2584
WARNING 2026-06-02 15:02:58,686 log 47796 49464 Not Found: /socket.io/
WARNING 2026-06-02 15:02:58,687 basehttp 47796 49464 "GET /socket.io/?EIO=4&transport=polling&t=l90j5v6l HTTP/1.1" 404 2584
WARNING 2026-06-02 15:03:03,723 log 47796 49464 Not Found: /socket.io/
WARNING 2026-06-02 15:03:03,724 basehttp 47796 49464 "GET /socket.io/?EIO=4&transport=polling&t=l94extak HTTP/1.1" 404 2584
INFO 2026-06-02 15:04:52,396 basehttp 47796 47792 "POST /api/login/ HTTP/1.1" 200 491
WARNING 2026-06-02 15:04:52,711 log 47796 49464 Not Found: /socket.io/
WARNING 2026-06-02 15:04:52,725 log 47796 36672 Not Found: /socket.io/
INFO 2026-06-02 15:04:52,727 views 47796 51164 Dashboard request for user 13: lecturer@zetech.ac.ke, type: lecturer
WARNING 2026-06-02 15:04:52,729 basehttp 47796 49464 "GET /socket.io/?EIO=4&transport=polling&t=lbgh0mn5 HTTP/1.1" 404 2584
WARNING 2026-06-02 15:04:52,729 basehttp 47796 36672 "GET /socket.io/?EIO=4&transport=polling&t=lbgh17l1 HTTP/1.1" 404 2584
INFO 2026-06-02 15:04:52,742 views 47796 51164 Dashboard data returned for user 13
INFO 2026-06-02 15:04:52,743 basehttp 47796 51164 "GET /api/accounts/dashboard/lecturer/ HTTP/1.1" 200 222
INFO 2026-06-02 15:04:52,761 views 47796 42552 Dashboard request for user 13: lecturer@zetech.ac.ke, type: lecturer
INFO 2026-06-02 15:04:52,775 views 47796 42552 Dashboard data returned for user 13
INFO 2026-06-02 15:04:52,776 basehttp 47796 42552 "GET /api/accounts/dashboard/lecturer/ HTTP/1.1" 200 222
WARNING 2026-06-02 15:04:54,131 log 47796 36672 Not Found: /socket.io/
WARNING 2026-06-02 15:04:54,132 basehttp 47796 36672 "GET /socket.io/?EIO=4&transport=polling&t=lbhm2c3w HTTP/1.1" 404 2584
WARNING 2026-06-02 15:36:15,153 log 47796 18124 Not Found: /api/accounts/google/login/
WARNING 2026-06-02 15:36:15,165 basehttp 47796 18124 "POST /api/accounts/google/login/ HTTP/1.1" 404 9474
INFO 2026-06-02 15:42:50,864 autoreload 47796 25996 C:\Users\Administrator\Desktop\GroupHub\backend\accounts\urls.py changed, reloading.
INFO 2026-06-02 15:43:01,487 autoreload 41548 24752 Watching for file changes with StatReloader
INFO 2026-06-02 15:43:42,618 autoreload 41548 24752 C:\Users\Administrator\Desktop\GroupHub\backend\accounts\views.py changed, reloading.
INFO 2026-06-02 15:43:47,774 autoreload 16940 38792 Watching for file changes with StatReloader
INFO 2026-06-02 15:43:50,144 autoreload 16940 38792 C:\Users\Administrator\Desktop\GroupHub\backend\accounts\views.py changed, reloading.
INFO 2026-06-02 15:43:53,710 autoreload 41096 45472 Watching for file changes with StatReloader
INFO 2026-06-02 15:44:31,145 autoreload 41096 45472 C:\Users\Administrator\Desktop\GroupHub\backend\accounts\views.py changed, reloading.
INFO 2026-06-02 15:44:38,631 autoreload 49900 44040 Watching for file changes with StatReloader
INFO 2026-06-02 15:45:08,763 autoreload 49900 44040 C:\Users\Administrator\Desktop\GroupHub\backend\accounts\views.py changed, reloading.
INFO 2026-06-02 15:45:12,325 autoreload 47744 46792 Watching for file changes with StatReloader
WARNING 2026-06-02 15:49:42,345 views 47744 36048 Google token verification failed, using unverified decode fallback: No module named 'google'
WARNING 2026-06-02 15:49:44,064 log 47744 36048 Unauthorized: /api/accounts/google/login/
WARNING 2026-06-02 15:49:44,066 basehttp 47744 36048 "POST /api/accounts/google/login/ HTTP/1.1" 401 32
INFO 2026-06-02 15:53:01,585 basehttp 47744 47584 "POST /api/login/ HTTP/1.1" 200 491
INFO 2026-06-02 15:53:02,883 views 47744 51052 Dashboard request for user 13: lecturer@zetech.ac.ke, type: lecturer
INFO 2026-06-02 15:53:02,936 views 47744 51052 Dashboard data returned for user 13
INFO 2026-06-02 15:53:02,945 basehttp 47744 51052 "GET /api/accounts/dashboard/lecturer/ HTTP/1.1" 200 222
INFO 2026-06-02 15:53:02,961 views 47744 51136 Dashboard request for user 13: lecturer@zetech.ac.ke, type: lecturer
INFO 2026-06-02 15:53:03,028 views 47744 51136 Dashboard data returned for user 13
INFO 2026-06-02 15:53:03,030 basehttp 47744 51136 "GET /api/accounts/dashboard/lecturer/ HTTP/1.1" 200 222
WARNING 2026-06-02 15:53:03,312 log 47744 38000 Not Found: /socket.io/
WARNING 2026-06-02 15:53:03,314 basehttp 47744 38000 "GET /socket.io/?EIO=4&transport=polling&t=n1ejzdes HTTP/1.1" 404 2584
WARNING 2026-06-02 15:53:03,372 log 47744 37956 Not Found: /socket.io/
WARNING 2026-06-02 15:53:03,374 basehttp 47744 37956 "GET /socket.io/?EIO=4&transport=polling&t=n1ek7gad HTTP/1.1" 404 2584
WARNING 2026-06-02 15:53:04,791 log 47744 37956 Not Found: /socket.io/
WARNING 2026-06-02 15:53:04,792 basehttp 47744 37956 "GET /socket.io/?EIO=4&transport=polling&t=n1g1zlpb HTTP/1.1" 404 2584
WARNING 2026-06-02 15:53:07,407 log 47744 37956 Not Found: /socket.io/
WARNING 2026-06-02 15:53:07,407 basehttp 47744 37956 "GET /socket.io/?EIO=4&transport=polling&t=n1i2s89v HTTP/1.1" 404 2584
WARNING 2026-06-02 15:53:09,667 log 47744 37956 Not Found: /socket.io/
WARNING 2026-06-02 15:53:09,668 basehttp 47744 37956 "GET /socket.io/?EIO=4&transport=polling&t=n1jtl7yk HTTP/1.1" 404 2584
INFO 2026-06-02 16:20:35,201 basehttp 47744 25184 "POST /api/login/ HTTP/1.1" 200 491
INFO 2026-06-02 16:20:35,960 views 47744 824 Dashboard request for user 13: lecturer@zetech.ac.ke, type: lecturer
INFO 2026-06-02 16:20:36,002 views 47744 824 Dashboard data returned for user 13
INFO 2026-06-02 16:20:36,005 basehttp 47744 824 "GET /api/accounts/dashboard/lecturer/ HTTP/1.1" 200 222
INFO 2026-06-02 16:20:36,018 views 47744 48656 Dashboard request for user 13: lecturer@zetech.ac.ke, type: lecturer
INFO 2026-06-02 16:20:36,034 views 47744 48656 Dashboard data returned for user 13
INFO 2026-06-02 16:20:36,036 basehttp 47744 48656 "GET /api/accounts/dashboard/lecturer/ HTTP/1.1" 200 222
WARNING 2026-06-02 16:20:36,326 log 47744 42640 Not Found: /socket.io/
WARNING 2026-06-02 16:20:36,330 basehttp 47744 42640 "GET /socket.io/?EIO=4&transport=polling&t=o0u3w5dj HTTP/1.1" 404 2584
WARNING 2026-06-02 16:20:36,754 log 47744 50304 Not Found: /socket.io/
WARNING 2026-06-02 16:20:36,755 basehttp 47744 50304 "GET /socket.io/?EIO=4&transport=polling&t=o0u3pu9r HTTP/1.1" 404 2584
WARNING 2026-06-02 16:20:36,932 log 47744 50304 Not Found: /socket.io/
WARNING 2026-06-02 16:20:36,933 basehttp 47744 50304 "GET /socket.io/?EIO=4&transport=polling&t=o0uuwbc7 HTTP/1.1" 404 2584
WARNING 2026-06-02 16:20:38,525 log 47744 50304 Not Found: /socket.io/
WARNING 2026-06-02 16:20:38,526 basehttp 47744 50304 "GET /socket.io/?EIO=4&transport=polling&t=o0w30t8n HTTP/1.1" 404 2584
WARNING 2026-06-02 16:20:42,856 log 47744 50304 Not Found: /socket.io/
WARNING 2026-06-02 16:20:42,857 basehttp 47744 50304 "GET /socket.io/?EIO=4&transport=polling&t=o0zf82nv HTTP/1.1" 404 2584
WARNING 2026-06-02 16:20:47,881 log 47744 50304 Not Found: /socket.io/
WARNING 2026-06-02 16:20:47,882 basehttp 47744 50304 "GET /socket.io/?EIO=4&transport=polling&t=o13awef9 HTTP/1.1" 404 2584
WARNING 2026-06-02 16:20:52,903 log 47744 50304 Not Found: /socket.io/
WARNING 2026-06-02 16:20:52,904 basehttp 47744 50304 "GET /socket.io/?EIO=4&transport=polling&t=o176ep2d HTTP/1.1" 404 2584
WARNING 2026-06-02 16:27:45,899 log 47744 26900 Unauthorized: /api/accounts/dashboard/lecturer/
WARNING 2026-06-02 16:27:45,932 basehttp 47744 26900 "GET /api/accounts/dashboard/lecturer/ HTTP/1.1" 401 172
WARNING 2026-06-02 16:27:46,023 log 47744 32420 Not Found: /socket.io/
WARNING 2026-06-02 16:27:46,027 basehttp 47744 32420 "GET /socket.io/?EIO=4&transport=polling&t=oa1kzitw HTTP/1.1" 404 2584
WARNING 2026-06-02 16:27:47,021 log 47744 32420 Not Found: /socket.io/
WARNING 2026-06-02 16:27:47,022 basehttp 47744 32420 "GET /socket.io/?EIO=4&transport=polling&t=oa2phwbw HTTP/1.1" 404 2584
INFO 2026-06-02 16:31:49,244 basehttp 47744 3888 "POST /api/login/ HTTP/1.1" 200 491
WARNING 2026-06-02 16:31:49,914 log 47744 32420 Not Found: /socket.io/
INFO 2026-06-02 16:31:49,916 views 47744 38000 Dashboard request for user 13: lecturer@zetech.ac.ke, type: lecturer
WARNING 2026-06-02 16:31:49,917 basehttp 47744 32420 "GET /socket.io/?EIO=4&transport=polling&t=ofa4e5nh HTTP/1.1" 404 2584
WARNING 2026-06-02 16:31:49,932 log 47744 32420 Not Found: /socket.io/
WARNING 2026-06-02 16:31:49,934 basehttp 47744 32420 "GET /socket.io/?EIO=4&transport=polling&t=ofa4k87b HTTP/1.1" 404 2584
INFO 2026-06-02 16:31:49,943 views 47744 38000 Dashboard data returned for user 13
INFO 2026-06-02 16:31:49,944 basehttp 47744 38000 "GET /api/accounts/dashboard/lecturer/ HTTP/1.1" 200 222
INFO 2026-06-02 16:31:49,954 views 47744 18440 Dashboard request for user 13: lecturer@zetech.ac.ke, type: lecturer
INFO 2026-06-02 16:31:49,965 views 47744 18440 Dashboard data returned for user 13
INFO 2026-06-02 16:31:49,967 basehttp 47744 18440 "GET /api/accounts/dashboard/lecturer/ HTTP/1.1" 200 222
WARNING 2026-06-02 16:31:50,846 log 47744 32420 Not Found: /socket.io/
WARNING 2026-06-02 16:31:50,846 basehttp 47744 32420 "GET /socket.io/?EIO=4&transport=polling&t=ofauvtus HTTP/1.1" 404 2584
WARNING 2026-06-02 16:31:52,401 log 47744 32420 Not Found: /socket.io/
WARNING 2026-06-02 16:31:52,402 basehttp 47744 32420 "GET /socket.io/?EIO=4&transport=polling&t=ofc237hu HTTP/1.1" 404 2584
WARNING 2026-06-02 16:31:55,205 log 47744 32420 Not Found: /socket.io/
WARNING 2026-06-02 16:31:55,205 basehttp 47744 32420 "GET /socket.io/?EIO=4&transport=polling&t=ofe7xjhv HTTP/1.1" 404 2584
WARNING 2026-06-02 16:32:00,224 log 47744 32420 Not Found: /socket.io/
WARNING 2026-06-02 16:32:00,224 basehttp 47744 32420 "GET /socket.io/?EIO=4&transport=polling&t=ofi3av9h HTTP/1.1" 404 2584
WARNING 2026-06-02 16:32:05,235 log 47744 32420 Not Found: /socket.io/
WARNING 2026-06-02 16:32:05,236 basehttp 47744 32420 "GET /socket.io/?EIO=4&transport=polling&t=oflyj8cf HTTP/1.1" 404 2584
INFO 2026-06-02 16:32:06,137 views 47744 50956 Dashboard request for user 13: lecturer@zetech.ac.ke, type: lecturer
INFO 2026-06-02 16:32:06,145 views 47744 50956 Dashboard data returned for user 13
INFO 2026-06-02 16:32:06,146 basehttp 47744 50956 "GET /api/accounts/dashboard/lecturer/ HTTP/1.1" 200 222
INFO 2026-06-02 16:32:08,072 views 47744 44904 Dashboard request for user 13: lecturer@zetech.ac.ke, type: lecturer
INFO 2026-06-02 16:32:08,079 views 47744 44904 Dashboard data returned for user 13
INFO 2026-06-02 16:32:08,080 basehttp 47744 44904 "GET /api/accounts/dashboard/lecturer/ HTTP/1.1" 200 222
INFO 2026-06-02 16:32:10,026 views 47744 36648 Dashboard request for user 13: lecturer@zetech.ac.ke, type: lecturer
INFO 2026-06-02 16:32:10,033 views 47744 36648 Dashboard data returned for user 13
INFO 2026-06-02 16:32:10,034 basehttp 47744 36648 "GET /api/accounts/dashboard/lecturer/ HTTP/1.1" 200 222
INFO 2026-06-02 16:32:11,806 views 47744 42452 Dashboard request for user 13: lecturer@zetech.ac.ke, type: lecturer
INFO 2026-06-02 16:32:11,829 views 47744 42452 Dashboard data returned for user 13
INFO 2026-06-02 16:32:11,830 basehttp 47744 42452 "GET /api/accounts/dashboard/lecturer/ HTTP/1.1" 200 222
INFO 2026-06-02 16:32:11,842 basehttp 47744 9560 "GET /api/accounts/students/ HTTP/1.1" 200 464
ERROR 2026-06-02 16:32:11,862 views 47744 45732 Error in get_unread_message_counts: no such column: accounts_notification.related_chat_room_id
ERROR 2026-06-02 16:32:11,865 log 47744 45732 Internal Server Error: /api/accounts/chat/unread-counts/
ERROR 2026-06-02 16:32:11,868 basehttp 47744 45732 "GET /api/accounts/chat/unread-counts/ HTTP/1.1" 500 33
INFO 2026-06-02 16:32:11,871 basehttp 47744 30340 "GET /api/accounts/chat/rooms/ HTTP/1.1" 200 713
INFO 2026-06-02 16:32:15,443 views 47744 38892 Dashboard request for user 13: lecturer@zetech.ac.ke, type: lecturer
INFO 2026-06-02 16:32:15,449 views 47744 38892 Dashboard data returned for user 13
INFO 2026-06-02 16:32:15,449 basehttp 47744 38892 "GET /api/accounts/dashboard/lecturer/ HTTP/1.1" 200 222
INFO 2026-06-02 16:32:18,185 views 47744 40976 Dashboard request for user 13: lecturer@zetech.ac.ke, type: lecturer
INFO 2026-06-02 16:32:18,191 views 47744 40976 Dashboard data returned for user 13
INFO 2026-06-02 16:32:18,192 basehttp 47744 40976 "GET /api/accounts/dashboard/lecturer/ HTTP/1.1" 200 222
INFO 2026-06-02 16:32:22,534 views 47744 37384 Dashboard request for user 13: lecturer@zetech.ac.ke, type: lecturer
INFO 2026-06-02 16:32:22,541 views 47744 37384 Dashboard data returned for user 13
INFO 2026-06-02 16:32:22,542 basehttp 47744 37384 "GET /api/accounts/dashboard/lecturer/ HTTP/1.1" 200 222
WARNING 2026-06-02 16:40:58,590 log 47744 19136 Unauthorized: /api/accounts/dashboard/lecturer/
WARNING 2026-06-02 16:40:58,623 basehttp 47744 19136 "GET /api/accounts/dashboard/lecturer/ HTTP/1.1" 401 172
WARNING 2026-06-02 16:40:58,728 log 47744 24960 Not Found: /socket.io/
WARNING 2026-06-02 16:40:58,729 basehttp 47744 24960 "GET /socket.io/?EIO=4&transport=polling&t=or18pz97 HTTP/1.1" 404 2584
INFO 2026-06-02 16:45:16,034 basehttp 47744 46060 "POST /api/login/ HTTP/1.1" 200 491
WARNING 2026-06-02 16:45:16,575 log 47744 24960 Not Found: /socket.io/
WARNING 2026-06-02 16:45:16,576 basehttp 47744 24960 "GET /socket.io/?EIO=4&transport=polling&t=owkjuyql HTTP/1.1" 404 2584
INFO 2026-06-02 16:45:16,577 views 47744 27268 Dashboard request for user 13: lecturer@zetech.ac.ke, type: lecturer
WARNING 2026-06-02 16:45:16,594 log 47744 24960 Not Found: /socket.io/
WARNING 2026-06-02 16:45:16,597 basehttp 47744 24960 "GET /socket.io/?EIO=4&transport=polling&t=owkjxpgg HTTP/1.1" 404 2584
INFO 2026-06-02 16:45:16,607 views 47744 27268 Dashboard data returned for user 13
INFO 2026-06-02 16:45:16,608 basehttp 47744 27268 "GET /api/accounts/dashboard/lecturer/ HTTP/1.1" 200 222
INFO 2026-06-02 16:45:16,615 views 47744 33568 Dashboard request for user 13: lecturer@zetech.ac.ke, type: lecturer
INFO 2026-06-02 16:45:16,621 views 47744 33568 Dashboard data returned for user 13
INFO 2026-06-02 16:45:16,622 basehttp 47744 33568 "GET /api/accounts/dashboard/lecturer/ HTTP/1.1" 200 222
WARNING 2026-06-02 16:45:17,683 log 47744 24960 Not Found: /socket.io/
WARNING 2026-06-02 16:45:17,684 basehttp 47744 24960 "GET /socket.io/?EIO=4&transport=polling&t=owlf1fyf HTTP/1.1" 404 2584
WARNING 2026-06-02 16:45:19,692 log 47744 24960 Not Found: /socket.io/
WARNING 2026-06-02 16:45:19,692 basehttp 47744 24960 "GET /socket.io/?EIO=4&transport=polling&t=owmyt3s1 HTTP/1.1" 404 2584
WARNING 2026-06-02 16:45:24,716 log 47744 24960 Not Found: /socket.io/
WARNING 2026-06-02 16:45:24,717 basehttp 47744 24960 "GET /socket.io/?EIO=4&transport=polling&t=owqu33sd HTTP/1.1" 404 2584
WARNING 2026-06-02 16:45:29,731 log 47744 24960 Not Found: /socket.io/
WARNING 2026-06-02 16:45:29,732 basehttp 47744 24960 "GET /socket.io/?EIO=4&transport=polling&t=owupq0zi HTTP/1.1" 404 2584
WARNING 2026-06-02 16:45:34,757 log 47744 24960 Not Found: /socket.io/
WARNING 2026-06-02 16:45:34,758 basehttp 47744 24960 "GET /socket.io/?EIO=4&transport=polling&t=owyl7i4g HTTP/1.1" 404 2584
WARNING 2026-06-02 16:51:41,259 log 47744 48308 Unauthorized: /api/accounts/dashboard/lecturer/
WARNING 2026-06-02 16:51:41,275 basehttp 47744 48308 "GET /api/accounts/dashboard/lecturer/ HTTP/1.1" 401 172
WARNING 2026-06-02 16:51:41,443 log 47744 39972 Not Found: /socket.io/
WARNING 2026-06-02 16:51:41,444 basehttp 47744 39972 "GET /socket.io/?EIO=4&transport=polling&t=p4t9ghcq HTTP/1.1" 404 2584
INFO 2026-06-02 19:27:52,394 basehttp 47744 40016 "OPTIONS /api/login/ HTTP/1.1" 200 0
WARNING 2026-06-02 19:27:55,708 log 47744 40016 Bad Request: /api/login/
WARNING 2026-06-02 19:27:55,710 basehttp 47744 40016 "POST /api/login/ HTTP/1.1" 400 75
INFO 2026-06-02 19:30:02,769 basehttp 47744 40016 "OPTIONS /api/signup/ HTTP/1.1" 200 0
WARNING 2026-06-02 19:30:02,874 log 47744 40016 Not Found: /api/signup/
WARNING 2026-06-02 19:30:02,876 basehttp 47744 40016 "POST /api/signup/ HTTP/1.1" 404 2545
WARNING 2026-06-02 19:30:53,925 log 47744 40016 Not Found: /api/signup/
WARNING 2026-06-02 19:30:53,934 basehttp 47744 40016 "POST /api/signup/ HTTP/1.1" 404 2545
WARNING 2026-06-02 19:31:18,037 log 47744 40016 Not Found: /api/signup/
WARNING 2026-06-02 19:31:18,041 basehttp 47744 40016 "POST /api/signup/ HTTP/1.1" 404 2545
WARNING 2026-06-02 19:35:41,532 views 47744 47852 Google token verification failed, using unverified decode fallback: No module named 'google'
ERROR 2026-06-02 19:35:41,796 views 47744 47852 Google login failed: {'password': ['This field cannot be blank.'], 'email': ['Only @zetech.ac.ke emails are allowed.']}
Traceback (most recent call last):
  File "C:\Users\Administrator\Desktop\GroupHub\env\Lib\site-packages\django\db\models\query.py", line 946, in get_or_create
    return self.get(**kwargs), False
           ~~~~~~~~^^^^^^^^^^
  File "C:\Users\Administrator\Desktop\GroupHub\env\Lib\site-packages\django\db\models\query.py", line 633, in get
    raise self.model.DoesNotExist(
        "%s matching query does not exist." % self.model._meta.object_name
    )
accounts.models.User.DoesNotExist: User matching query does not exist.

During handling of the above exception, another exception occurred:

Traceback (most recent call last):
  File "C:\Users\Administrator\Desktop\GroupHub\backend\accounts\views.py", line 93, in post
    user, created = User.objects.get_or_create(
                    ~~~~~~~~~~~~~~~~~~~~~~~~~~^
        email=email,
        ^^^^^^^^^^^^
    ...<8 lines>...
        },
        ^^
    )
    ^
  File "C:\Users\Administrator\Desktop\GroupHub\env\Lib\site-packages\django\db\models\manager.py", line 87, in manager_method
    return getattr(self.get_queryset(), name)(*args, **kwargs)
           ~~~~~~~~~~~~~~~~~~~~~~~~~~~~~~~~~~^^^^^^^^^^^^^^^^^
  File "C:\Users\Administrator\Desktop\GroupHub\env\Lib\site-packages\django\db\models\query.py", line 953, in get_or_create
    return self.create(**params), True
           ~~~~~~~~~~~^^^^^^^^^^
  File "C:\Users\Administrator\Desktop\GroupHub\env\Lib\site-packages\django\db\models\query.py", line 663, in create
    obj.save(force_insert=True, using=self.db)
    ~~~~~~~~^^^^^^^^^^^^^^^^^^^^^^^^^^^^^^^^^^
  File "C:\Users\Administrator\Desktop\GroupHub\backend\accounts\models.py", line 58, in save
    self.full_clean()
    ~~~~~~~~~~~~~~~^^
  File "C:\Users\Administrator\Desktop\GroupHub\env\Lib\site-packages\django\db\models\base.py", line 1679, in full_clean
    raise ValidationError(errors)
django.core.exceptions.ValidationError: {'password': ['This field cannot be blank.'], 'email': ['Only @zetech.ac.ke emails are allowed.']}
ERROR 2026-06-02 19:35:42,325 log 47744 47852 Internal Server Error: /api/accounts/google/login/
ERROR 2026-06-02 19:35:42,329 basehttp 47744 47852 "POST /api/accounts/google/login/ HTTP/1.1" 500 31
INFO 2026-06-02 19:36:25,298 basehttp 47744 6712 "POST /api/login/ HTTP/1.1" 200 491
INFO 2026-06-02 19:36:26,124 views 47744 11244 Dashboard request for user 13: lecturer@zetech.ac.ke, type: lecturer
INFO 2026-06-02 19:36:26,171 views 47744 11244 Dashboard data returned for user 13
INFO 2026-06-02 19:36:26,173 basehttp 47744 11244 "GET /api/accounts/dashboard/lecturer/ HTTP/1.1" 200 222
INFO 2026-06-02 19:36:26,184 views 47744 14136 Dashboard request for user 13: lecturer@zetech.ac.ke, type: lecturer
INFO 2026-06-02 19:36:26,196 views 47744 14136 Dashboard data returned for user 13
INFO 2026-06-02 19:36:26,198 basehttp 47744 14136 "GET /api/accounts/dashboard/lecturer/ HTTP/1.1" 200 222
WARNING 2026-06-02 19:36:26,459 log 47744 17380 Not Found: /socket.io/
WARNING 2026-06-02 19:36:26,462 log 47744 1816 Not Found: /socket.io/
WARNING 2026-06-02 19:36:26,463 basehttp 47744 17380 "GET /socket.io/?EIO=4&transport=polling&t=v0olchcn HTTP/1.1" 404 2584
WARNING 2026-06-02 19:36:26,464 basehttp 47744 1816 "GET /socket.io/?EIO=4&transport=polling&t=v0ol4tyd HTTP/1.1" 404 2584
WARNING 2026-06-02 19:36:27,683 log 47744 1816 Not Found: /socket.io/
WARNING 2026-06-02 19:36:27,684 basehttp 47744 1816 "GET /socket.io/?EIO=4&transport=polling&t=v0psp4gj HTTP/1.1" 404 2584
WARNING 2026-06-02 19:36:30,288 log 47744 1816 Not Found: /socket.io/
WARNING 2026-06-02 19:36:30,289 basehttp 47744 1816 "GET /socket.io/?EIO=4&transport=polling&t=v0rsp3gi HTTP/1.1" 404 2584
WARNING 2026-06-02 19:36:35,313 log 47744 1816 Not Found: /socket.io/
WARNING 2026-06-02 19:36:35,314 basehttp 47744 1816 "GET /socket.io/?EIO=4&transport=polling&t=v0vofqpk HTTP/1.1" 404 2584
WARNING 2026-06-02 19:36:40,335 log 47744 1816 Not Found: /socket.io/
WARNING 2026-06-02 19:36:40,336 basehttp 47744 1816 "GET /socket.io/?EIO=4&transport=polling&t=v0zk0kkz HTTP/1.1" 404 2584
WARNING 2026-06-02 19:36:46,008 log 47744 1816 Not Found: /socket.io/
WARNING 2026-06-02 19:36:46,009 basehttp 47744 1816 "GET /socket.io/?EIO=4&transport=polling&t=v13xge21 HTTP/1.1" 404 2584
INFO 2026-06-03 20:33:56,052 autoreload 21676 25816 Watching for file changes with StatReloader
INFO 2026-06-03 20:34:19,847 basehttp 21676 25176 "POST /api/login/ HTTP/1.1" 200 491
INFO 2026-06-03 20:34:20,012 views 21676 19608 Dashboard request for user 13: lecturer@zetech.ac.ke, type: lecturer
INFO 2026-06-03 20:34:20,027 views 21676 19608 Dashboard data returned for user 13
INFO 2026-06-03 20:34:20,029 basehttp 21676 19608 "GET /api/accounts/dashboard/lecturer/ HTTP/1.1" 200 222
INFO 2026-06-03 20:34:20,036 views 21676 8272 Dashboard request for user 13: lecturer@zetech.ac.ke, type: lecturer
INFO 2026-06-03 20:34:20,043 views 21676 8272 Dashboard data returned for user 13
INFO 2026-06-03 20:34:20,043 basehttp 21676 8272 "GET /api/accounts/dashboard/lecturer/ HTTP/1.1" 200 222
WARNING 2026-06-03 20:34:20,467 log 21676 25300 Not Found: /socket.io/
WARNING 2026-06-03 20:34:20,468 log 21676 26288 Not Found: /socket.io/
WARNING 2026-06-03 20:34:20,469 basehttp 21676 25300 "GET /socket.io/?EIO=4&transport=polling&t=cizq6tw1 HTTP/1.1" 404 2584
WARNING 2026-06-03 20:34:20,469 basehttp 21676 26288 "GET /socket.io/?EIO=4&transport=polling&t=cizq9ttg HTTP/1.1" 404 2584
WARNING 2026-06-03 20:34:25,468 log 21676 26288 Not Found: /socket.io/
WARNING 2026-06-03 20:34:25,476 log 21676 25300 Not Found: /socket.io/
WARNING 2026-06-03 20:34:25,476 basehttp 21676 26288 "GET /socket.io/?EIO=4&transport=polling&t=cj3xw5vi HTTP/1.1" 404 2584
INFO 2026-06-03 20:34:25,478 views 21676 24748 Dashboard request for user 13: lecturer@zetech.ac.ke, type: lecturer
WARNING 2026-06-03 20:34:25,478 basehttp 21676 25300 "GET /socket.io/?EIO=4&transport=polling&t=cj3xxnra HTTP/1.1" 404 2584
INFO 2026-06-03 20:34:25,486 views 21676 24748 Dashboard data returned for user 13
INFO 2026-06-03 20:34:25,487 basehttp 21676 24748 "GET /api/accounts/dashboard/lecturer/ HTTP/1.1" 200 222
INFO 2026-06-03 20:34:25,493 views 21676 26552 Dashboard request for user 13: lecturer@zetech.ac.ke, type: lecturer
INFO 2026-06-03 20:34:25,500 views 21676 26552 Dashboard data returned for user 13
INFO 2026-06-03 20:34:25,501 basehttp 21676 26552 "GET /api/accounts/dashboard/lecturer/ HTTP/1.1" 200 222
WARNING 2026-06-03 20:34:26,938 log 21676 25300 Not Found: /socket.io/
WARNING 2026-06-03 20:34:26,946 log 21676 26288 Not Found: /socket.io/
WARNING 2026-06-03 20:34:26,947 basehttp 21676 25300 "GET /socket.io/?EIO=4&transport=polling&t=cj52nfgg HTTP/1.1" 404 2584
WARNING 2026-06-03 20:34:26,947 basehttp 21676 26288 "GET /socket.io/?EIO=4&transport=polling&t=cj52oaa1 HTTP/1.1" 404 2584
INFO 2026-06-03 20:34:26,949 views 21676 26688 Dashboard request for user 13: lecturer@zetech.ac.ke, type: lecturer
INFO 2026-06-03 20:34:26,956 views 21676 26688 Dashboard data returned for user 13
INFO 2026-06-03 20:34:26,956 basehttp 21676 26688 "GET /api/accounts/dashboard/lecturer/ HTTP/1.1" 200 222
INFO 2026-06-03 20:34:26,963 views 21676 25384 Dashboard request for user 13: lecturer@zetech.ac.ke, type: lecturer
INFO 2026-06-03 20:34:26,968 views 21676 25384 Dashboard data returned for user 13
INFO 2026-06-03 20:34:26,969 basehttp 21676 25384 "GET /api/accounts/dashboard/lecturer/ HTTP/1.1" 200 222
